ISO-10303-21;
HEADER;
FILE_DESCRIPTION(('Open CASCADE Model'),'2;1');
FILE_NAME('Open CASCADE Shape Model','2026-10-01T13:45:37',('Author'),(
    'Open CASCADE'),'Open CASCADE STEP processor 8.0','build123d',
  'Unknown');
FILE_SCHEMA(('AUTOMOTIVE_DESIGN { 1 0 10303 214 1 1 1 1 }'));
ENDSEC;
DATA;
#1 = APPLICATION_PROTOCOL_DEFINITION('international standard',
  'automotive_design',2000,#2);
#2 = APPLICATION_CONTEXT(
  'core data for automotive mechanical design processes');
#3 = SHAPE_DEFINITION_REPRESENTATION(#4,#10);
#4 = PRODUCT_DEFINITION_SHAPE('','',#5);
#5 = PRODUCT_DEFINITION('design','',#6,#9);
#6 = PRODUCT_DEFINITION_FORMATION('','',#7);
#7 = PRODUCT('COMPOUND','COMPOUND','',(#8));
#8 = PRODUCT_CONTEXT('',#2,'mechanical');
#9 = PRODUCT_DEFINITION_CONTEXT('part definition',#2,'design');
#10 = SHAPE_REPRESENTATION('',(#11,#15,#2025,#11747,#13033),#13699);
#11 = AXIS2_PLACEMENT_3D('',#12,#13,#14);
#12 = CARTESIAN_POINT('',(0.,0.,0.));
#13 = DIRECTION('',(0.,0.,1.));
#14 = DIRECTION('',(1.,0.,-0.));
#15 = MANIFOLD_SOLID_BREP('',#16);
#16 = CLOSED_SHELL('',(#17,#137,#213,#882,#931,#1478,#1485,#1512,#1539,
    #1566,#1593,#1620,#1647,#1674,#1701,#1728,#1755,#1782,#1809,#1836,
    #1863,#1890,#1917,#1944,#1971,#1998));
#17 = ADVANCED_FACE('',(#18),#32,.F.);
#18 = FACE_BOUND('',#19,.F.);
#19 = EDGE_LOOP('',(#20,#55,#83,#111));
#20 = ORIENTED_EDGE('',*,*,#21,.F.);
#21 = EDGE_CURVE('',#22,#24,#26,.T.);
#22 = VERTEX_POINT('',#23);
#23 = CARTESIAN_POINT('',(-110.,-70.,4.));
#24 = VERTEX_POINT('',#25);
#25 = CARTESIAN_POINT('',(-110.,-70.,7.));
#26 = SURFACE_CURVE('',#27,(#31,#43),.PCURVE_S1.);
#27 = LINE('',#28,#29);
#28 = CARTESIAN_POINT('',(-110.,-70.,4.));
#29 = VECTOR('',#30,1.);
#30 = DIRECTION('',(0.,0.,1.));
#31 = PCURVE('',#32,#37);
#32 = PLANE('',#33);
#33 = AXIS2_PLACEMENT_3D('',#34,#35,#36);
#34 = CARTESIAN_POINT('',(-110.,-70.,4.));
#35 = DIRECTION('',(1.,0.,-0.));
#36 = DIRECTION('',(0.,0.,1.));
#37 = DEFINITIONAL_REPRESENTATION('',(#38),#42);
#38 = LINE('',#39,#40);
#39 = CARTESIAN_POINT('',(0.,0.));
#40 = VECTOR('',#41,1.);
#41 = DIRECTION('',(1.,0.));
#42 = ( GEOMETRIC_REPRESENTATION_CONTEXT(2) 
PARAMETRIC_REPRESENTATION_CONTEXT() REPRESENTATION_CONTEXT('2D SPACE',''
  ) );
#43 = PCURVE('',#44,#49);
#44 = PLANE('',#45);
#45 = AXIS2_PLACEMENT_3D('',#46,#47,#48);
#46 = CARTESIAN_POINT('',(-110.,-70.,4.));
#47 = DIRECTION('',(-0.,1.,0.));
#48 = DIRECTION('',(0.,0.,1.));
#49 = DEFINITIONAL_REPRESENTATION('',(#50),#54);
#50 = LINE('',#51,#52);
#51 = CARTESIAN_POINT('',(0.,0.));
#52 = VECTOR('',#53,1.);
#53 = DIRECTION('',(1.,0.));
#54 = ( GEOMETRIC_REPRESENTATION_CONTEXT(2) 
PARAMETRIC_REPRESENTATION_CONTEXT() REPRESENTATION_CONTEXT('2D SPACE',''
  ) );
#55 = ORIENTED_EDGE('',*,*,#56,.T.);
#56 = EDGE_CURVE('',#22,#57,#59,.T.);
#57 = VERTEX_POINT('',#58);
#58 = CARTESIAN_POINT('',(-110.,70.,4.));
#59 = SURFACE_CURVE('',#60,(#64,#71),.PCURVE_S1.);
#60 = LINE('',#61,#62);
#61 = CARTESIAN_POINT('',(-110.,-70.,4.));
#62 = VECTOR('',#63,1.);
#63 = DIRECTION('',(-0.,1.,0.));
#64 = PCURVE('',#32,#65);
#65 = DEFINITIONAL_REPRESENTATION('',(#66),#70);
#66 = LINE('',#67,#68);
#67 = CARTESIAN_POINT('',(0.,0.));
#68 = VECTOR('',#69,1.);
#69 = DIRECTION('',(0.,-1.));
#70 = ( GEOMETRIC_REPRESENTATION_CONTEXT(2) 
PARAMETRIC_REPRESENTATION_CONTEXT() REPRESENTATION_CONTEXT('2D SPACE',''
  ) );
#71 = PCURVE('',#72,#77);
#72 = PLANE('',#73);
#73 = AXIS2_PLACEMENT_3D('',#74,#75,#76);
#74 = CARTESIAN_POINT('',(-110.,-70.,4.));
#75 = DIRECTION('',(0.,0.,1.));
#76 = DIRECTION('',(1.,0.,-0.));
#77 = DEFINITIONAL_REPRESENTATION('',(#78),#82);
#78 = LINE('',#79,#80);
#79 = CARTESIAN_POINT('',(0.,0.));
#80 = VECTOR('',#81,1.);
#81 = DIRECTION('',(0.,1.));
#82 = ( GEOMETRIC_REPRESENTATION_CONTEXT(2) 
PARAMETRIC_REPRESENTATION_CONTEXT() REPRESENTATION_CONTEXT('2D SPACE',''
  ) );
#83 = ORIENTED_EDGE('',*,*,#84,.T.);
#84 = EDGE_CURVE('',#57,#85,#87,.T.);
#85 = VERTEX_POINT('',#86);
#86 = CARTESIAN_POINT('',(-110.,70.,7.));
#87 = SURFACE_CURVE('',#88,(#92,#99),.PCURVE_S1.);
#88 = LINE('',#89,#90);
#89 = CARTESIAN_POINT('',(-110.,70.,4.));
#90 = VECTOR('',#91,1.);
#91 = DIRECTION('',(0.,0.,1.));
#92 = PCURVE('',#32,#93);
#93 = DEFINITIONAL_REPRESENTATION('',(#94),#98);
#94 = LINE('',#95,#96);
#95 = CARTESIAN_POINT('',(0.,-140.));
#96 = VECTOR('',#97,1.);
#97 = DIRECTION('',(1.,0.));
#98 = ( GEOMETRIC_REPRESENTATION_CONTEXT(2) 
PARAMETRIC_REPRESENTATION_CONTEXT() REPRESENTATION_CONTEXT('2D SPACE',''
  ) );
#99 = PCURVE('',#100,#105);
#100 = PLANE('',#101);
#101 = AXIS2_PLACEMENT_3D('',#102,#103,#104);
#102 = CARTESIAN_POINT('',(-110.,70.,4.));
#103 = DIRECTION('',(-0.,1.,0.));
#104 = DIRECTION('',(0.,0.,1.));
#105 = DEFINITIONAL_REPRESENTATION('',(#106),#110);
#106 = LINE('',#107,#108);
#107 = CARTESIAN_POINT('',(0.,0.));
#108 = VECTOR('',#109,1.);
#109 = DIRECTION('',(1.,0.));
#110 = ( GEOMETRIC_REPRESENTATION_CONTEXT(2) 
PARAMETRIC_REPRESENTATION_CONTEXT() REPRESENTATION_CONTEXT('2D SPACE',''
  ) );
#111 = ORIENTED_EDGE('',*,*,#112,.F.);
#112 = EDGE_CURVE('',#24,#85,#113,.T.);
#113 = SURFACE_CURVE('',#114,(#118,#125),.PCURVE_S1.);
#114 = LINE('',#115,#116);
#115 = CARTESIAN_POINT('',(-110.,-70.,7.));
#116 = VECTOR('',#117,1.);
#117 = DIRECTION('',(-0.,1.,0.));
#118 = PCURVE('',#32,#119);
#119 = DEFINITIONAL_REPRESENTATION('',(#120),#124);
#120 = LINE('',#121,#122);
#121 = CARTESIAN_POINT('',(3.,0.));
#122 = VECTOR('',#123,1.);
#123 = DIRECTION('',(0.,-1.));
#124 = ( GEOMETRIC_REPRESENTATION_CONTEXT(2) 
PARAMETRIC_REPRESENTATION_CONTEXT() REPRESENTATION_CONTEXT('2D SPACE',''
  ) );
#125 = PCURVE('',#126,#131);
#126 = PLANE('',#127);
#127 = AXIS2_PLACEMENT_3D('',#128,#129,#130);
#128 = CARTESIAN_POINT('',(-110.,-70.,7.));
#129 = DIRECTION('',(0.,0.,1.));
#130 = DIRECTION('',(1.,0.,-0.));
#131 = DEFINITIONAL_REPRESENTATION('',(#132),#136);
#132 = LINE('',#133,#134);
#133 = CARTESIAN_POINT('',(0.,0.));
#134 = VECTOR('',#135,1.);
#135 = DIRECTION('',(0.,1.));
#136 = ( GEOMETRIC_REPRESENTATION_CONTEXT(2) 
PARAMETRIC_REPRESENTATION_CONTEXT() REPRESENTATION_CONTEXT('2D SPACE',''
  ) );
#137 = ADVANCED_FACE('',(#138),#44,.F.);
#138 = FACE_BOUND('',#139,.F.);
#139 = EDGE_LOOP('',(#140,#163,#164,#187));
#140 = ORIENTED_EDGE('',*,*,#141,.F.);
#141 = EDGE_CURVE('',#22,#142,#144,.T.);
#142 = VERTEX_POINT('',#143);
#143 = CARTESIAN_POINT('',(110.,-70.,4.));
#144 = SURFACE_CURVE('',#145,(#149,#156),.PCURVE_S1.);
#145 = LINE('',#146,#147);
#146 = CARTESIAN_POINT('',(-110.,-70.,4.));
#147 = VECTOR('',#148,1.);
#148 = DIRECTION('',(1.,0.,-0.));
#149 = PCURVE('',#44,#150);
#150 = DEFINITIONAL_REPRESENTATION('',(#151),#155);
#151 = LINE('',#152,#153);
#152 = CARTESIAN_POINT('',(0.,0.));
#153 = VECTOR('',#154,1.);
#154 = DIRECTION('',(0.,1.));
#155 = ( GEOMETRIC_REPRESENTATION_CONTEXT(2) 
PARAMETRIC_REPRESENTATION_CONTEXT() REPRESENTATION_CONTEXT('2D SPACE',''
  ) );
#156 = PCURVE('',#72,#157);
#157 = DEFINITIONAL_REPRESENTATION('',(#158),#162);
#158 = LINE('',#159,#160);
#159 = CARTESIAN_POINT('',(0.,0.));
#160 = VECTOR('',#161,1.);
#161 = DIRECTION('',(1.,0.));
#162 = ( GEOMETRIC_REPRESENTATION_CONTEXT(2) 
PARAMETRIC_REPRESENTATION_CONTEXT() REPRESENTATION_CONTEXT('2D SPACE',''
  ) );
#163 = ORIENTED_EDGE('',*,*,#21,.T.);
#164 = ORIENTED_EDGE('',*,*,#165,.T.);
#165 = EDGE_CURVE('',#24,#166,#168,.T.);
#166 = VERTEX_POINT('',#167);
#167 = CARTESIAN_POINT('',(110.,-70.,7.));
#168 = SURFACE_CURVE('',#169,(#173,#180),.PCURVE_S1.);
#169 = LINE('',#170,#171);
#170 = CARTESIAN_POINT('',(-110.,-70.,7.));
#171 = VECTOR('',#172,1.);
#172 = DIRECTION('',(1.,0.,-0.));
#173 = PCURVE('',#44,#174);
#174 = DEFINITIONAL_REPRESENTATION('',(#175),#179);
#175 = LINE('',#176,#177);
#176 = CARTESIAN_POINT('',(3.,0.));
#177 = VECTOR('',#178,1.);
#178 = DIRECTION('',(0.,1.));
#179 = ( GEOMETRIC_REPRESENTATION_CONTEXT(2) 
PARAMETRIC_REPRESENTATION_CONTEXT() REPRESENTATION_CONTEXT('2D SPACE',''
  ) );
#180 = PCURVE('',#126,#181);
#181 = DEFINITIONAL_REPRESENTATION('',(#182),#186);
#182 = LINE('',#183,#184);
#183 = CARTESIAN_POINT('',(0.,0.));
#184 = VECTOR('',#185,1.);
#185 = DIRECTION('',(1.,0.));
#186 = ( GEOMETRIC_REPRESENTATION_CONTEXT(2) 
PARAMETRIC_REPRESENTATION_CONTEXT() REPRESENTATION_CONTEXT('2D SPACE',''
  ) );
#187 = ORIENTED_EDGE('',*,*,#188,.F.);
#188 = EDGE_CURVE('',#142,#166,#189,.T.);
#189 = SURFACE_CURVE('',#190,(#194,#201),.PCURVE_S1.);
#190 = LINE('',#191,#192);
#191 = CARTESIAN_POINT('',(110.,-70.,4.));
#192 = VECTOR('',#193,1.);
#193 = DIRECTION('',(0.,0.,1.));
#194 = PCURVE('',#44,#195);
#195 = DEFINITIONAL_REPRESENTATION('',(#196),#200);
#196 = LINE('',#197,#198);
#197 = CARTESIAN_POINT('',(0.,220.));
#198 = VECTOR('',#199,1.);
#199 = DIRECTION('',(1.,0.));
#200 = ( GEOMETRIC_REPRESENTATION_CONTEXT(2) 
PARAMETRIC_REPRESENTATION_CONTEXT() REPRESENTATION_CONTEXT('2D SPACE',''
  ) );
#201 = PCURVE('',#202,#207);
#202 = PLANE('',#203);
#203 = AXIS2_PLACEMENT_3D('',#204,#205,#206);
#204 = CARTESIAN_POINT('',(110.,-70.,4.));
#205 = DIRECTION('',(1.,0.,-0.));
#206 = DIRECTION('',(0.,0.,1.));
#207 = DEFINITIONAL_REPRESENTATION('',(#208),#212);
#208 = LINE('',#209,#210);
#209 = CARTESIAN_POINT('',(0.,0.));
#210 = VECTOR('',#211,1.);
#211 = DIRECTION('',(1.,0.));
#212 = ( GEOMETRIC_REPRESENTATION_CONTEXT(2) 
PARAMETRIC_REPRESENTATION_CONTEXT() REPRESENTATION_CONTEXT('2D SPACE',''
  ) );
#213 = ADVANCED_FACE('',(#214,#262,#293,#324,#355,#386,#417,#448,#479,
    #510,#541,#572,#603,#634,#665,#696,#727,#758,#789,#820,#851),#126,
  .T.);
#214 = FACE_BOUND('',#215,.T.);
#215 = EDGE_LOOP('',(#216,#217,#218,#241));
#216 = ORIENTED_EDGE('',*,*,#112,.F.);
#217 = ORIENTED_EDGE('',*,*,#165,.T.);
#218 = ORIENTED_EDGE('',*,*,#219,.T.);
#219 = EDGE_CURVE('',#166,#220,#222,.T.);
#220 = VERTEX_POINT('',#221);
#221 = CARTESIAN_POINT('',(110.,70.,7.));
#222 = SURFACE_CURVE('',#223,(#227,#234),.PCURVE_S1.);
#223 = LINE('',#224,#225);
#224 = CARTESIAN_POINT('',(110.,-70.,7.));
#225 = VECTOR('',#226,1.);
#226 = DIRECTION('',(-0.,1.,0.));
#227 = PCURVE('',#126,#228);
#228 = DEFINITIONAL_REPRESENTATION('',(#229),#233);
#229 = LINE('',#230,#231);
#230 = CARTESIAN_POINT('',(220.,0.));
#231 = VECTOR('',#232,1.);
#232 = DIRECTION('',(0.,1.));
#233 = ( GEOMETRIC_REPRESENTATION_CONTEXT(2) 
PARAMETRIC_REPRESENTATION_CONTEXT() REPRESENTATION_CONTEXT('2D SPACE',''
  ) );
#234 = PCURVE('',#202,#235);
#235 = DEFINITIONAL_REPRESENTATION('',(#236),#240);
#236 = LINE('',#237,#238);
#237 = CARTESIAN_POINT('',(3.,0.));
#238 = VECTOR('',#239,1.);
#239 = DIRECTION('',(0.,-1.));
#240 = ( GEOMETRIC_REPRESENTATION_CONTEXT(2) 
PARAMETRIC_REPRESENTATION_CONTEXT() REPRESENTATION_CONTEXT('2D SPACE',''
  ) );
#241 = ORIENTED_EDGE('',*,*,#242,.F.);
#242 = EDGE_CURVE('',#85,#220,#243,.T.);
#243 = SURFACE_CURVE('',#244,(#248,#255),.PCURVE_S1.);
#244 = LINE('',#245,#246);
#245 = CARTESIAN_POINT('',(-110.,70.,7.));
#246 = VECTOR('',#247,1.);
#247 = DIRECTION('',(1.,0.,-0.));
#248 = PCURVE('',#126,#249);
#249 = DEFINITIONAL_REPRESENTATION('',(#250),#254);
#250 = LINE('',#251,#252);
#251 = CARTESIAN_POINT('',(0.,140.));
#252 = VECTOR('',#253,1.);
#253 = DIRECTION('',(1.,0.));
#254 = ( GEOMETRIC_REPRESENTATION_CONTEXT(2) 
PARAMETRIC_REPRESENTATION_CONTEXT() REPRESENTATION_CONTEXT('2D SPACE',''
  ) );
#255 = PCURVE('',#100,#256);
#256 = DEFINITIONAL_REPRESENTATION('',(#257),#261);
#257 = LINE('',#258,#259);
#258 = CARTESIAN_POINT('',(3.,0.));
#259 = VECTOR('',#260,1.);
#260 = DIRECTION('',(0.,1.));
#261 = ( GEOMETRIC_REPRESENTATION_CONTEXT(2) 
PARAMETRIC_REPRESENTATION_CONTEXT() REPRESENTATION_CONTEXT('2D SPACE',''
  ) );
#262 = FACE_BOUND('',#263,.T.);
#263 = EDGE_LOOP('',(#264));
#264 = ORIENTED_EDGE('',*,*,#265,.F.);
#265 = EDGE_CURVE('',#266,#266,#268,.T.);
#266 = VERTEX_POINT('',#267);
#267 = CARTESIAN_POINT('',(-100.25,-62.5,7.));
#268 = SURFACE_CURVE('',#269,(#274,#281),.PCURVE_S1.);
#269 = CIRCLE('',#270,2.25);
#270 = AXIS2_PLACEMENT_3D('',#271,#272,#273);
#271 = CARTESIAN_POINT('',(-102.5,-62.5,7.));
#272 = DIRECTION('',(0.,0.,1.));
#273 = DIRECTION('',(1.,0.,-0.));
#274 = PCURVE('',#126,#275);
#275 = DEFINITIONAL_REPRESENTATION('',(#276),#280);
#276 = CIRCLE('',#277,2.25);
#277 = AXIS2_PLACEMENT_2D('',#278,#279);
#278 = CARTESIAN_POINT('',(7.5,7.5));
#279 = DIRECTION('',(1.,0.));
#280 = ( GEOMETRIC_REPRESENTATION_CONTEXT(2) 
PARAMETRIC_REPRESENTATION_CONTEXT() REPRESENTATION_CONTEXT('2D SPACE',''
  ) );
#281 = PCURVE('',#282,#287);
#282 = CYLINDRICAL_SURFACE('',#283,2.25);
#283 = AXIS2_PLACEMENT_3D('',#284,#285,#286);
#284 = CARTESIAN_POINT('',(-102.5,-62.5,3.));
#285 = DIRECTION('',(0.,0.,1.));
#286 = DIRECTION('',(1.,0.,-0.));
#287 = DEFINITIONAL_REPRESENTATION('',(#288),#292);
#288 = LINE('',#289,#290);
#289 = CARTESIAN_POINT('',(0.,4.));
#290 = VECTOR('',#291,1.);
#291 = DIRECTION('',(1.,0.));
#292 = ( GEOMETRIC_REPRESENTATION_CONTEXT(2) 
PARAMETRIC_REPRESENTATION_CONTEXT() REPRESENTATION_CONTEXT('2D SPACE',''
  ) );
#293 = FACE_BOUND('',#294,.T.);
#294 = EDGE_LOOP('',(#295));
#295 = ORIENTED_EDGE('',*,*,#296,.F.);
#296 = EDGE_CURVE('',#297,#297,#299,.T.);
#297 = VERTEX_POINT('',#298);
#298 = CARTESIAN_POINT('',(-85.5,-50.,7.));
#299 = SURFACE_CURVE('',#300,(#305,#312),.PCURVE_S1.);
#300 = CIRCLE('',#301,4.5);
#301 = AXIS2_PLACEMENT_3D('',#302,#303,#304);
#302 = CARTESIAN_POINT('',(-90.,-50.,7.));
#303 = DIRECTION('',(0.,0.,1.));
#304 = DIRECTION('',(1.,0.,-0.));
#305 = PCURVE('',#126,#306);
#306 = DEFINITIONAL_REPRESENTATION('',(#307),#311);
#307 = CIRCLE('',#308,4.5);
#308 = AXIS2_PLACEMENT_2D('',#309,#310);
#309 = CARTESIAN_POINT('',(20.,20.));
#310 = DIRECTION('',(1.,0.));
#311 = ( GEOMETRIC_REPRESENTATION_CONTEXT(2) 
PARAMETRIC_REPRESENTATION_CONTEXT() REPRESENTATION_CONTEXT('2D SPACE',''
  ) );
#312 = PCURVE('',#313,#318);
#313 = CYLINDRICAL_SURFACE('',#314,4.5);
#314 = AXIS2_PLACEMENT_3D('',#315,#316,#317);
#315 = CARTESIAN_POINT('',(-90.,-50.,3.));
#316 = DIRECTION('',(0.,0.,1.));
#317 = DIRECTION('',(1.,0.,-0.));
#318 = DEFINITIONAL_REPRESENTATION('',(#319),#323);
#319 = LINE('',#320,#321);
#320 = CARTESIAN_POINT('',(0.,4.));
#321 = VECTOR('',#322,1.);
#322 = DIRECTION('',(1.,0.));
#323 = ( GEOMETRIC_REPRESENTATION_CONTEXT(2) 
PARAMETRIC_REPRESENTATION_CONTEXT() REPRESENTATION_CONTEXT('2D SPACE',''
  ) );
#324 = FACE_BOUND('',#325,.T.);
#325 = EDGE_LOOP('',(#326));
#326 = ORIENTED_EDGE('',*,*,#327,.F.);
#327 = EDGE_CURVE('',#328,#328,#330,.T.);
#328 = VERTEX_POINT('',#329);
#329 = CARTESIAN_POINT('',(-78.75,-44.,7.));
#330 = SURFACE_CURVE('',#331,(#336,#343),.PCURVE_S1.);
#331 = CIRCLE('',#332,1.25);
#332 = AXIS2_PLACEMENT_3D('',#333,#334,#335);
#333 = CARTESIAN_POINT('',(-80.,-44.,7.));
#334 = DIRECTION('',(0.,0.,1.));
#335 = DIRECTION('',(1.,0.,-0.));
#336 = PCURVE('',#126,#337);
#337 = DEFINITIONAL_REPRESENTATION('',(#338),#342);
#338 = CIRCLE('',#339,1.25);
#339 = AXIS2_PLACEMENT_2D('',#340,#341);
#340 = CARTESIAN_POINT('',(30.,26.));
#341 = DIRECTION('',(1.,0.));
#342 = ( GEOMETRIC_REPRESENTATION_CONTEXT(2) 
PARAMETRIC_REPRESENTATION_CONTEXT() REPRESENTATION_CONTEXT('2D SPACE',''
  ) );
#343 = PCURVE('',#344,#349);
#344 = CYLINDRICAL_SURFACE('',#345,1.25);
#345 = AXIS2_PLACEMENT_3D('',#346,#347,#348);
#346 = CARTESIAN_POINT('',(-80.,-44.,3.));
#347 = DIRECTION('',(0.,0.,1.));
#348 = DIRECTION('',(1.,0.,-0.));
#349 = DEFINITIONAL_REPRESENTATION('',(#350),#354);
#350 = LINE('',#351,#352);
#351 = CARTESIAN_POINT('',(0.,4.));
#352 = VECTOR('',#353,1.);
#353 = DIRECTION('',(1.,0.));
#354 = ( GEOMETRIC_REPRESENTATION_CONTEXT(2) 
PARAMETRIC_REPRESENTATION_CONTEXT() REPRESENTATION_CONTEXT('2D SPACE',''
  ) );
#355 = FACE_BOUND('',#356,.T.);
#356 = EDGE_LOOP('',(#357));
#357 = ORIENTED_EDGE('',*,*,#358,.F.);
#358 = EDGE_CURVE('',#359,#359,#361,.T.);
#359 = VERTEX_POINT('',#360);
#360 = CARTESIAN_POINT('',(-18.75,-44.,7.));
#361 = SURFACE_CURVE('',#362,(#367,#374),.PCURVE_S1.);
#362 = CIRCLE('',#363,1.25);
#363 = AXIS2_PLACEMENT_3D('',#364,#365,#366);
#364 = CARTESIAN_POINT('',(-20.,-44.,7.));
#365 = DIRECTION('',(0.,0.,1.));
#366 = DIRECTION('',(1.,0.,-0.));
#367 = PCURVE('',#126,#368);
#368 = DEFINITIONAL_REPRESENTATION('',(#369),#373);
#369 = CIRCLE('',#370,1.25);
#370 = AXIS2_PLACEMENT_2D('',#371,#372);
#371 = CARTESIAN_POINT('',(90.,26.));
#372 = DIRECTION('',(1.,0.));
#373 = ( GEOMETRIC_REPRESENTATION_CONTEXT(2) 
PARAMETRIC_REPRESENTATION_CONTEXT() REPRESENTATION_CONTEXT('2D SPACE',''
  ) );
#374 = PCURVE('',#375,#380);
#375 = CYLINDRICAL_SURFACE('',#376,1.25);
#376 = AXIS2_PLACEMENT_3D('',#377,#378,#379);
#377 = CARTESIAN_POINT('',(-20.,-44.,3.));
#378 = DIRECTION('',(0.,0.,1.));
#379 = DIRECTION('',(1.,0.,-0.));
#380 = DEFINITIONAL_REPRESENTATION('',(#381),#385);
#381 = LINE('',#382,#383);
#382 = CARTESIAN_POINT('',(0.,4.));
#383 = VECTOR('',#384,1.);
#384 = DIRECTION('',(1.,0.));
#385 = ( GEOMETRIC_REPRESENTATION_CONTEXT(2) 
PARAMETRIC_REPRESENTATION_CONTEXT() REPRESENTATION_CONTEXT('2D SPACE',''
  ) );
#386 = FACE_BOUND('',#387,.T.);
#387 = EDGE_LOOP('',(#388));
#388 = ORIENTED_EDGE('',*,*,#389,.F.);
#389 = EDGE_CURVE('',#390,#390,#392,.T.);
#390 = VERTEX_POINT('',#391);
#391 = CARTESIAN_POINT('',(-94.75,-31.,7.));
#392 = SURFACE_CURVE('',#393,(#398,#405),.PCURVE_S1.);
#393 = CIRCLE('',#394,1.25);
#394 = AXIS2_PLACEMENT_3D('',#395,#396,#397);
#395 = CARTESIAN_POINT('',(-96.,-31.,7.));
#396 = DIRECTION('',(0.,0.,1.));
#397 = DIRECTION('',(1.,0.,-0.));
#398 = PCURVE('',#126,#399);
#399 = DEFINITIONAL_REPRESENTATION('',(#400),#404);
#400 = CIRCLE('',#401,1.25);
#401 = AXIS2_PLACEMENT_2D('',#402,#403);
#402 = CARTESIAN_POINT('',(14.,39.));
#403 = DIRECTION('',(1.,0.));
#404 = ( GEOMETRIC_REPRESENTATION_CONTEXT(2) 
PARAMETRIC_REPRESENTATION_CONTEXT() REPRESENTATION_CONTEXT('2D SPACE',''
  ) );
#405 = PCURVE('',#406,#411);
#406 = CYLINDRICAL_SURFACE('',#407,1.25);
#407 = AXIS2_PLACEMENT_3D('',#408,#409,#410);
#408 = CARTESIAN_POINT('',(-96.,-31.,3.));
#409 = DIRECTION('',(0.,0.,1.));
#410 = DIRECTION('',(1.,0.,-0.));
#411 = DEFINITIONAL_REPRESENTATION('',(#412),#416);
#412 = LINE('',#413,#414);
#413 = CARTESIAN_POINT('',(0.,4.));
#414 = VECTOR('',#415,1.);
#415 = DIRECTION('',(1.,0.));
#416 = ( GEOMETRIC_REPRESENTATION_CONTEXT(2) 
PARAMETRIC_REPRESENTATION_CONTEXT() REPRESENTATION_CONTEXT('2D SPACE',''
  ) );
#417 = FACE_BOUND('',#418,.T.);
#418 = EDGE_LOOP('',(#419));
#419 = ORIENTED_EDGE('',*,*,#420,.F.);
#420 = EDGE_CURVE('',#421,#421,#423,.T.);
#421 = VERTEX_POINT('',#422);
#422 = CARTESIAN_POINT('',(-2.75,-31.,7.));
#423 = SURFACE_CURVE('',#424,(#429,#436),.PCURVE_S1.);
#424 = CIRCLE('',#425,1.25);
#425 = AXIS2_PLACEMENT_3D('',#426,#427,#428);
#426 = CARTESIAN_POINT('',(-4.,-31.,7.));
#427 = DIRECTION('',(0.,0.,1.));
#428 = DIRECTION('',(1.,0.,-0.));
#429 = PCURVE('',#126,#430);
#430 = DEFINITIONAL_REPRESENTATION('',(#431),#435);
#431 = CIRCLE('',#432,1.25);
#432 = AXIS2_PLACEMENT_2D('',#433,#434);
#433 = CARTESIAN_POINT('',(106.,39.));
#434 = DIRECTION('',(1.,0.));
#435 = ( GEOMETRIC_REPRESENTATION_CONTEXT(2) 
PARAMETRIC_REPRESENTATION_CONTEXT() REPRESENTATION_CONTEXT('2D SPACE',''
  ) );
#436 = PCURVE('',#437,#442);
#437 = CYLINDRICAL_SURFACE('',#438,1.25);
#438 = AXIS2_PLACEMENT_3D('',#439,#440,#441);
#439 = CARTESIAN_POINT('',(-4.,-31.,3.));
#440 = DIRECTION('',(0.,0.,1.));
#441 = DIRECTION('',(1.,0.,-0.));
#442 = DEFINITIONAL_REPRESENTATION('',(#443),#447);
#443 = LINE('',#444,#445);
#444 = CARTESIAN_POINT('',(0.,4.));
#445 = VECTOR('',#446,1.);
#446 = DIRECTION('',(1.,0.));
#447 = ( GEOMETRIC_REPRESENTATION_CONTEXT(2) 
PARAMETRIC_REPRESENTATION_CONTEXT() REPRESENTATION_CONTEXT('2D SPACE',''
  ) );
#448 = FACE_BOUND('',#449,.T.);
#449 = EDGE_LOOP('',(#450));
#450 = ORIENTED_EDGE('',*,*,#451,.F.);
#451 = EDGE_CURVE('',#452,#452,#454,.T.);
#452 = VERTEX_POINT('',#453);
#453 = CARTESIAN_POINT('',(104.75,-62.5,7.));
#454 = SURFACE_CURVE('',#455,(#460,#467),.PCURVE_S1.);
#455 = CIRCLE('',#456,2.25);
#456 = AXIS2_PLACEMENT_3D('',#457,#458,#459);
#457 = CARTESIAN_POINT('',(102.5,-62.5,7.));
#458 = DIRECTION('',(0.,0.,1.));
#459 = DIRECTION('',(1.,0.,-0.));
#460 = PCURVE('',#126,#461);
#461 = DEFINITIONAL_REPRESENTATION('',(#462),#466);
#462 = CIRCLE('',#463,2.25);
#463 = AXIS2_PLACEMENT_2D('',#464,#465);
#464 = CARTESIAN_POINT('',(212.5,7.5));
#465 = DIRECTION('',(1.,0.));
#466 = ( GEOMETRIC_REPRESENTATION_CONTEXT(2) 
PARAMETRIC_REPRESENTATION_CONTEXT() REPRESENTATION_CONTEXT('2D SPACE',''
  ) );
#467 = PCURVE('',#468,#473);
#468 = CYLINDRICAL_SURFACE('',#469,2.25);
#469 = AXIS2_PLACEMENT_3D('',#470,#471,#472);
#470 = CARTESIAN_POINT('',(102.5,-62.5,3.));
#471 = DIRECTION('',(0.,0.,1.));
#472 = DIRECTION('',(1.,0.,-0.));
#473 = DEFINITIONAL_REPRESENTATION('',(#474),#478);
#474 = LINE('',#475,#476);
#475 = CARTESIAN_POINT('',(0.,4.));
#476 = VECTOR('',#477,1.);
#477 = DIRECTION('',(1.,0.));
#478 = ( GEOMETRIC_REPRESENTATION_CONTEXT(2) 
PARAMETRIC_REPRESENTATION_CONTEXT() REPRESENTATION_CONTEXT('2D SPACE',''
  ) );
#479 = FACE_BOUND('',#480,.T.);
#480 = EDGE_LOOP('',(#481));
#481 = ORIENTED_EDGE('',*,*,#482,.F.);
#482 = EDGE_CURVE('',#483,#483,#485,.T.);
#483 = VERTEX_POINT('',#484);
#484 = CARTESIAN_POINT('',(94.5,-50.,7.));
#485 = SURFACE_CURVE('',#486,(#491,#498),.PCURVE_S1.);
#486 = CIRCLE('',#487,4.5);
#487 = AXIS2_PLACEMENT_3D('',#488,#489,#490);
#488 = CARTESIAN_POINT('',(90.,-50.,7.));
#489 = DIRECTION('',(0.,0.,1.));
#490 = DIRECTION('',(1.,0.,-0.));
#491 = PCURVE('',#126,#492);
#492 = DEFINITIONAL_REPRESENTATION('',(#493),#497);
#493 = CIRCLE('',#494,4.5);
#494 = AXIS2_PLACEMENT_2D('',#495,#496);
#495 = CARTESIAN_POINT('',(200.,20.));
#496 = DIRECTION('',(1.,0.));
#497 = ( GEOMETRIC_REPRESENTATION_CONTEXT(2) 
PARAMETRIC_REPRESENTATION_CONTEXT() REPRESENTATION_CONTEXT('2D SPACE',''
  ) );
#498 = PCURVE('',#499,#504);
#499 = CYLINDRICAL_SURFACE('',#500,4.5);
#500 = AXIS2_PLACEMENT_3D('',#501,#502,#503);
#501 = CARTESIAN_POINT('',(90.,-50.,3.));
#502 = DIRECTION('',(0.,0.,1.));
#503 = DIRECTION('',(1.,0.,-0.));
#504 = DEFINITIONAL_REPRESENTATION('',(#505),#509);
#505 = LINE('',#506,#507);
#506 = CARTESIAN_POINT('',(0.,4.));
#507 = VECTOR('',#508,1.);
#508 = DIRECTION('',(1.,0.));
#509 = ( GEOMETRIC_REPRESENTATION_CONTEXT(2) 
PARAMETRIC_REPRESENTATION_CONTEXT() REPRESENTATION_CONTEXT('2D SPACE',''
  ) );
#510 = FACE_BOUND('',#511,.T.);
#511 = EDGE_LOOP('',(#512));
#512 = ORIENTED_EDGE('',*,*,#513,.F.);
#513 = EDGE_CURVE('',#514,#514,#516,.T.);
#514 = VERTEX_POINT('',#515);
#515 = CARTESIAN_POINT('',(-94.75,21.,7.));
#516 = SURFACE_CURVE('',#517,(#522,#529),.PCURVE_S1.);
#517 = CIRCLE('',#518,1.25);
#518 = AXIS2_PLACEMENT_3D('',#519,#520,#521);
#519 = CARTESIAN_POINT('',(-96.,21.,7.));
#520 = DIRECTION('',(0.,0.,1.));
#521 = DIRECTION('',(1.,0.,-0.));
#522 = PCURVE('',#126,#523);
#523 = DEFINITIONAL_REPRESENTATION('',(#524),#528);
#524 = CIRCLE('',#525,1.25);
#525 = AXIS2_PLACEMENT_2D('',#526,#527);
#526 = CARTESIAN_POINT('',(14.,91.));
#527 = DIRECTION('',(1.,0.));
#528 = ( GEOMETRIC_REPRESENTATION_CONTEXT(2) 
PARAMETRIC_REPRESENTATION_CONTEXT() REPRESENTATION_CONTEXT('2D SPACE',''
  ) );
#529 = PCURVE('',#530,#535);
#530 = CYLINDRICAL_SURFACE('',#531,1.25);
#531 = AXIS2_PLACEMENT_3D('',#532,#533,#534);
#532 = CARTESIAN_POINT('',(-96.,21.,3.));
#533 = DIRECTION('',(0.,0.,1.));
#534 = DIRECTION('',(1.,0.,-0.));
#535 = DEFINITIONAL_REPRESENTATION('',(#536),#540);
#536 = LINE('',#537,#538);
#537 = CARTESIAN_POINT('',(0.,4.));
#538 = VECTOR('',#539,1.);
#539 = DIRECTION('',(1.,0.));
#540 = ( GEOMETRIC_REPRESENTATION_CONTEXT(2) 
PARAMETRIC_REPRESENTATION_CONTEXT() REPRESENTATION_CONTEXT('2D SPACE',''
  ) );
#541 = FACE_BOUND('',#542,.T.);
#542 = EDGE_LOOP('',(#543));
#543 = ORIENTED_EDGE('',*,*,#544,.F.);
#544 = EDGE_CURVE('',#545,#545,#547,.T.);
#545 = VERTEX_POINT('',#546);
#546 = CARTESIAN_POINT('',(-78.75,32.,7.));
#547 = SURFACE_CURVE('',#548,(#553,#560),.PCURVE_S1.);
#548 = CIRCLE('',#549,1.25);
#549 = AXIS2_PLACEMENT_3D('',#550,#551,#552);
#550 = CARTESIAN_POINT('',(-80.,32.,7.));
#551 = DIRECTION('',(0.,0.,1.));
#552 = DIRECTION('',(1.,0.,-0.));
#553 = PCURVE('',#126,#554);
#554 = DEFINITIONAL_REPRESENTATION('',(#555),#559);
#555 = CIRCLE('',#556,1.25);
#556 = AXIS2_PLACEMENT_2D('',#557,#558);
#557 = CARTESIAN_POINT('',(30.,102.));
#558 = DIRECTION('',(1.,0.));
#559 = ( GEOMETRIC_REPRESENTATION_CONTEXT(2) 
PARAMETRIC_REPRESENTATION_CONTEXT() REPRESENTATION_CONTEXT('2D SPACE',''
  ) );
#560 = PCURVE('',#561,#566);
#561 = CYLINDRICAL_SURFACE('',#562,1.25);
#562 = AXIS2_PLACEMENT_3D('',#563,#564,#565);
#563 = CARTESIAN_POINT('',(-80.,32.,3.));
#564 = DIRECTION('',(0.,0.,1.));
#565 = DIRECTION('',(1.,0.,-0.));
#566 = DEFINITIONAL_REPRESENTATION('',(#567),#571);
#567 = LINE('',#568,#569);
#568 = CARTESIAN_POINT('',(0.,4.));
#569 = VECTOR('',#570,1.);
#570 = DIRECTION('',(1.,0.));
#571 = ( GEOMETRIC_REPRESENTATION_CONTEXT(2) 
PARAMETRIC_REPRESENTATION_CONTEXT() REPRESENTATION_CONTEXT('2D SPACE',''
  ) );
#572 = FACE_BOUND('',#573,.T.);
#573 = EDGE_LOOP('',(#574));
#574 = ORIENTED_EDGE('',*,*,#575,.F.);
#575 = EDGE_CURVE('',#576,#576,#578,.T.);
#576 = VERTEX_POINT('',#577);
#577 = CARTESIAN_POINT('',(-2.75,21.,7.));
#578 = SURFACE_CURVE('',#579,(#584,#591),.PCURVE_S1.);
#579 = CIRCLE('',#580,1.25);
#580 = AXIS2_PLACEMENT_3D('',#581,#582,#583);
#581 = CARTESIAN_POINT('',(-4.,21.,7.));
#582 = DIRECTION('',(0.,0.,1.));
#583 = DIRECTION('',(1.,0.,-0.));
#584 = PCURVE('',#126,#585);
#585 = DEFINITIONAL_REPRESENTATION('',(#586),#590);
#586 = CIRCLE('',#587,1.25);
#587 = AXIS2_PLACEMENT_2D('',#588,#589);
#588 = CARTESIAN_POINT('',(106.,91.));
#589 = DIRECTION('',(1.,0.));
#590 = ( GEOMETRIC_REPRESENTATION_CONTEXT(2) 
PARAMETRIC_REPRESENTATION_CONTEXT() REPRESENTATION_CONTEXT('2D SPACE',''
  ) );
#591 = PCURVE('',#592,#597);
#592 = CYLINDRICAL_SURFACE('',#593,1.25);
#593 = AXIS2_PLACEMENT_3D('',#594,#595,#596);
#594 = CARTESIAN_POINT('',(-4.,21.,3.));
#595 = DIRECTION('',(0.,0.,1.));
#596 = DIRECTION('',(1.,0.,-0.));
#597 = DEFINITIONAL_REPRESENTATION('',(#598),#602);
#598 = LINE('',#599,#600);
#599 = CARTESIAN_POINT('',(0.,4.));
#600 = VECTOR('',#601,1.);
#601 = DIRECTION('',(1.,0.));
#602 = ( GEOMETRIC_REPRESENTATION_CONTEXT(2) 
PARAMETRIC_REPRESENTATION_CONTEXT() REPRESENTATION_CONTEXT('2D SPACE',''
  ) );
#603 = FACE_BOUND('',#604,.T.);
#604 = EDGE_LOOP('',(#605));
#605 = ORIENTED_EDGE('',*,*,#606,.F.);
#606 = EDGE_CURVE('',#607,#607,#609,.T.);
#607 = VERTEX_POINT('',#608);
#608 = CARTESIAN_POINT('',(-18.75,32.,7.));
#609 = SURFACE_CURVE('',#610,(#615,#622),.PCURVE_S1.);
#610 = CIRCLE('',#611,1.25);
#611 = AXIS2_PLACEMENT_3D('',#612,#613,#614);
#612 = CARTESIAN_POINT('',(-20.,32.,7.));
#613 = DIRECTION('',(0.,0.,1.));
#614 = DIRECTION('',(1.,0.,-0.));
#615 = PCURVE('',#126,#616);
#616 = DEFINITIONAL_REPRESENTATION('',(#617),#621);
#617 = CIRCLE('',#618,1.25);
#618 = AXIS2_PLACEMENT_2D('',#619,#620);
#619 = CARTESIAN_POINT('',(90.,102.));
#620 = DIRECTION('',(1.,0.));
#621 = ( GEOMETRIC_REPRESENTATION_CONTEXT(2) 
PARAMETRIC_REPRESENTATION_CONTEXT() REPRESENTATION_CONTEXT('2D SPACE',''
  ) );
#622 = PCURVE('',#623,#628);
#623 = CYLINDRICAL_SURFACE('',#624,1.25);
#624 = AXIS2_PLACEMENT_3D('',#625,#626,#627);
#625 = CARTESIAN_POINT('',(-20.,32.,3.));
#626 = DIRECTION('',(0.,0.,1.));
#627 = DIRECTION('',(1.,0.,-0.));
#628 = DEFINITIONAL_REPRESENTATION('',(#629),#633);
#629 = LINE('',#630,#631);
#630 = CARTESIAN_POINT('',(0.,4.));
#631 = VECTOR('',#632,1.);
#632 = DIRECTION('',(1.,0.));
#633 = ( GEOMETRIC_REPRESENTATION_CONTEXT(2) 
PARAMETRIC_REPRESENTATION_CONTEXT() REPRESENTATION_CONTEXT('2D SPACE',''
  ) );
#634 = FACE_BOUND('',#635,.T.);
#635 = EDGE_LOOP('',(#636));
#636 = ORIENTED_EDGE('',*,*,#637,.F.);
#637 = EDGE_CURVE('',#638,#638,#640,.T.);
#638 = VERTEX_POINT('',#639);
#639 = CARTESIAN_POINT('',(-85.5,50.,7.));
#640 = SURFACE_CURVE('',#641,(#646,#653),.PCURVE_S1.);
#641 = CIRCLE('',#642,4.5);
#642 = AXIS2_PLACEMENT_3D('',#643,#644,#645);
#643 = CARTESIAN_POINT('',(-90.,50.,7.));
#644 = DIRECTION('',(0.,0.,1.));
#645 = DIRECTION('',(1.,0.,-0.));
#646 = PCURVE('',#126,#647);
#647 = DEFINITIONAL_REPRESENTATION('',(#648),#652);
#648 = CIRCLE('',#649,4.5);
#649 = AXIS2_PLACEMENT_2D('',#650,#651);
#650 = CARTESIAN_POINT('',(20.,120.));
#651 = DIRECTION('',(1.,0.));
#652 = ( GEOMETRIC_REPRESENTATION_CONTEXT(2) 
PARAMETRIC_REPRESENTATION_CONTEXT() REPRESENTATION_CONTEXT('2D SPACE',''
  ) );
#653 = PCURVE('',#654,#659);
#654 = CYLINDRICAL_SURFACE('',#655,4.5);
#655 = AXIS2_PLACEMENT_3D('',#656,#657,#658);
#656 = CARTESIAN_POINT('',(-90.,50.,3.));
#657 = DIRECTION('',(0.,0.,1.));
#658 = DIRECTION('',(1.,0.,-0.));
#659 = DEFINITIONAL_REPRESENTATION('',(#660),#664);
#660 = LINE('',#661,#662);
#661 = CARTESIAN_POINT('',(0.,4.));
#662 = VECTOR('',#663,1.);
#663 = DIRECTION('',(1.,0.));
#664 = ( GEOMETRIC_REPRESENTATION_CONTEXT(2) 
PARAMETRIC_REPRESENTATION_CONTEXT() REPRESENTATION_CONTEXT('2D SPACE',''
  ) );
#665 = FACE_BOUND('',#666,.T.);
#666 = EDGE_LOOP('',(#667));
#667 = ORIENTED_EDGE('',*,*,#668,.F.);
#668 = EDGE_CURVE('',#669,#669,#671,.T.);
#669 = VERTEX_POINT('',#670);
#670 = CARTESIAN_POINT('',(-100.25,62.5,7.));
#671 = SURFACE_CURVE('',#672,(#677,#684),.PCURVE_S1.);
#672 = CIRCLE('',#673,2.25);
#673 = AXIS2_PLACEMENT_3D('',#674,#675,#676);
#674 = CARTESIAN_POINT('',(-102.5,62.5,7.));
#675 = DIRECTION('',(0.,0.,1.));
#676 = DIRECTION('',(1.,0.,-0.));
#677 = PCURVE('',#126,#678);
#678 = DEFINITIONAL_REPRESENTATION('',(#679),#683);
#679 = CIRCLE('',#680,2.25);
#680 = AXIS2_PLACEMENT_2D('',#681,#682);
#681 = CARTESIAN_POINT('',(7.5,132.5));
#682 = DIRECTION('',(1.,0.));
#683 = ( GEOMETRIC_REPRESENTATION_CONTEXT(2) 
PARAMETRIC_REPRESENTATION_CONTEXT() REPRESENTATION_CONTEXT('2D SPACE',''
  ) );
#684 = PCURVE('',#685,#690);
#685 = CYLINDRICAL_SURFACE('',#686,2.25);
#686 = AXIS2_PLACEMENT_3D('',#687,#688,#689);
#687 = CARTESIAN_POINT('',(-102.5,62.5,3.));
#688 = DIRECTION('',(0.,0.,1.));
#689 = DIRECTION('',(1.,0.,-0.));
#690 = DEFINITIONAL_REPRESENTATION('',(#691),#695);
#691 = LINE('',#692,#693);
#692 = CARTESIAN_POINT('',(0.,4.));
#693 = VECTOR('',#694,1.);
#694 = DIRECTION('',(1.,0.));
#695 = ( GEOMETRIC_REPRESENTATION_CONTEXT(2) 
PARAMETRIC_REPRESENTATION_CONTEXT() REPRESENTATION_CONTEXT('2D SPACE',''
  ) );
#696 = FACE_BOUND('',#697,.T.);
#697 = EDGE_LOOP('',(#698));
#698 = ORIENTED_EDGE('',*,*,#699,.F.);
#699 = EDGE_CURVE('',#700,#700,#702,.T.);
#700 = VERTEX_POINT('',#701);
#701 = CARTESIAN_POINT('',(11.65,-4.041334437186E-16,7.));
#702 = SURFACE_CURVE('',#703,(#708,#715),.PCURVE_S1.);
#703 = CIRCLE('',#704,1.65);
#704 = AXIS2_PLACEMENT_3D('',#705,#706,#707);
#705 = CARTESIAN_POINT('',(10.,0.,7.));
#706 = DIRECTION('',(0.,0.,1.));
#707 = DIRECTION('',(1.,0.,-0.));
#708 = PCURVE('',#126,#709);
#709 = DEFINITIONAL_REPRESENTATION('',(#710),#714);
#710 = CIRCLE('',#711,1.65);
#711 = AXIS2_PLACEMENT_2D('',#712,#713);
#712 = CARTESIAN_POINT('',(120.,70.));
#713 = DIRECTION('',(1.,0.));
#714 = ( GEOMETRIC_REPRESENTATION_CONTEXT(2) 
PARAMETRIC_REPRESENTATION_CONTEXT() REPRESENTATION_CONTEXT('2D SPACE',''
  ) );
#715 = PCURVE('',#716,#721);
#716 = CYLINDRICAL_SURFACE('',#717,1.65);
#717 = AXIS2_PLACEMENT_3D('',#718,#719,#720);
#718 = CARTESIAN_POINT('',(10.,0.,3.));
#719 = DIRECTION('',(0.,0.,1.));
#720 = DIRECTION('',(1.,0.,-0.));
#721 = DEFINITIONAL_REPRESENTATION('',(#722),#726);
#722 = LINE('',#723,#724);
#723 = CARTESIAN_POINT('',(0.,4.));
#724 = VECTOR('',#725,1.);
#725 = DIRECTION('',(1.,0.));
#726 = ( GEOMETRIC_REPRESENTATION_CONTEXT(2) 
PARAMETRIC_REPRESENTATION_CONTEXT() REPRESENTATION_CONTEXT('2D SPACE',''
  ) );
#727 = FACE_BOUND('',#728,.T.);
#728 = EDGE_LOOP('',(#729));
#729 = ORIENTED_EDGE('',*,*,#730,.F.);
#730 = EDGE_CURVE('',#731,#731,#733,.T.);
#731 = VERTEX_POINT('',#732);
#732 = CARTESIAN_POINT('',(71.65,-4.041334437186E-16,7.));
#733 = SURFACE_CURVE('',#734,(#739,#746),.PCURVE_S1.);
#734 = CIRCLE('',#735,1.65);
#735 = AXIS2_PLACEMENT_3D('',#736,#737,#738);
#736 = CARTESIAN_POINT('',(70.,0.,7.));
#737 = DIRECTION('',(0.,0.,1.));
#738 = DIRECTION('',(1.,0.,-0.));
#739 = PCURVE('',#126,#740);
#740 = DEFINITIONAL_REPRESENTATION('',(#741),#745);
#741 = CIRCLE('',#742,1.65);
#742 = AXIS2_PLACEMENT_2D('',#743,#744);
#743 = CARTESIAN_POINT('',(180.,70.));
#744 = DIRECTION('',(1.,0.));
#745 = ( GEOMETRIC_REPRESENTATION_CONTEXT(2) 
PARAMETRIC_REPRESENTATION_CONTEXT() REPRESENTATION_CONTEXT('2D SPACE',''
  ) );
#746 = PCURVE('',#747,#752);
#747 = CYLINDRICAL_SURFACE('',#748,1.65);
#748 = AXIS2_PLACEMENT_3D('',#749,#750,#751);
#749 = CARTESIAN_POINT('',(70.,0.,3.));
#750 = DIRECTION('',(0.,0.,1.));
#751 = DIRECTION('',(1.,0.,-0.));
#752 = DEFINITIONAL_REPRESENTATION('',(#753),#757);
#753 = LINE('',#754,#755);
#754 = CARTESIAN_POINT('',(0.,4.));
#755 = VECTOR('',#756,1.);
#756 = DIRECTION('',(1.,0.));
#757 = ( GEOMETRIC_REPRESENTATION_CONTEXT(2) 
PARAMETRIC_REPRESENTATION_CONTEXT() REPRESENTATION_CONTEXT('2D SPACE',''
  ) );
#758 = FACE_BOUND('',#759,.T.);
#759 = EDGE_LOOP('',(#760));
#760 = ORIENTED_EDGE('',*,*,#761,.F.);
#761 = EDGE_CURVE('',#762,#762,#764,.T.);
#762 = VERTEX_POINT('',#763);
#763 = CARTESIAN_POINT('',(21.65,47.,7.));
#764 = SURFACE_CURVE('',#765,(#770,#777),.PCURVE_S1.);
#765 = CIRCLE('',#766,1.65);
#766 = AXIS2_PLACEMENT_3D('',#767,#768,#769);
#767 = CARTESIAN_POINT('',(20.,47.,7.));
#768 = DIRECTION('',(0.,0.,1.));
#769 = DIRECTION('',(1.,0.,-0.));
#770 = PCURVE('',#126,#771);
#771 = DEFINITIONAL_REPRESENTATION('',(#772),#776);
#772 = CIRCLE('',#773,1.65);
#773 = AXIS2_PLACEMENT_2D('',#774,#775);
#774 = CARTESIAN_POINT('',(130.,117.));
#775 = DIRECTION('',(1.,0.));
#776 = ( GEOMETRIC_REPRESENTATION_CONTEXT(2) 
PARAMETRIC_REPRESENTATION_CONTEXT() REPRESENTATION_CONTEXT('2D SPACE',''
  ) );
#777 = PCURVE('',#778,#783);
#778 = CYLINDRICAL_SURFACE('',#779,1.65);
#779 = AXIS2_PLACEMENT_3D('',#780,#781,#782);
#780 = CARTESIAN_POINT('',(20.,47.,3.));
#781 = DIRECTION('',(0.,0.,1.));
#782 = DIRECTION('',(1.,0.,-0.));
#783 = DEFINITIONAL_REPRESENTATION('',(#784),#788);
#784 = LINE('',#785,#786);
#785 = CARTESIAN_POINT('',(0.,4.));
#786 = VECTOR('',#787,1.);
#787 = DIRECTION('',(1.,0.));
#788 = ( GEOMETRIC_REPRESENTATION_CONTEXT(2) 
PARAMETRIC_REPRESENTATION_CONTEXT() REPRESENTATION_CONTEXT('2D SPACE',''
  ) );
#789 = FACE_BOUND('',#790,.T.);
#790 = EDGE_LOOP('',(#791));
#791 = ORIENTED_EDGE('',*,*,#792,.F.);
#792 = EDGE_CURVE('',#793,#793,#795,.T.);
#793 = VERTEX_POINT('',#794);
#794 = CARTESIAN_POINT('',(63.65,47.,7.));
#795 = SURFACE_CURVE('',#796,(#801,#808),.PCURVE_S1.);
#796 = CIRCLE('',#797,1.65);
#797 = AXIS2_PLACEMENT_3D('',#798,#799,#800);
#798 = CARTESIAN_POINT('',(62.,47.,7.));
#799 = DIRECTION('',(0.,0.,1.));
#800 = DIRECTION('',(1.,0.,-0.));
#801 = PCURVE('',#126,#802);
#802 = DEFINITIONAL_REPRESENTATION('',(#803),#807);
#803 = CIRCLE('',#804,1.65);
#804 = AXIS2_PLACEMENT_2D('',#805,#806);
#805 = CARTESIAN_POINT('',(172.,117.));
#806 = DIRECTION('',(1.,0.));
#807 = ( GEOMETRIC_REPRESENTATION_CONTEXT(2) 
PARAMETRIC_REPRESENTATION_CONTEXT() REPRESENTATION_CONTEXT('2D SPACE',''
  ) );
#808 = PCURVE('',#809,#814);
#809 = CYLINDRICAL_SURFACE('',#810,1.65);
#810 = AXIS2_PLACEMENT_3D('',#811,#812,#813);
#811 = CARTESIAN_POINT('',(62.,47.,3.));
#812 = DIRECTION('',(0.,0.,1.));
#813 = DIRECTION('',(1.,0.,-0.));
#814 = DEFINITIONAL_REPRESENTATION('',(#815),#819);
#815 = LINE('',#816,#817);
#816 = CARTESIAN_POINT('',(0.,4.));
#817 = VECTOR('',#818,1.);
#818 = DIRECTION('',(1.,0.));
#819 = ( GEOMETRIC_REPRESENTATION_CONTEXT(2) 
PARAMETRIC_REPRESENTATION_CONTEXT() REPRESENTATION_CONTEXT('2D SPACE',''
  ) );
#820 = FACE_BOUND('',#821,.T.);
#821 = EDGE_LOOP('',(#822));
#822 = ORIENTED_EDGE('',*,*,#823,.F.);
#823 = EDGE_CURVE('',#824,#824,#826,.T.);
#824 = VERTEX_POINT('',#825);
#825 = CARTESIAN_POINT('',(94.5,50.,7.));
#826 = SURFACE_CURVE('',#827,(#832,#839),.PCURVE_S1.);
#827 = CIRCLE('',#828,4.5);
#828 = AXIS2_PLACEMENT_3D('',#829,#830,#831);
#829 = CARTESIAN_POINT('',(90.,50.,7.));
#830 = DIRECTION('',(0.,0.,1.));
#831 = DIRECTION('',(1.,0.,-0.));
#832 = PCURVE('',#126,#833);
#833 = DEFINITIONAL_REPRESENTATION('',(#834),#838);
#834 = CIRCLE('',#835,4.5);
#835 = AXIS2_PLACEMENT_2D('',#836,#837);
#836 = CARTESIAN_POINT('',(200.,120.));
#837 = DIRECTION('',(1.,0.));
#838 = ( GEOMETRIC_REPRESENTATION_CONTEXT(2) 
PARAMETRIC_REPRESENTATION_CONTEXT() REPRESENTATION_CONTEXT('2D SPACE',''
  ) );
#839 = PCURVE('',#840,#845);
#840 = CYLINDRICAL_SURFACE('',#841,4.5);
#841 = AXIS2_PLACEMENT_3D('',#842,#843,#844);
#842 = CARTESIAN_POINT('',(90.,50.,3.));
#843 = DIRECTION('',(0.,0.,1.));
#844 = DIRECTION('',(1.,0.,-0.));
#845 = DEFINITIONAL_REPRESENTATION('',(#846),#850);
#846 = LINE('',#847,#848);
#847 = CARTESIAN_POINT('',(0.,4.));
#848 = VECTOR('',#849,1.);
#849 = DIRECTION('',(1.,0.));
#850 = ( GEOMETRIC_REPRESENTATION_CONTEXT(2) 
PARAMETRIC_REPRESENTATION_CONTEXT() REPRESENTATION_CONTEXT('2D SPACE',''
  ) );
#851 = FACE_BOUND('',#852,.T.);
#852 = EDGE_LOOP('',(#853));
#853 = ORIENTED_EDGE('',*,*,#854,.F.);
#854 = EDGE_CURVE('',#855,#855,#857,.T.);
#855 = VERTEX_POINT('',#856);
#856 = CARTESIAN_POINT('',(104.75,62.5,7.));
#857 = SURFACE_CURVE('',#858,(#863,#870),.PCURVE_S1.);
#858 = CIRCLE('',#859,2.25);
#859 = AXIS2_PLACEMENT_3D('',#860,#861,#862);
#860 = CARTESIAN_POINT('',(102.5,62.5,7.));
#861 = DIRECTION('',(0.,0.,1.));
#862 = DIRECTION('',(1.,0.,-0.));
#863 = PCURVE('',#126,#864);
#864 = DEFINITIONAL_REPRESENTATION('',(#865),#869);
#865 = CIRCLE('',#866,2.25);
#866 = AXIS2_PLACEMENT_2D('',#867,#868);
#867 = CARTESIAN_POINT('',(212.5,132.5));
#868 = DIRECTION('',(1.,0.));
#869 = ( GEOMETRIC_REPRESENTATION_CONTEXT(2) 
PARAMETRIC_REPRESENTATION_CONTEXT() REPRESENTATION_CONTEXT('2D SPACE',''
  ) );
#870 = PCURVE('',#871,#876);
#871 = CYLINDRICAL_SURFACE('',#872,2.25);
#872 = AXIS2_PLACEMENT_3D('',#873,#874,#875);
#873 = CARTESIAN_POINT('',(102.5,62.5,3.));
#874 = DIRECTION('',(0.,0.,1.));
#875 = DIRECTION('',(1.,0.,-0.));
#876 = DEFINITIONAL_REPRESENTATION('',(#877),#881);
#877 = LINE('',#878,#879);
#878 = CARTESIAN_POINT('',(0.,4.));
#879 = VECTOR('',#880,1.);
#880 = DIRECTION('',(1.,0.));
#881 = ( GEOMETRIC_REPRESENTATION_CONTEXT(2) 
PARAMETRIC_REPRESENTATION_CONTEXT() REPRESENTATION_CONTEXT('2D SPACE',''
  ) );
#882 = ADVANCED_FACE('',(#883),#100,.T.);
#883 = FACE_BOUND('',#884,.T.);
#884 = EDGE_LOOP('',(#885,#908,#909,#910));
#885 = ORIENTED_EDGE('',*,*,#886,.F.);
#886 = EDGE_CURVE('',#57,#887,#889,.T.);
#887 = VERTEX_POINT('',#888);
#888 = CARTESIAN_POINT('',(110.,70.,4.));
#889 = SURFACE_CURVE('',#890,(#894,#901),.PCURVE_S1.);
#890 = LINE('',#891,#892);
#891 = CARTESIAN_POINT('',(-110.,70.,4.));
#892 = VECTOR('',#893,1.);
#893 = DIRECTION('',(1.,0.,-0.));
#894 = PCURVE('',#100,#895);
#895 = DEFINITIONAL_REPRESENTATION('',(#896),#900);
#896 = LINE('',#897,#898);
#897 = CARTESIAN_POINT('',(0.,0.));
#898 = VECTOR('',#899,1.);
#899 = DIRECTION('',(0.,1.));
#900 = ( GEOMETRIC_REPRESENTATION_CONTEXT(2) 
PARAMETRIC_REPRESENTATION_CONTEXT() REPRESENTATION_CONTEXT('2D SPACE',''
  ) );
#901 = PCURVE('',#72,#902);
#902 = DEFINITIONAL_REPRESENTATION('',(#903),#907);
#903 = LINE('',#904,#905);
#904 = CARTESIAN_POINT('',(0.,140.));
#905 = VECTOR('',#906,1.);
#906 = DIRECTION('',(1.,0.));
#907 = ( GEOMETRIC_REPRESENTATION_CONTEXT(2) 
PARAMETRIC_REPRESENTATION_CONTEXT() REPRESENTATION_CONTEXT('2D SPACE',''
  ) );
#908 = ORIENTED_EDGE('',*,*,#84,.T.);
#909 = ORIENTED_EDGE('',*,*,#242,.T.);
#910 = ORIENTED_EDGE('',*,*,#911,.F.);
#911 = EDGE_CURVE('',#887,#220,#912,.T.);
#912 = SURFACE_CURVE('',#913,(#917,#924),.PCURVE_S1.);
#913 = LINE('',#914,#915);
#914 = CARTESIAN_POINT('',(110.,70.,4.));
#915 = VECTOR('',#916,1.);
#916 = DIRECTION('',(0.,0.,1.));
#917 = PCURVE('',#100,#918);
#918 = DEFINITIONAL_REPRESENTATION('',(#919),#923);
#919 = LINE('',#920,#921);
#920 = CARTESIAN_POINT('',(0.,220.));
#921 = VECTOR('',#922,1.);
#922 = DIRECTION('',(1.,0.));
#923 = ( GEOMETRIC_REPRESENTATION_CONTEXT(2) 
PARAMETRIC_REPRESENTATION_CONTEXT() REPRESENTATION_CONTEXT('2D SPACE',''
  ) );
#924 = PCURVE('',#202,#925);
#925 = DEFINITIONAL_REPRESENTATION('',(#926),#930);
#926 = LINE('',#927,#928);
#927 = CARTESIAN_POINT('',(0.,-140.));
#928 = VECTOR('',#929,1.);
#929 = DIRECTION('',(1.,0.));
#930 = ( GEOMETRIC_REPRESENTATION_CONTEXT(2) 
PARAMETRIC_REPRESENTATION_CONTEXT() REPRESENTATION_CONTEXT('2D SPACE',''
  ) );
#931 = ADVANCED_FACE('',(#932,#958,#984,#1010,#1036,#1062,#1088,#1114,
    #1140,#1166,#1192,#1218,#1244,#1270,#1296,#1322,#1348,#1374,#1400,
    #1426,#1452),#72,.F.);
#932 = FACE_BOUND('',#933,.F.);
#933 = EDGE_LOOP('',(#934,#935,#936,#957));
#934 = ORIENTED_EDGE('',*,*,#56,.F.);
#935 = ORIENTED_EDGE('',*,*,#141,.T.);
#936 = ORIENTED_EDGE('',*,*,#937,.T.);
#937 = EDGE_CURVE('',#142,#887,#938,.T.);
#938 = SURFACE_CURVE('',#939,(#943,#950),.PCURVE_S1.);
#939 = LINE('',#940,#941);
#940 = CARTESIAN_POINT('',(110.,-70.,4.));
#941 = VECTOR('',#942,1.);
#942 = DIRECTION('',(-0.,1.,0.));
#943 = PCURVE('',#72,#944);
#944 = DEFINITIONAL_REPRESENTATION('',(#945),#949);
#945 = LINE('',#946,#947);
#946 = CARTESIAN_POINT('',(220.,0.));
#947 = VECTOR('',#948,1.);
#948 = DIRECTION('',(0.,1.));
#949 = ( GEOMETRIC_REPRESENTATION_CONTEXT(2) 
PARAMETRIC_REPRESENTATION_CONTEXT() REPRESENTATION_CONTEXT('2D SPACE',''
  ) );
#950 = PCURVE('',#202,#951);
#951 = DEFINITIONAL_REPRESENTATION('',(#952),#956);
#952 = LINE('',#953,#954);
#953 = CARTESIAN_POINT('',(0.,0.));
#954 = VECTOR('',#955,1.);
#955 = DIRECTION('',(0.,-1.));
#956 = ( GEOMETRIC_REPRESENTATION_CONTEXT(2) 
PARAMETRIC_REPRESENTATION_CONTEXT() REPRESENTATION_CONTEXT('2D SPACE',''
  ) );
#957 = ORIENTED_EDGE('',*,*,#886,.F.);
#958 = FACE_BOUND('',#959,.F.);
#959 = EDGE_LOOP('',(#960));
#960 = ORIENTED_EDGE('',*,*,#961,.F.);
#961 = EDGE_CURVE('',#962,#962,#964,.T.);
#962 = VERTEX_POINT('',#963);
#963 = CARTESIAN_POINT('',(-100.25,-62.5,4.));
#964 = SURFACE_CURVE('',#965,(#970,#977),.PCURVE_S1.);
#965 = CIRCLE('',#966,2.25);
#966 = AXIS2_PLACEMENT_3D('',#967,#968,#969);
#967 = CARTESIAN_POINT('',(-102.5,-62.5,4.));
#968 = DIRECTION('',(0.,0.,1.));
#969 = DIRECTION('',(1.,0.,-0.));
#970 = PCURVE('',#72,#971);
#971 = DEFINITIONAL_REPRESENTATION('',(#972),#976);
#972 = CIRCLE('',#973,2.25);
#973 = AXIS2_PLACEMENT_2D('',#974,#975);
#974 = CARTESIAN_POINT('',(7.5,7.5));
#975 = DIRECTION('',(1.,0.));
#976 = ( GEOMETRIC_REPRESENTATION_CONTEXT(2) 
PARAMETRIC_REPRESENTATION_CONTEXT() REPRESENTATION_CONTEXT('2D SPACE',''
  ) );
#977 = PCURVE('',#282,#978);
#978 = DEFINITIONAL_REPRESENTATION('',(#979),#983);
#979 = LINE('',#980,#981);
#980 = CARTESIAN_POINT('',(0.,1.));
#981 = VECTOR('',#982,1.);
#982 = DIRECTION('',(1.,0.));
#983 = ( GEOMETRIC_REPRESENTATION_CONTEXT(2) 
PARAMETRIC_REPRESENTATION_CONTEXT() REPRESENTATION_CONTEXT('2D SPACE',''
  ) );
#984 = FACE_BOUND('',#985,.F.);
#985 = EDGE_LOOP('',(#986));
#986 = ORIENTED_EDGE('',*,*,#987,.F.);
#987 = EDGE_CURVE('',#988,#988,#990,.T.);
#988 = VERTEX_POINT('',#989);
#989 = CARTESIAN_POINT('',(-85.5,-50.,4.));
#990 = SURFACE_CURVE('',#991,(#996,#1003),.PCURVE_S1.);
#991 = CIRCLE('',#992,4.5);
#992 = AXIS2_PLACEMENT_3D('',#993,#994,#995);
#993 = CARTESIAN_POINT('',(-90.,-50.,4.));
#994 = DIRECTION('',(0.,0.,1.));
#995 = DIRECTION('',(1.,0.,-0.));
#996 = PCURVE('',#72,#997);
#997 = DEFINITIONAL_REPRESENTATION('',(#998),#1002);
#998 = CIRCLE('',#999,4.5);
#999 = AXIS2_PLACEMENT_2D('',#1000,#1001);
#1000 = CARTESIAN_POINT('',(20.,20.));
#1001 = DIRECTION('',(1.,0.));
#1002 = ( GEOMETRIC_REPRESENTATION_CONTEXT(2) 
PARAMETRIC_REPRESENTATION_CONTEXT() REPRESENTATION_CONTEXT('2D SPACE',''
  ) );
#1003 = PCURVE('',#313,#1004);
#1004 = DEFINITIONAL_REPRESENTATION('',(#1005),#1009);
#1005 = LINE('',#1006,#1007);
#1006 = CARTESIAN_POINT('',(0.,1.));
#1007 = VECTOR('',#1008,1.);
#1008 = DIRECTION('',(1.,0.));
#1009 = ( GEOMETRIC_REPRESENTATION_CONTEXT(2) 
PARAMETRIC_REPRESENTATION_CONTEXT() REPRESENTATION_CONTEXT('2D SPACE',''
  ) );
#1010 = FACE_BOUND('',#1011,.F.);
#1011 = EDGE_LOOP('',(#1012));
#1012 = ORIENTED_EDGE('',*,*,#1013,.F.);
#1013 = EDGE_CURVE('',#1014,#1014,#1016,.T.);
#1014 = VERTEX_POINT('',#1015);
#1015 = CARTESIAN_POINT('',(-78.75,-44.,4.));
#1016 = SURFACE_CURVE('',#1017,(#1022,#1029),.PCURVE_S1.);
#1017 = CIRCLE('',#1018,1.25);
#1018 = AXIS2_PLACEMENT_3D('',#1019,#1020,#1021);
#1019 = CARTESIAN_POINT('',(-80.,-44.,4.));
#1020 = DIRECTION('',(0.,0.,1.));
#1021 = DIRECTION('',(1.,0.,-0.));
#1022 = PCURVE('',#72,#1023);
#1023 = DEFINITIONAL_REPRESENTATION('',(#1024),#1028);
#1024 = CIRCLE('',#1025,1.25);
#1025 = AXIS2_PLACEMENT_2D('',#1026,#1027);
#1026 = CARTESIAN_POINT('',(30.,26.));
#1027 = DIRECTION('',(1.,0.));
#1028 = ( GEOMETRIC_REPRESENTATION_CONTEXT(2) 
PARAMETRIC_REPRESENTATION_CONTEXT() REPRESENTATION_CONTEXT('2D SPACE',''
  ) );
#1029 = PCURVE('',#344,#1030);
#1030 = DEFINITIONAL_REPRESENTATION('',(#1031),#1035);
#1031 = LINE('',#1032,#1033);
#1032 = CARTESIAN_POINT('',(0.,1.));
#1033 = VECTOR('',#1034,1.);
#1034 = DIRECTION('',(1.,0.));
#1035 = ( GEOMETRIC_REPRESENTATION_CONTEXT(2) 
PARAMETRIC_REPRESENTATION_CONTEXT() REPRESENTATION_CONTEXT('2D SPACE',''
  ) );
#1036 = FACE_BOUND('',#1037,.F.);
#1037 = EDGE_LOOP('',(#1038));
#1038 = ORIENTED_EDGE('',*,*,#1039,.F.);
#1039 = EDGE_CURVE('',#1040,#1040,#1042,.T.);
#1040 = VERTEX_POINT('',#1041);
#1041 = CARTESIAN_POINT('',(-18.75,-44.,4.));
#1042 = SURFACE_CURVE('',#1043,(#1048,#1055),.PCURVE_S1.);
#1043 = CIRCLE('',#1044,1.25);
#1044 = AXIS2_PLACEMENT_3D('',#1045,#1046,#1047);
#1045 = CARTESIAN_POINT('',(-20.,-44.,4.));
#1046 = DIRECTION('',(0.,0.,1.));
#1047 = DIRECTION('',(1.,0.,-0.));
#1048 = PCURVE('',#72,#1049);
#1049 = DEFINITIONAL_REPRESENTATION('',(#1050),#1054);
#1050 = CIRCLE('',#1051,1.25);
#1051 = AXIS2_PLACEMENT_2D('',#1052,#1053);
#1052 = CARTESIAN_POINT('',(90.,26.));
#1053 = DIRECTION('',(1.,0.));
#1054 = ( GEOMETRIC_REPRESENTATION_CONTEXT(2) 
PARAMETRIC_REPRESENTATION_CONTEXT() REPRESENTATION_CONTEXT('2D SPACE',''
  ) );
#1055 = PCURVE('',#375,#1056);
#1056 = DEFINITIONAL_REPRESENTATION('',(#1057),#1061);
#1057 = LINE('',#1058,#1059);
#1058 = CARTESIAN_POINT('',(0.,1.));
#1059 = VECTOR('',#1060,1.);
#1060 = DIRECTION('',(1.,0.));
#1061 = ( GEOMETRIC_REPRESENTATION_CONTEXT(2) 
PARAMETRIC_REPRESENTATION_CONTEXT() REPRESENTATION_CONTEXT('2D SPACE',''
  ) );
#1062 = FACE_BOUND('',#1063,.F.);
#1063 = EDGE_LOOP('',(#1064));
#1064 = ORIENTED_EDGE('',*,*,#1065,.F.);
#1065 = EDGE_CURVE('',#1066,#1066,#1068,.T.);
#1066 = VERTEX_POINT('',#1067);
#1067 = CARTESIAN_POINT('',(-94.75,-31.,4.));
#1068 = SURFACE_CURVE('',#1069,(#1074,#1081),.PCURVE_S1.);
#1069 = CIRCLE('',#1070,1.25);
#1070 = AXIS2_PLACEMENT_3D('',#1071,#1072,#1073);
#1071 = CARTESIAN_POINT('',(-96.,-31.,4.));
#1072 = DIRECTION('',(0.,0.,1.));
#1073 = DIRECTION('',(1.,0.,-0.));
#1074 = PCURVE('',#72,#1075);
#1075 = DEFINITIONAL_REPRESENTATION('',(#1076),#1080);
#1076 = CIRCLE('',#1077,1.25);
#1077 = AXIS2_PLACEMENT_2D('',#1078,#1079);
#1078 = CARTESIAN_POINT('',(14.,39.));
#1079 = DIRECTION('',(1.,0.));
#1080 = ( GEOMETRIC_REPRESENTATION_CONTEXT(2) 
PARAMETRIC_REPRESENTATION_CONTEXT() REPRESENTATION_CONTEXT('2D SPACE',''
  ) );
#1081 = PCURVE('',#406,#1082);
#1082 = DEFINITIONAL_REPRESENTATION('',(#1083),#1087);
#1083 = LINE('',#1084,#1085);
#1084 = CARTESIAN_POINT('',(0.,1.));
#1085 = VECTOR('',#1086,1.);
#1086 = DIRECTION('',(1.,0.));
#1087 = ( GEOMETRIC_REPRESENTATION_CONTEXT(2) 
PARAMETRIC_REPRESENTATION_CONTEXT() REPRESENTATION_CONTEXT('2D SPACE',''
  ) );
#1088 = FACE_BOUND('',#1089,.F.);
#1089 = EDGE_LOOP('',(#1090));
#1090 = ORIENTED_EDGE('',*,*,#1091,.F.);
#1091 = EDGE_CURVE('',#1092,#1092,#1094,.T.);
#1092 = VERTEX_POINT('',#1093);
#1093 = CARTESIAN_POINT('',(-2.75,-31.,4.));
#1094 = SURFACE_CURVE('',#1095,(#1100,#1107),.PCURVE_S1.);
#1095 = CIRCLE('',#1096,1.25);
#1096 = AXIS2_PLACEMENT_3D('',#1097,#1098,#1099);
#1097 = CARTESIAN_POINT('',(-4.,-31.,4.));
#1098 = DIRECTION('',(0.,0.,1.));
#1099 = DIRECTION('',(1.,0.,-0.));
#1100 = PCURVE('',#72,#1101);
#1101 = DEFINITIONAL_REPRESENTATION('',(#1102),#1106);
#1102 = CIRCLE('',#1103,1.25);
#1103 = AXIS2_PLACEMENT_2D('',#1104,#1105);
#1104 = CARTESIAN_POINT('',(106.,39.));
#1105 = DIRECTION('',(1.,0.));
#1106 = ( GEOMETRIC_REPRESENTATION_CONTEXT(2) 
PARAMETRIC_REPRESENTATION_CONTEXT() REPRESENTATION_CONTEXT('2D SPACE',''
  ) );
#1107 = PCURVE('',#437,#1108);
#1108 = DEFINITIONAL_REPRESENTATION('',(#1109),#1113);
#1109 = LINE('',#1110,#1111);
#1110 = CARTESIAN_POINT('',(0.,1.));
#1111 = VECTOR('',#1112,1.);
#1112 = DIRECTION('',(1.,0.));
#1113 = ( GEOMETRIC_REPRESENTATION_CONTEXT(2) 
PARAMETRIC_REPRESENTATION_CONTEXT() REPRESENTATION_CONTEXT('2D SPACE',''
  ) );
#1114 = FACE_BOUND('',#1115,.F.);
#1115 = EDGE_LOOP('',(#1116));
#1116 = ORIENTED_EDGE('',*,*,#1117,.F.);
#1117 = EDGE_CURVE('',#1118,#1118,#1120,.T.);
#1118 = VERTEX_POINT('',#1119);
#1119 = CARTESIAN_POINT('',(104.75,-62.5,4.));
#1120 = SURFACE_CURVE('',#1121,(#1126,#1133),.PCURVE_S1.);
#1121 = CIRCLE('',#1122,2.25);
#1122 = AXIS2_PLACEMENT_3D('',#1123,#1124,#1125);
#1123 = CARTESIAN_POINT('',(102.5,-62.5,4.));
#1124 = DIRECTION('',(0.,0.,1.));
#1125 = DIRECTION('',(1.,0.,-0.));
#1126 = PCURVE('',#72,#1127);
#1127 = DEFINITIONAL_REPRESENTATION('',(#1128),#1132);
#1128 = CIRCLE('',#1129,2.25);
#1129 = AXIS2_PLACEMENT_2D('',#1130,#1131);
#1130 = CARTESIAN_POINT('',(212.5,7.5));
#1131 = DIRECTION('',(1.,0.));
#1132 = ( GEOMETRIC_REPRESENTATION_CONTEXT(2) 
PARAMETRIC_REPRESENTATION_CONTEXT() REPRESENTATION_CONTEXT('2D SPACE',''
  ) );
#1133 = PCURVE('',#468,#1134);
#1134 = DEFINITIONAL_REPRESENTATION('',(#1135),#1139);
#1135 = LINE('',#1136,#1137);
#1136 = CARTESIAN_POINT('',(0.,1.));
#1137 = VECTOR('',#1138,1.);
#1138 = DIRECTION('',(1.,0.));
#1139 = ( GEOMETRIC_REPRESENTATION_CONTEXT(2) 
PARAMETRIC_REPRESENTATION_CONTEXT() REPRESENTATION_CONTEXT('2D SPACE',''
  ) );
#1140 = FACE_BOUND('',#1141,.F.);
#1141 = EDGE_LOOP('',(#1142));
#1142 = ORIENTED_EDGE('',*,*,#1143,.F.);
#1143 = EDGE_CURVE('',#1144,#1144,#1146,.T.);
#1144 = VERTEX_POINT('',#1145);
#1145 = CARTESIAN_POINT('',(94.5,-50.,4.));
#1146 = SURFACE_CURVE('',#1147,(#1152,#1159),.PCURVE_S1.);
#1147 = CIRCLE('',#1148,4.5);
#1148 = AXIS2_PLACEMENT_3D('',#1149,#1150,#1151);
#1149 = CARTESIAN_POINT('',(90.,-50.,4.));
#1150 = DIRECTION('',(0.,0.,1.));
#1151 = DIRECTION('',(1.,0.,-0.));
#1152 = PCURVE('',#72,#1153);
#1153 = DEFINITIONAL_REPRESENTATION('',(#1154),#1158);
#1154 = CIRCLE('',#1155,4.5);
#1155 = AXIS2_PLACEMENT_2D('',#1156,#1157);
#1156 = CARTESIAN_POINT('',(200.,20.));
#1157 = DIRECTION('',(1.,0.));
#1158 = ( GEOMETRIC_REPRESENTATION_CONTEXT(2) 
PARAMETRIC_REPRESENTATION_CONTEXT() REPRESENTATION_CONTEXT('2D SPACE',''
  ) );
#1159 = PCURVE('',#499,#1160);
#1160 = DEFINITIONAL_REPRESENTATION('',(#1161),#1165);
#1161 = LINE('',#1162,#1163);
#1162 = CARTESIAN_POINT('',(0.,1.));
#1163 = VECTOR('',#1164,1.);
#1164 = DIRECTION('',(1.,0.));
#1165 = ( GEOMETRIC_REPRESENTATION_CONTEXT(2) 
PARAMETRIC_REPRESENTATION_CONTEXT() REPRESENTATION_CONTEXT('2D SPACE',''
  ) );
#1166 = FACE_BOUND('',#1167,.F.);
#1167 = EDGE_LOOP('',(#1168));
#1168 = ORIENTED_EDGE('',*,*,#1169,.F.);
#1169 = EDGE_CURVE('',#1170,#1170,#1172,.T.);
#1170 = VERTEX_POINT('',#1171);
#1171 = CARTESIAN_POINT('',(-94.75,21.,4.));
#1172 = SURFACE_CURVE('',#1173,(#1178,#1185),.PCURVE_S1.);
#1173 = CIRCLE('',#1174,1.25);
#1174 = AXIS2_PLACEMENT_3D('',#1175,#1176,#1177);
#1175 = CARTESIAN_POINT('',(-96.,21.,4.));
#1176 = DIRECTION('',(0.,0.,1.));
#1177 = DIRECTION('',(1.,0.,-0.));
#1178 = PCURVE('',#72,#1179);
#1179 = DEFINITIONAL_REPRESENTATION('',(#1180),#1184);
#1180 = CIRCLE('',#1181,1.25);
#1181 = AXIS2_PLACEMENT_2D('',#1182,#1183);
#1182 = CARTESIAN_POINT('',(14.,91.));
#1183 = DIRECTION('',(1.,0.));
#1184 = ( GEOMETRIC_REPRESENTATION_CONTEXT(2) 
PARAMETRIC_REPRESENTATION_CONTEXT() REPRESENTATION_CONTEXT('2D SPACE',''
  ) );
#1185 = PCURVE('',#530,#1186);
#1186 = DEFINITIONAL_REPRESENTATION('',(#1187),#1191);
#1187 = LINE('',#1188,#1189);
#1188 = CARTESIAN_POINT('',(0.,1.));
#1189 = VECTOR('',#1190,1.);
#1190 = DIRECTION('',(1.,0.));
#1191 = ( GEOMETRIC_REPRESENTATION_CONTEXT(2) 
PARAMETRIC_REPRESENTATION_CONTEXT() REPRESENTATION_CONTEXT('2D SPACE',''
  ) );
#1192 = FACE_BOUND('',#1193,.F.);
#1193 = EDGE_LOOP('',(#1194));
#1194 = ORIENTED_EDGE('',*,*,#1195,.F.);
#1195 = EDGE_CURVE('',#1196,#1196,#1198,.T.);
#1196 = VERTEX_POINT('',#1197);
#1197 = CARTESIAN_POINT('',(-78.75,32.,4.));
#1198 = SURFACE_CURVE('',#1199,(#1204,#1211),.PCURVE_S1.);
#1199 = CIRCLE('',#1200,1.25);
#1200 = AXIS2_PLACEMENT_3D('',#1201,#1202,#1203);
#1201 = CARTESIAN_POINT('',(-80.,32.,4.));
#1202 = DIRECTION('',(0.,0.,1.));
#1203 = DIRECTION('',(1.,0.,-0.));
#1204 = PCURVE('',#72,#1205);
#1205 = DEFINITIONAL_REPRESENTATION('',(#1206),#1210);
#1206 = CIRCLE('',#1207,1.25);
#1207 = AXIS2_PLACEMENT_2D('',#1208,#1209);
#1208 = CARTESIAN_POINT('',(30.,102.));
#1209 = DIRECTION('',(1.,0.));
#1210 = ( GEOMETRIC_REPRESENTATION_CONTEXT(2) 
PARAMETRIC_REPRESENTATION_CONTEXT() REPRESENTATION_CONTEXT('2D SPACE',''
  ) );
#1211 = PCURVE('',#561,#1212);
#1212 = DEFINITIONAL_REPRESENTATION('',(#1213),#1217);
#1213 = LINE('',#1214,#1215);
#1214 = CARTESIAN_POINT('',(0.,1.));
#1215 = VECTOR('',#1216,1.);
#1216 = DIRECTION('',(1.,0.));
#1217 = ( GEOMETRIC_REPRESENTATION_CONTEXT(2) 
PARAMETRIC_REPRESENTATION_CONTEXT() REPRESENTATION_CONTEXT('2D SPACE',''
  ) );
#1218 = FACE_BOUND('',#1219,.F.);
#1219 = EDGE_LOOP('',(#1220));
#1220 = ORIENTED_EDGE('',*,*,#1221,.F.);
#1221 = EDGE_CURVE('',#1222,#1222,#1224,.T.);
#1222 = VERTEX_POINT('',#1223);
#1223 = CARTESIAN_POINT('',(-2.75,21.,4.));
#1224 = SURFACE_CURVE('',#1225,(#1230,#1237),.PCURVE_S1.);
#1225 = CIRCLE('',#1226,1.25);
#1226 = AXIS2_PLACEMENT_3D('',#1227,#1228,#1229);
#1227 = CARTESIAN_POINT('',(-4.,21.,4.));
#1228 = DIRECTION('',(0.,0.,1.));
#1229 = DIRECTION('',(1.,0.,-0.));
#1230 = PCURVE('',#72,#1231);
#1231 = DEFINITIONAL_REPRESENTATION('',(#1232),#1236);
#1232 = CIRCLE('',#1233,1.25);
#1233 = AXIS2_PLACEMENT_2D('',#1234,#1235);
#1234 = CARTESIAN_POINT('',(106.,91.));
#1235 = DIRECTION('',(1.,0.));
#1236 = ( GEOMETRIC_REPRESENTATION_CONTEXT(2) 
PARAMETRIC_REPRESENTATION_CONTEXT() REPRESENTATION_CONTEXT('2D SPACE',''
  ) );
#1237 = PCURVE('',#592,#1238);
#1238 = DEFINITIONAL_REPRESENTATION('',(#1239),#1243);
#1239 = LINE('',#1240,#1241);
#1240 = CARTESIAN_POINT('',(0.,1.));
#1241 = VECTOR('',#1242,1.);
#1242 = DIRECTION('',(1.,0.));
#1243 = ( GEOMETRIC_REPRESENTATION_CONTEXT(2) 
PARAMETRIC_REPRESENTATION_CONTEXT() REPRESENTATION_CONTEXT('2D SPACE',''
  ) );
#1244 = FACE_BOUND('',#1245,.F.);
#1245 = EDGE_LOOP('',(#1246));
#1246 = ORIENTED_EDGE('',*,*,#1247,.F.);
#1247 = EDGE_CURVE('',#1248,#1248,#1250,.T.);
#1248 = VERTEX_POINT('',#1249);
#1249 = CARTESIAN_POINT('',(-18.75,32.,4.));
#1250 = SURFACE_CURVE('',#1251,(#1256,#1263),.PCURVE_S1.);
#1251 = CIRCLE('',#1252,1.25);
#1252 = AXIS2_PLACEMENT_3D('',#1253,#1254,#1255);
#1253 = CARTESIAN_POINT('',(-20.,32.,4.));
#1254 = DIRECTION('',(0.,0.,1.));
#1255 = DIRECTION('',(1.,0.,-0.));
#1256 = PCURVE('',#72,#1257);
#1257 = DEFINITIONAL_REPRESENTATION('',(#1258),#1262);
#1258 = CIRCLE('',#1259,1.25);
#1259 = AXIS2_PLACEMENT_2D('',#1260,#1261);
#1260 = CARTESIAN_POINT('',(90.,102.));
#1261 = DIRECTION('',(1.,0.));
#1262 = ( GEOMETRIC_REPRESENTATION_CONTEXT(2) 
PARAMETRIC_REPRESENTATION_CONTEXT() REPRESENTATION_CONTEXT('2D SPACE',''
  ) );
#1263 = PCURVE('',#623,#1264);
#1264 = DEFINITIONAL_REPRESENTATION('',(#1265),#1269);
#1265 = LINE('',#1266,#1267);
#1266 = CARTESIAN_POINT('',(0.,1.));
#1267 = VECTOR('',#1268,1.);
#1268 = DIRECTION('',(1.,0.));
#1269 = ( GEOMETRIC_REPRESENTATION_CONTEXT(2) 
PARAMETRIC_REPRESENTATION_CONTEXT() REPRESENTATION_CONTEXT('2D SPACE',''
  ) );
#1270 = FACE_BOUND('',#1271,.F.);
#1271 = EDGE_LOOP('',(#1272));
#1272 = ORIENTED_EDGE('',*,*,#1273,.F.);
#1273 = EDGE_CURVE('',#1274,#1274,#1276,.T.);
#1274 = VERTEX_POINT('',#1275);
#1275 = CARTESIAN_POINT('',(-85.5,50.,4.));
#1276 = SURFACE_CURVE('',#1277,(#1282,#1289),.PCURVE_S1.);
#1277 = CIRCLE('',#1278,4.5);
#1278 = AXIS2_PLACEMENT_3D('',#1279,#1280,#1281);
#1279 = CARTESIAN_POINT('',(-90.,50.,4.));
#1280 = DIRECTION('',(0.,0.,1.));
#1281 = DIRECTION('',(1.,0.,-0.));
#1282 = PCURVE('',#72,#1283);
#1283 = DEFINITIONAL_REPRESENTATION('',(#1284),#1288);
#1284 = CIRCLE('',#1285,4.5);
#1285 = AXIS2_PLACEMENT_2D('',#1286,#1287);
#1286 = CARTESIAN_POINT('',(20.,120.));
#1287 = DIRECTION('',(1.,0.));
#1288 = ( GEOMETRIC_REPRESENTATION_CONTEXT(2) 
PARAMETRIC_REPRESENTATION_CONTEXT() REPRESENTATION_CONTEXT('2D SPACE',''
  ) );
#1289 = PCURVE('',#654,#1290);
#1290 = DEFINITIONAL_REPRESENTATION('',(#1291),#1295);
#1291 = LINE('',#1292,#1293);
#1292 = CARTESIAN_POINT('',(0.,1.));
#1293 = VECTOR('',#1294,1.);
#1294 = DIRECTION('',(1.,0.));
#1295 = ( GEOMETRIC_REPRESENTATION_CONTEXT(2) 
PARAMETRIC_REPRESENTATION_CONTEXT() REPRESENTATION_CONTEXT('2D SPACE',''
  ) );
#1296 = FACE_BOUND('',#1297,.F.);
#1297 = EDGE_LOOP('',(#1298));
#1298 = ORIENTED_EDGE('',*,*,#1299,.F.);
#1299 = EDGE_CURVE('',#1300,#1300,#1302,.T.);
#1300 = VERTEX_POINT('',#1301);
#1301 = CARTESIAN_POINT('',(-100.25,62.5,4.));
#1302 = SURFACE_CURVE('',#1303,(#1308,#1315),.PCURVE_S1.);
#1303 = CIRCLE('',#1304,2.25);
#1304 = AXIS2_PLACEMENT_3D('',#1305,#1306,#1307);
#1305 = CARTESIAN_POINT('',(-102.5,62.5,4.));
#1306 = DIRECTION('',(0.,0.,1.));
#1307 = DIRECTION('',(1.,0.,-0.));
#1308 = PCURVE('',#72,#1309);
#1309 = DEFINITIONAL_REPRESENTATION('',(#1310),#1314);
#1310 = CIRCLE('',#1311,2.25);
#1311 = AXIS2_PLACEMENT_2D('',#1312,#1313);
#1312 = CARTESIAN_POINT('',(7.5,132.5));
#1313 = DIRECTION('',(1.,0.));
#1314 = ( GEOMETRIC_REPRESENTATION_CONTEXT(2) 
PARAMETRIC_REPRESENTATION_CONTEXT() REPRESENTATION_CONTEXT('2D SPACE',''
  ) );
#1315 = PCURVE('',#685,#1316);
#1316 = DEFINITIONAL_REPRESENTATION('',(#1317),#1321);
#1317 = LINE('',#1318,#1319);
#1318 = CARTESIAN_POINT('',(0.,1.));
#1319 = VECTOR('',#1320,1.);
#1320 = DIRECTION('',(1.,0.));
#1321 = ( GEOMETRIC_REPRESENTATION_CONTEXT(2) 
PARAMETRIC_REPRESENTATION_CONTEXT() REPRESENTATION_CONTEXT('2D SPACE',''
  ) );
#1322 = FACE_BOUND('',#1323,.F.);
#1323 = EDGE_LOOP('',(#1324));
#1324 = ORIENTED_EDGE('',*,*,#1325,.F.);
#1325 = EDGE_CURVE('',#1326,#1326,#1328,.T.);
#1326 = VERTEX_POINT('',#1327);
#1327 = CARTESIAN_POINT('',(11.65,-4.041334437186E-16,4.));
#1328 = SURFACE_CURVE('',#1329,(#1334,#1341),.PCURVE_S1.);
#1329 = CIRCLE('',#1330,1.65);
#1330 = AXIS2_PLACEMENT_3D('',#1331,#1332,#1333);
#1331 = CARTESIAN_POINT('',(10.,0.,4.));
#1332 = DIRECTION('',(0.,0.,1.));
#1333 = DIRECTION('',(1.,0.,-0.));
#1334 = PCURVE('',#72,#1335);
#1335 = DEFINITIONAL_REPRESENTATION('',(#1336),#1340);
#1336 = CIRCLE('',#1337,1.65);
#1337 = AXIS2_PLACEMENT_2D('',#1338,#1339);
#1338 = CARTESIAN_POINT('',(120.,70.));
#1339 = DIRECTION('',(1.,0.));
#1340 = ( GEOMETRIC_REPRESENTATION_CONTEXT(2) 
PARAMETRIC_REPRESENTATION_CONTEXT() REPRESENTATION_CONTEXT('2D SPACE',''
  ) );
#1341 = PCURVE('',#716,#1342);
#1342 = DEFINITIONAL_REPRESENTATION('',(#1343),#1347);
#1343 = LINE('',#1344,#1345);
#1344 = CARTESIAN_POINT('',(0.,1.));
#1345 = VECTOR('',#1346,1.);
#1346 = DIRECTION('',(1.,0.));
#1347 = ( GEOMETRIC_REPRESENTATION_CONTEXT(2) 
PARAMETRIC_REPRESENTATION_CONTEXT() REPRESENTATION_CONTEXT('2D SPACE',''
  ) );
#1348 = FACE_BOUND('',#1349,.F.);
#1349 = EDGE_LOOP('',(#1350));
#1350 = ORIENTED_EDGE('',*,*,#1351,.F.);
#1351 = EDGE_CURVE('',#1352,#1352,#1354,.T.);
#1352 = VERTEX_POINT('',#1353);
#1353 = CARTESIAN_POINT('',(71.65,-4.041334437186E-16,4.));
#1354 = SURFACE_CURVE('',#1355,(#1360,#1367),.PCURVE_S1.);
#1355 = CIRCLE('',#1356,1.65);
#1356 = AXIS2_PLACEMENT_3D('',#1357,#1358,#1359);
#1357 = CARTESIAN_POINT('',(70.,0.,4.));
#1358 = DIRECTION('',(0.,0.,1.));
#1359 = DIRECTION('',(1.,0.,-0.));
#1360 = PCURVE('',#72,#1361);
#1361 = DEFINITIONAL_REPRESENTATION('',(#1362),#1366);
#1362 = CIRCLE('',#1363,1.65);
#1363 = AXIS2_PLACEMENT_2D('',#1364,#1365);
#1364 = CARTESIAN_POINT('',(180.,70.));
#1365 = DIRECTION('',(1.,0.));
#1366 = ( GEOMETRIC_REPRESENTATION_CONTEXT(2) 
PARAMETRIC_REPRESENTATION_CONTEXT() REPRESENTATION_CONTEXT('2D SPACE',''
  ) );
#1367 = PCURVE('',#747,#1368);
#1368 = DEFINITIONAL_REPRESENTATION('',(#1369),#1373);
#1369 = LINE('',#1370,#1371);
#1370 = CARTESIAN_POINT('',(0.,1.));
#1371 = VECTOR('',#1372,1.);
#1372 = DIRECTION('',(1.,0.));
#1373 = ( GEOMETRIC_REPRESENTATION_CONTEXT(2) 
PARAMETRIC_REPRESENTATION_CONTEXT() REPRESENTATION_CONTEXT('2D SPACE',''
  ) );
#1374 = FACE_BOUND('',#1375,.F.);
#1375 = EDGE_LOOP('',(#1376));
#1376 = ORIENTED_EDGE('',*,*,#1377,.F.);
#1377 = EDGE_CURVE('',#1378,#1378,#1380,.T.);
#1378 = VERTEX_POINT('',#1379);
#1379 = CARTESIAN_POINT('',(21.65,47.,4.));
#1380 = SURFACE_CURVE('',#1381,(#1386,#1393),.PCURVE_S1.);
#1381 = CIRCLE('',#1382,1.65);
#1382 = AXIS2_PLACEMENT_3D('',#1383,#1384,#1385);
#1383 = CARTESIAN_POINT('',(20.,47.,4.));
#1384 = DIRECTION('',(0.,0.,1.));
#1385 = DIRECTION('',(1.,0.,-0.));
#1386 = PCURVE('',#72,#1387);
#1387 = DEFINITIONAL_REPRESENTATION('',(#1388),#1392);
#1388 = CIRCLE('',#1389,1.65);
#1389 = AXIS2_PLACEMENT_2D('',#1390,#1391);
#1390 = CARTESIAN_POINT('',(130.,117.));
#1391 = DIRECTION('',(1.,0.));
#1392 = ( GEOMETRIC_REPRESENTATION_CONTEXT(2) 
PARAMETRIC_REPRESENTATION_CONTEXT() REPRESENTATION_CONTEXT('2D SPACE',''
  ) );
#1393 = PCURVE('',#778,#1394);
#1394 = DEFINITIONAL_REPRESENTATION('',(#1395),#1399);
#1395 = LINE('',#1396,#1397);
#1396 = CARTESIAN_POINT('',(0.,1.));
#1397 = VECTOR('',#1398,1.);
#1398 = DIRECTION('',(1.,0.));
#1399 = ( GEOMETRIC_REPRESENTATION_CONTEXT(2) 
PARAMETRIC_REPRESENTATION_CONTEXT() REPRESENTATION_CONTEXT('2D SPACE',''
  ) );
#1400 = FACE_BOUND('',#1401,.F.);
#1401 = EDGE_LOOP('',(#1402));
#1402 = ORIENTED_EDGE('',*,*,#1403,.F.);
#1403 = EDGE_CURVE('',#1404,#1404,#1406,.T.);
#1404 = VERTEX_POINT('',#1405);
#1405 = CARTESIAN_POINT('',(63.65,47.,4.));
#1406 = SURFACE_CURVE('',#1407,(#1412,#1419),.PCURVE_S1.);
#1407 = CIRCLE('',#1408,1.65);
#1408 = AXIS2_PLACEMENT_3D('',#1409,#1410,#1411);
#1409 = CARTESIAN_POINT('',(62.,47.,4.));
#1410 = DIRECTION('',(0.,0.,1.));
#1411 = DIRECTION('',(1.,0.,-0.));
#1412 = PCURVE('',#72,#1413);
#1413 = DEFINITIONAL_REPRESENTATION('',(#1414),#1418);
#1414 = CIRCLE('',#1415,1.65);
#1415 = AXIS2_PLACEMENT_2D('',#1416,#1417);
#1416 = CARTESIAN_POINT('',(172.,117.));
#1417 = DIRECTION('',(1.,0.));
#1418 = ( GEOMETRIC_REPRESENTATION_CONTEXT(2) 
PARAMETRIC_REPRESENTATION_CONTEXT() REPRESENTATION_CONTEXT('2D SPACE',''
  ) );
#1419 = PCURVE('',#809,#1420);
#1420 = DEFINITIONAL_REPRESENTATION('',(#1421),#1425);
#1421 = LINE('',#1422,#1423);
#1422 = CARTESIAN_POINT('',(0.,1.));
#1423 = VECTOR('',#1424,1.);
#1424 = DIRECTION('',(1.,0.));
#1425 = ( GEOMETRIC_REPRESENTATION_CONTEXT(2) 
PARAMETRIC_REPRESENTATION_CONTEXT() REPRESENTATION_CONTEXT('2D SPACE',''
  ) );
#1426 = FACE_BOUND('',#1427,.F.);
#1427 = EDGE_LOOP('',(#1428));
#1428 = ORIENTED_EDGE('',*,*,#1429,.F.);
#1429 = EDGE_CURVE('',#1430,#1430,#1432,.T.);
#1430 = VERTEX_POINT('',#1431);
#1431 = CARTESIAN_POINT('',(94.5,50.,4.));
#1432 = SURFACE_CURVE('',#1433,(#1438,#1445),.PCURVE_S1.);
#1433 = CIRCLE('',#1434,4.5);
#1434 = AXIS2_PLACEMENT_3D('',#1435,#1436,#1437);
#1435 = CARTESIAN_POINT('',(90.,50.,4.));
#1436 = DIRECTION('',(0.,0.,1.));
#1437 = DIRECTION('',(1.,0.,-0.));
#1438 = PCURVE('',#72,#1439);
#1439 = DEFINITIONAL_REPRESENTATION('',(#1440),#1444);
#1440 = CIRCLE('',#1441,4.5);
#1441 = AXIS2_PLACEMENT_2D('',#1442,#1443);
#1442 = CARTESIAN_POINT('',(200.,120.));
#1443 = DIRECTION('',(1.,0.));
#1444 = ( GEOMETRIC_REPRESENTATION_CONTEXT(2) 
PARAMETRIC_REPRESENTATION_CONTEXT() REPRESENTATION_CONTEXT('2D SPACE',''
  ) );
#1445 = PCURVE('',#840,#1446);
#1446 = DEFINITIONAL_REPRESENTATION('',(#1447),#1451);
#1447 = LINE('',#1448,#1449);
#1448 = CARTESIAN_POINT('',(0.,1.));
#1449 = VECTOR('',#1450,1.);
#1450 = DIRECTION('',(1.,0.));
#1451 = ( GEOMETRIC_REPRESENTATION_CONTEXT(2) 
PARAMETRIC_REPRESENTATION_CONTEXT() REPRESENTATION_CONTEXT('2D SPACE',''
  ) );
#1452 = FACE_BOUND('',#1453,.F.);
#1453 = EDGE_LOOP('',(#1454));
#1454 = ORIENTED_EDGE('',*,*,#1455,.F.);
#1455 = EDGE_CURVE('',#1456,#1456,#1458,.T.);
#1456 = VERTEX_POINT('',#1457);
#1457 = CARTESIAN_POINT('',(104.75,62.5,4.));
#1458 = SURFACE_CURVE('',#1459,(#1464,#1471),.PCURVE_S1.);
#1459 = CIRCLE('',#1460,2.25);
#1460 = AXIS2_PLACEMENT_3D('',#1461,#1462,#1463);
#1461 = CARTESIAN_POINT('',(102.5,62.5,4.));
#1462 = DIRECTION('',(0.,0.,1.));
#1463 = DIRECTION('',(1.,0.,-0.));
#1464 = PCURVE('',#72,#1465);
#1465 = DEFINITIONAL_REPRESENTATION('',(#1466),#1470);
#1466 = CIRCLE('',#1467,2.25);
#1467 = AXIS2_PLACEMENT_2D('',#1468,#1469);
#1468 = CARTESIAN_POINT('',(212.5,132.5));
#1469 = DIRECTION('',(1.,0.));
#1470 = ( GEOMETRIC_REPRESENTATION_CONTEXT(2) 
PARAMETRIC_REPRESENTATION_CONTEXT() REPRESENTATION_CONTEXT('2D SPACE',''
  ) );
#1471 = PCURVE('',#871,#1472);
#1472 = DEFINITIONAL_REPRESENTATION('',(#1473),#1477);
#1473 = LINE('',#1474,#1475);
#1474 = CARTESIAN_POINT('',(0.,1.));
#1475 = VECTOR('',#1476,1.);
#1476 = DIRECTION('',(1.,0.));
#1477 = ( GEOMETRIC_REPRESENTATION_CONTEXT(2) 
PARAMETRIC_REPRESENTATION_CONTEXT() REPRESENTATION_CONTEXT('2D SPACE',''
  ) );
#1478 = ADVANCED_FACE('',(#1479),#202,.T.);
#1479 = FACE_BOUND('',#1480,.T.);
#1480 = EDGE_LOOP('',(#1481,#1482,#1483,#1484));
#1481 = ORIENTED_EDGE('',*,*,#188,.F.);
#1482 = ORIENTED_EDGE('',*,*,#937,.T.);
#1483 = ORIENTED_EDGE('',*,*,#911,.T.);
#1484 = ORIENTED_EDGE('',*,*,#219,.F.);
#1485 = ADVANCED_FACE('',(#1486),#282,.F.);
#1486 = FACE_BOUND('',#1487,.F.);
#1487 = EDGE_LOOP('',(#1488,#1489,#1510,#1511));
#1488 = ORIENTED_EDGE('',*,*,#265,.F.);
#1489 = ORIENTED_EDGE('',*,*,#1490,.F.);
#1490 = EDGE_CURVE('',#962,#266,#1491,.T.);
#1491 = SEAM_CURVE('',#1492,(#1496,#1503),.PCURVE_S1.);
#1492 = LINE('',#1493,#1494);
#1493 = CARTESIAN_POINT('',(-100.25,-62.5,3.));
#1494 = VECTOR('',#1495,1.);
#1495 = DIRECTION('',(0.,0.,1.));
#1496 = PCURVE('',#282,#1497);
#1497 = DEFINITIONAL_REPRESENTATION('',(#1498),#1502);
#1498 = LINE('',#1499,#1500);
#1499 = CARTESIAN_POINT('',(6.28318530718,-0.));
#1500 = VECTOR('',#1501,1.);
#1501 = DIRECTION('',(0.,1.));
#1502 = ( GEOMETRIC_REPRESENTATION_CONTEXT(2) 
PARAMETRIC_REPRESENTATION_CONTEXT() REPRESENTATION_CONTEXT('2D SPACE',''
  ) );
#1503 = PCURVE('',#282,#1504);
#1504 = DEFINITIONAL_REPRESENTATION('',(#1505),#1509);
#1505 = LINE('',#1506,#1507);
#1506 = CARTESIAN_POINT('',(0.,-0.));
#1507 = VECTOR('',#1508,1.);
#1508 = DIRECTION('',(0.,1.));
#1509 = ( GEOMETRIC_REPRESENTATION_CONTEXT(2) 
PARAMETRIC_REPRESENTATION_CONTEXT() REPRESENTATION_CONTEXT('2D SPACE',''
  ) );
#1510 = ORIENTED_EDGE('',*,*,#961,.T.);
#1511 = ORIENTED_EDGE('',*,*,#1490,.T.);
#1512 = ADVANCED_FACE('',(#1513),#313,.F.);
#1513 = FACE_BOUND('',#1514,.F.);
#1514 = EDGE_LOOP('',(#1515,#1516,#1537,#1538));
#1515 = ORIENTED_EDGE('',*,*,#296,.F.);
#1516 = ORIENTED_EDGE('',*,*,#1517,.F.);
#1517 = EDGE_CURVE('',#988,#297,#1518,.T.);
#1518 = SEAM_CURVE('',#1519,(#1523,#1530),.PCURVE_S1.);
#1519 = LINE('',#1520,#1521);
#1520 = CARTESIAN_POINT('',(-85.5,-50.,3.));
#1521 = VECTOR('',#1522,1.);
#1522 = DIRECTION('',(0.,0.,1.));
#1523 = PCURVE('',#313,#1524);
#1524 = DEFINITIONAL_REPRESENTATION('',(#1525),#1529);
#1525 = LINE('',#1526,#1527);
#1526 = CARTESIAN_POINT('',(6.28318530718,-0.));
#1527 = VECTOR('',#1528,1.);
#1528 = DIRECTION('',(0.,1.));
#1529 = ( GEOMETRIC_REPRESENTATION_CONTEXT(2) 
PARAMETRIC_REPRESENTATION_CONTEXT() REPRESENTATION_CONTEXT('2D SPACE',''
  ) );
#1530 = PCURVE('',#313,#1531);
#1531 = DEFINITIONAL_REPRESENTATION('',(#1532),#1536);
#1532 = LINE('',#1533,#1534);
#1533 = CARTESIAN_POINT('',(0.,-0.));
#1534 = VECTOR('',#1535,1.);
#1535 = DIRECTION('',(0.,1.));
#1536 = ( GEOMETRIC_REPRESENTATION_CONTEXT(2) 
PARAMETRIC_REPRESENTATION_CONTEXT() REPRESENTATION_CONTEXT('2D SPACE',''
  ) );
#1537 = ORIENTED_EDGE('',*,*,#987,.T.);
#1538 = ORIENTED_EDGE('',*,*,#1517,.T.);
#1539 = ADVANCED_FACE('',(#1540),#344,.F.);
#1540 = FACE_BOUND('',#1541,.F.);
#1541 = EDGE_LOOP('',(#1542,#1543,#1564,#1565));
#1542 = ORIENTED_EDGE('',*,*,#327,.F.);
#1543 = ORIENTED_EDGE('',*,*,#1544,.F.);
#1544 = EDGE_CURVE('',#1014,#328,#1545,.T.);
#1545 = SEAM_CURVE('',#1546,(#1550,#1557),.PCURVE_S1.);
#1546 = LINE('',#1547,#1548);
#1547 = CARTESIAN_POINT('',(-78.75,-44.,3.));
#1548 = VECTOR('',#1549,1.);
#1549 = DIRECTION('',(0.,0.,1.));
#1550 = PCURVE('',#344,#1551);
#1551 = DEFINITIONAL_REPRESENTATION('',(#1552),#1556);
#1552 = LINE('',#1553,#1554);
#1553 = CARTESIAN_POINT('',(6.28318530718,-0.));
#1554 = VECTOR('',#1555,1.);
#1555 = DIRECTION('',(0.,1.));
#1556 = ( GEOMETRIC_REPRESENTATION_CONTEXT(2) 
PARAMETRIC_REPRESENTATION_CONTEXT() REPRESENTATION_CONTEXT('2D SPACE',''
  ) );
#1557 = PCURVE('',#344,#1558);
#1558 = DEFINITIONAL_REPRESENTATION('',(#1559),#1563);
#1559 = LINE('',#1560,#1561);
#1560 = CARTESIAN_POINT('',(0.,-0.));
#1561 = VECTOR('',#1562,1.);
#1562 = DIRECTION('',(0.,1.));
#1563 = ( GEOMETRIC_REPRESENTATION_CONTEXT(2) 
PARAMETRIC_REPRESENTATION_CONTEXT() REPRESENTATION_CONTEXT('2D SPACE',''
  ) );
#1564 = ORIENTED_EDGE('',*,*,#1013,.T.);
#1565 = ORIENTED_EDGE('',*,*,#1544,.T.);
#1566 = ADVANCED_FACE('',(#1567),#375,.F.);
#1567 = FACE_BOUND('',#1568,.F.);
#1568 = EDGE_LOOP('',(#1569,#1570,#1591,#1592));
#1569 = ORIENTED_EDGE('',*,*,#358,.F.);
#1570 = ORIENTED_EDGE('',*,*,#1571,.F.);
#1571 = EDGE_CURVE('',#1040,#359,#1572,.T.);
#1572 = SEAM_CURVE('',#1573,(#1577,#1584),.PCURVE_S1.);
#1573 = LINE('',#1574,#1575);
#1574 = CARTESIAN_POINT('',(-18.75,-44.,3.));
#1575 = VECTOR('',#1576,1.);
#1576 = DIRECTION('',(0.,0.,1.));
#1577 = PCURVE('',#375,#1578);
#1578 = DEFINITIONAL_REPRESENTATION('',(#1579),#1583);
#1579 = LINE('',#1580,#1581);
#1580 = CARTESIAN_POINT('',(6.28318530718,-0.));
#1581 = VECTOR('',#1582,1.);
#1582 = DIRECTION('',(0.,1.));
#1583 = ( GEOMETRIC_REPRESENTATION_CONTEXT(2) 
PARAMETRIC_REPRESENTATION_CONTEXT() REPRESENTATION_CONTEXT('2D SPACE',''
  ) );
#1584 = PCURVE('',#375,#1585);
#1585 = DEFINITIONAL_REPRESENTATION('',(#1586),#1590);
#1586 = LINE('',#1587,#1588);
#1587 = CARTESIAN_POINT('',(0.,-0.));
#1588 = VECTOR('',#1589,1.);
#1589 = DIRECTION('',(0.,1.));
#1590 = ( GEOMETRIC_REPRESENTATION_CONTEXT(2) 
PARAMETRIC_REPRESENTATION_CONTEXT() REPRESENTATION_CONTEXT('2D SPACE',''
  ) );
#1591 = ORIENTED_EDGE('',*,*,#1039,.T.);
#1592 = ORIENTED_EDGE('',*,*,#1571,.T.);
#1593 = ADVANCED_FACE('',(#1594),#406,.F.);
#1594 = FACE_BOUND('',#1595,.F.);
#1595 = EDGE_LOOP('',(#1596,#1597,#1618,#1619));
#1596 = ORIENTED_EDGE('',*,*,#389,.F.);
#1597 = ORIENTED_EDGE('',*,*,#1598,.F.);
#1598 = EDGE_CURVE('',#1066,#390,#1599,.T.);
#1599 = SEAM_CURVE('',#1600,(#1604,#1611),.PCURVE_S1.);
#1600 = LINE('',#1601,#1602);
#1601 = CARTESIAN_POINT('',(-94.75,-31.,3.));
#1602 = VECTOR('',#1603,1.);
#1603 = DIRECTION('',(0.,0.,1.));
#1604 = PCURVE('',#406,#1605);
#1605 = DEFINITIONAL_REPRESENTATION('',(#1606),#1610);
#1606 = LINE('',#1607,#1608);
#1607 = CARTESIAN_POINT('',(6.28318530718,-0.));
#1608 = VECTOR('',#1609,1.);
#1609 = DIRECTION('',(0.,1.));
#1610 = ( GEOMETRIC_REPRESENTATION_CONTEXT(2) 
PARAMETRIC_REPRESENTATION_CONTEXT() REPRESENTATION_CONTEXT('2D SPACE',''
  ) );
#1611 = PCURVE('',#406,#1612);
#1612 = DEFINITIONAL_REPRESENTATION('',(#1613),#1617);
#1613 = LINE('',#1614,#1615);
#1614 = CARTESIAN_POINT('',(0.,-0.));
#1615 = VECTOR('',#1616,1.);
#1616 = DIRECTION('',(0.,1.));
#1617 = ( GEOMETRIC_REPRESENTATION_CONTEXT(2) 
PARAMETRIC_REPRESENTATION_CONTEXT() REPRESENTATION_CONTEXT('2D SPACE',''
  ) );
#1618 = ORIENTED_EDGE('',*,*,#1065,.T.);
#1619 = ORIENTED_EDGE('',*,*,#1598,.T.);
#1620 = ADVANCED_FACE('',(#1621),#437,.F.);
#1621 = FACE_BOUND('',#1622,.F.);
#1622 = EDGE_LOOP('',(#1623,#1624,#1645,#1646));
#1623 = ORIENTED_EDGE('',*,*,#420,.F.);
#1624 = ORIENTED_EDGE('',*,*,#1625,.F.);
#1625 = EDGE_CURVE('',#1092,#421,#1626,.T.);
#1626 = SEAM_CURVE('',#1627,(#1631,#1638),.PCURVE_S1.);
#1627 = LINE('',#1628,#1629);
#1628 = CARTESIAN_POINT('',(-2.75,-31.,3.));
#1629 = VECTOR('',#1630,1.);
#1630 = DIRECTION('',(0.,0.,1.));
#1631 = PCURVE('',#437,#1632);
#1632 = DEFINITIONAL_REPRESENTATION('',(#1633),#1637);
#1633 = LINE('',#1634,#1635);
#1634 = CARTESIAN_POINT('',(6.28318530718,-0.));
#1635 = VECTOR('',#1636,1.);
#1636 = DIRECTION('',(0.,1.));
#1637 = ( GEOMETRIC_REPRESENTATION_CONTEXT(2) 
PARAMETRIC_REPRESENTATION_CONTEXT() REPRESENTATION_CONTEXT('2D SPACE',''
  ) );
#1638 = PCURVE('',#437,#1639);
#1639 = DEFINITIONAL_REPRESENTATION('',(#1640),#1644);
#1640 = LINE('',#1641,#1642);
#1641 = CARTESIAN_POINT('',(0.,-0.));
#1642 = VECTOR('',#1643,1.);
#1643 = DIRECTION('',(0.,1.));
#1644 = ( GEOMETRIC_REPRESENTATION_CONTEXT(2) 
PARAMETRIC_REPRESENTATION_CONTEXT() REPRESENTATION_CONTEXT('2D SPACE',''
  ) );
#1645 = ORIENTED_EDGE('',*,*,#1091,.T.);
#1646 = ORIENTED_EDGE('',*,*,#1625,.T.);
#1647 = ADVANCED_FACE('',(#1648),#468,.F.);
#1648 = FACE_BOUND('',#1649,.F.);
#1649 = EDGE_LOOP('',(#1650,#1651,#1672,#1673));
#1650 = ORIENTED_EDGE('',*,*,#451,.F.);
#1651 = ORIENTED_EDGE('',*,*,#1652,.F.);
#1652 = EDGE_CURVE('',#1118,#452,#1653,.T.);
#1653 = SEAM_CURVE('',#1654,(#1658,#1665),.PCURVE_S1.);
#1654 = LINE('',#1655,#1656);
#1655 = CARTESIAN_POINT('',(104.75,-62.5,3.));
#1656 = VECTOR('',#1657,1.);
#1657 = DIRECTION('',(0.,0.,1.));
#1658 = PCURVE('',#468,#1659);
#1659 = DEFINITIONAL_REPRESENTATION('',(#1660),#1664);
#1660 = LINE('',#1661,#1662);
#1661 = CARTESIAN_POINT('',(6.28318530718,-0.));
#1662 = VECTOR('',#1663,1.);
#1663 = DIRECTION('',(0.,1.));
#1664 = ( GEOMETRIC_REPRESENTATION_CONTEXT(2) 
PARAMETRIC_REPRESENTATION_CONTEXT() REPRESENTATION_CONTEXT('2D SPACE',''
  ) );
#1665 = PCURVE('',#468,#1666);
#1666 = DEFINITIONAL_REPRESENTATION('',(#1667),#1671);
#1667 = LINE('',#1668,#1669);
#1668 = CARTESIAN_POINT('',(0.,-0.));
#1669 = VECTOR('',#1670,1.);
#1670 = DIRECTION('',(0.,1.));
#1671 = ( GEOMETRIC_REPRESENTATION_CONTEXT(2) 
PARAMETRIC_REPRESENTATION_CONTEXT() REPRESENTATION_CONTEXT('2D SPACE',''
  ) );
#1672 = ORIENTED_EDGE('',*,*,#1117,.T.);
#1673 = ORIENTED_EDGE('',*,*,#1652,.T.);
#1674 = ADVANCED_FACE('',(#1675),#499,.F.);
#1675 = FACE_BOUND('',#1676,.F.);
#1676 = EDGE_LOOP('',(#1677,#1678,#1699,#1700));
#1677 = ORIENTED_EDGE('',*,*,#482,.F.);
#1678 = ORIENTED_EDGE('',*,*,#1679,.F.);
#1679 = EDGE_CURVE('',#1144,#483,#1680,.T.);
#1680 = SEAM_CURVE('',#1681,(#1685,#1692),.PCURVE_S1.);
#1681 = LINE('',#1682,#1683);
#1682 = CARTESIAN_POINT('',(94.5,-50.,3.));
#1683 = VECTOR('',#1684,1.);
#1684 = DIRECTION('',(0.,0.,1.));
#1685 = PCURVE('',#499,#1686);
#1686 = DEFINITIONAL_REPRESENTATION('',(#1687),#1691);
#1687 = LINE('',#1688,#1689);
#1688 = CARTESIAN_POINT('',(6.28318530718,-0.));
#1689 = VECTOR('',#1690,1.);
#1690 = DIRECTION('',(0.,1.));
#1691 = ( GEOMETRIC_REPRESENTATION_CONTEXT(2) 
PARAMETRIC_REPRESENTATION_CONTEXT() REPRESENTATION_CONTEXT('2D SPACE',''
  ) );
#1692 = PCURVE('',#499,#1693);
#1693 = DEFINITIONAL_REPRESENTATION('',(#1694),#1698);
#1694 = LINE('',#1695,#1696);
#1695 = CARTESIAN_POINT('',(0.,-0.));
#1696 = VECTOR('',#1697,1.);
#1697 = DIRECTION('',(0.,1.));
#1698 = ( GEOMETRIC_REPRESENTATION_CONTEXT(2) 
PARAMETRIC_REPRESENTATION_CONTEXT() REPRESENTATION_CONTEXT('2D SPACE',''
  ) );
#1699 = ORIENTED_EDGE('',*,*,#1143,.T.);
#1700 = ORIENTED_EDGE('',*,*,#1679,.T.);
#1701 = ADVANCED_FACE('',(#1702),#530,.F.);
#1702 = FACE_BOUND('',#1703,.F.);
#1703 = EDGE_LOOP('',(#1704,#1705,#1726,#1727));
#1704 = ORIENTED_EDGE('',*,*,#513,.F.);
#1705 = ORIENTED_EDGE('',*,*,#1706,.F.);
#1706 = EDGE_CURVE('',#1170,#514,#1707,.T.);
#1707 = SEAM_CURVE('',#1708,(#1712,#1719),.PCURVE_S1.);
#1708 = LINE('',#1709,#1710);
#1709 = CARTESIAN_POINT('',(-94.75,21.,3.));
#1710 = VECTOR('',#1711,1.);
#1711 = DIRECTION('',(0.,0.,1.));
#1712 = PCURVE('',#530,#1713);
#1713 = DEFINITIONAL_REPRESENTATION('',(#1714),#1718);
#1714 = LINE('',#1715,#1716);
#1715 = CARTESIAN_POINT('',(6.28318530718,-0.));
#1716 = VECTOR('',#1717,1.);
#1717 = DIRECTION('',(0.,1.));
#1718 = ( GEOMETRIC_REPRESENTATION_CONTEXT(2) 
PARAMETRIC_REPRESENTATION_CONTEXT() REPRESENTATION_CONTEXT('2D SPACE',''
  ) );
#1719 = PCURVE('',#530,#1720);
#1720 = DEFINITIONAL_REPRESENTATION('',(#1721),#1725);
#1721 = LINE('',#1722,#1723);
#1722 = CARTESIAN_POINT('',(0.,-0.));
#1723 = VECTOR('',#1724,1.);
#1724 = DIRECTION('',(0.,1.));
#1725 = ( GEOMETRIC_REPRESENTATION_CONTEXT(2) 
PARAMETRIC_REPRESENTATION_CONTEXT() REPRESENTATION_CONTEXT('2D SPACE',''
  ) );
#1726 = ORIENTED_EDGE('',*,*,#1169,.T.);
#1727 = ORIENTED_EDGE('',*,*,#1706,.T.);
#1728 = ADVANCED_FACE('',(#1729),#561,.F.);
#1729 = FACE_BOUND('',#1730,.F.);
#1730 = EDGE_LOOP('',(#1731,#1732,#1753,#1754));
#1731 = ORIENTED_EDGE('',*,*,#544,.F.);
#1732 = ORIENTED_EDGE('',*,*,#1733,.F.);
#1733 = EDGE_CURVE('',#1196,#545,#1734,.T.);
#1734 = SEAM_CURVE('',#1735,(#1739,#1746),.PCURVE_S1.);
#1735 = LINE('',#1736,#1737);
#1736 = CARTESIAN_POINT('',(-78.75,32.,3.));
#1737 = VECTOR('',#1738,1.);
#1738 = DIRECTION('',(0.,0.,1.));
#1739 = PCURVE('',#561,#1740);
#1740 = DEFINITIONAL_REPRESENTATION('',(#1741),#1745);
#1741 = LINE('',#1742,#1743);
#1742 = CARTESIAN_POINT('',(6.28318530718,-0.));
#1743 = VECTOR('',#1744,1.);
#1744 = DIRECTION('',(0.,1.));
#1745 = ( GEOMETRIC_REPRESENTATION_CONTEXT(2) 
PARAMETRIC_REPRESENTATION_CONTEXT() REPRESENTATION_CONTEXT('2D SPACE',''
  ) );
#1746 = PCURVE('',#561,#1747);
#1747 = DEFINITIONAL_REPRESENTATION('',(#1748),#1752);
#1748 = LINE('',#1749,#1750);
#1749 = CARTESIAN_POINT('',(0.,-0.));
#1750 = VECTOR('',#1751,1.);
#1751 = DIRECTION('',(0.,1.));
#1752 = ( GEOMETRIC_REPRESENTATION_CONTEXT(2) 
PARAMETRIC_REPRESENTATION_CONTEXT() REPRESENTATION_CONTEXT('2D SPACE',''
  ) );
#1753 = ORIENTED_EDGE('',*,*,#1195,.T.);
#1754 = ORIENTED_EDGE('',*,*,#1733,.T.);
#1755 = ADVANCED_FACE('',(#1756),#592,.F.);
#1756 = FACE_BOUND('',#1757,.F.);
#1757 = EDGE_LOOP('',(#1758,#1759,#1780,#1781));
#1758 = ORIENTED_EDGE('',*,*,#575,.F.);
#1759 = ORIENTED_EDGE('',*,*,#1760,.F.);
#1760 = EDGE_CURVE('',#1222,#576,#1761,.T.);
#1761 = SEAM_CURVE('',#1762,(#1766,#1773),.PCURVE_S1.);
#1762 = LINE('',#1763,#1764);
#1763 = CARTESIAN_POINT('',(-2.75,21.,3.));
#1764 = VECTOR('',#1765,1.);
#1765 = DIRECTION('',(0.,0.,1.));
#1766 = PCURVE('',#592,#1767);
#1767 = DEFINITIONAL_REPRESENTATION('',(#1768),#1772);
#1768 = LINE('',#1769,#1770);
#1769 = CARTESIAN_POINT('',(6.28318530718,-0.));
#1770 = VECTOR('',#1771,1.);
#1771 = DIRECTION('',(0.,1.));
#1772 = ( GEOMETRIC_REPRESENTATION_CONTEXT(2) 
PARAMETRIC_REPRESENTATION_CONTEXT() REPRESENTATION_CONTEXT('2D SPACE',''
  ) );
#1773 = PCURVE('',#592,#1774);
#1774 = DEFINITIONAL_REPRESENTATION('',(#1775),#1779);
#1775 = LINE('',#1776,#1777);
#1776 = CARTESIAN_POINT('',(0.,-0.));
#1777 = VECTOR('',#1778,1.);
#1778 = DIRECTION('',(0.,1.));
#1779 = ( GEOMETRIC_REPRESENTATION_CONTEXT(2) 
PARAMETRIC_REPRESENTATION_CONTEXT() REPRESENTATION_CONTEXT('2D SPACE',''
  ) );
#1780 = ORIENTED_EDGE('',*,*,#1221,.T.);
#1781 = ORIENTED_EDGE('',*,*,#1760,.T.);
#1782 = ADVANCED_FACE('',(#1783),#623,.F.);
#1783 = FACE_BOUND('',#1784,.F.);
#1784 = EDGE_LOOP('',(#1785,#1786,#1807,#1808));
#1785 = ORIENTED_EDGE('',*,*,#606,.F.);
#1786 = ORIENTED_EDGE('',*,*,#1787,.F.);
#1787 = EDGE_CURVE('',#1248,#607,#1788,.T.);
#1788 = SEAM_CURVE('',#1789,(#1793,#1800),.PCURVE_S1.);
#1789 = LINE('',#1790,#1791);
#1790 = CARTESIAN_POINT('',(-18.75,32.,3.));
#1791 = VECTOR('',#1792,1.);
#1792 = DIRECTION('',(0.,0.,1.));
#1793 = PCURVE('',#623,#1794);
#1794 = DEFINITIONAL_REPRESENTATION('',(#1795),#1799);
#1795 = LINE('',#1796,#1797);
#1796 = CARTESIAN_POINT('',(6.28318530718,-0.));
#1797 = VECTOR('',#1798,1.);
#1798 = DIRECTION('',(0.,1.));
#1799 = ( GEOMETRIC_REPRESENTATION_CONTEXT(2) 
PARAMETRIC_REPRESENTATION_CONTEXT() REPRESENTATION_CONTEXT('2D SPACE',''
  ) );
#1800 = PCURVE('',#623,#1801);
#1801 = DEFINITIONAL_REPRESENTATION('',(#1802),#1806);
#1802 = LINE('',#1803,#1804);
#1803 = CARTESIAN_POINT('',(0.,-0.));
#1804 = VECTOR('',#1805,1.);
#1805 = DIRECTION('',(0.,1.));
#1806 = ( GEOMETRIC_REPRESENTATION_CONTEXT(2) 
PARAMETRIC_REPRESENTATION_CONTEXT() REPRESENTATION_CONTEXT('2D SPACE',''
  ) );
#1807 = ORIENTED_EDGE('',*,*,#1247,.T.);
#1808 = ORIENTED_EDGE('',*,*,#1787,.T.);
#1809 = ADVANCED_FACE('',(#1810),#654,.F.);
#1810 = FACE_BOUND('',#1811,.F.);
#1811 = EDGE_LOOP('',(#1812,#1813,#1834,#1835));
#1812 = ORIENTED_EDGE('',*,*,#637,.F.);
#1813 = ORIENTED_EDGE('',*,*,#1814,.F.);
#1814 = EDGE_CURVE('',#1274,#638,#1815,.T.);
#1815 = SEAM_CURVE('',#1816,(#1820,#1827),.PCURVE_S1.);
#1816 = LINE('',#1817,#1818);
#1817 = CARTESIAN_POINT('',(-85.5,50.,3.));
#1818 = VECTOR('',#1819,1.);
#1819 = DIRECTION('',(0.,0.,1.));
#1820 = PCURVE('',#654,#1821);
#1821 = DEFINITIONAL_REPRESENTATION('',(#1822),#1826);
#1822 = LINE('',#1823,#1824);
#1823 = CARTESIAN_POINT('',(6.28318530718,-0.));
#1824 = VECTOR('',#1825,1.);
#1825 = DIRECTION('',(0.,1.));
#1826 = ( GEOMETRIC_REPRESENTATION_CONTEXT(2) 
PARAMETRIC_REPRESENTATION_CONTEXT() REPRESENTATION_CONTEXT('2D SPACE',''
  ) );
#1827 = PCURVE('',#654,#1828);
#1828 = DEFINITIONAL_REPRESENTATION('',(#1829),#1833);
#1829 = LINE('',#1830,#1831);
#1830 = CARTESIAN_POINT('',(0.,-0.));
#1831 = VECTOR('',#1832,1.);
#1832 = DIRECTION('',(0.,1.));
#1833 = ( GEOMETRIC_REPRESENTATION_CONTEXT(2) 
PARAMETRIC_REPRESENTATION_CONTEXT() REPRESENTATION_CONTEXT('2D SPACE',''
  ) );
#1834 = ORIENTED_EDGE('',*,*,#1273,.T.);
#1835 = ORIENTED_EDGE('',*,*,#1814,.T.);
#1836 = ADVANCED_FACE('',(#1837),#685,.F.);
#1837 = FACE_BOUND('',#1838,.F.);
#1838 = EDGE_LOOP('',(#1839,#1840,#1861,#1862));
#1839 = ORIENTED_EDGE('',*,*,#668,.F.);
#1840 = ORIENTED_EDGE('',*,*,#1841,.F.);
#1841 = EDGE_CURVE('',#1300,#669,#1842,.T.);
#1842 = SEAM_CURVE('',#1843,(#1847,#1854),.PCURVE_S1.);
#1843 = LINE('',#1844,#1845);
#1844 = CARTESIAN_POINT('',(-100.25,62.5,3.));
#1845 = VECTOR('',#1846,1.);
#1846 = DIRECTION('',(0.,0.,1.));
#1847 = PCURVE('',#685,#1848);
#1848 = DEFINITIONAL_REPRESENTATION('',(#1849),#1853);
#1849 = LINE('',#1850,#1851);
#1850 = CARTESIAN_POINT('',(6.28318530718,-0.));
#1851 = VECTOR('',#1852,1.);
#1852 = DIRECTION('',(0.,1.));
#1853 = ( GEOMETRIC_REPRESENTATION_CONTEXT(2) 
PARAMETRIC_REPRESENTATION_CONTEXT() REPRESENTATION_CONTEXT('2D SPACE',''
  ) );
#1854 = PCURVE('',#685,#1855);
#1855 = DEFINITIONAL_REPRESENTATION('',(#1856),#1860);
#1856 = LINE('',#1857,#1858);
#1857 = CARTESIAN_POINT('',(0.,-0.));
#1858 = VECTOR('',#1859,1.);
#1859 = DIRECTION('',(0.,1.));
#1860 = ( GEOMETRIC_REPRESENTATION_CONTEXT(2) 
PARAMETRIC_REPRESENTATION_CONTEXT() REPRESENTATION_CONTEXT('2D SPACE',''
  ) );
#1861 = ORIENTED_EDGE('',*,*,#1299,.T.);
#1862 = ORIENTED_EDGE('',*,*,#1841,.T.);
#1863 = ADVANCED_FACE('',(#1864),#716,.F.);
#1864 = FACE_BOUND('',#1865,.F.);
#1865 = EDGE_LOOP('',(#1866,#1867,#1888,#1889));
#1866 = ORIENTED_EDGE('',*,*,#699,.F.);
#1867 = ORIENTED_EDGE('',*,*,#1868,.F.);
#1868 = EDGE_CURVE('',#1326,#700,#1869,.T.);
#1869 = SEAM_CURVE('',#1870,(#1874,#1881),.PCURVE_S1.);
#1870 = LINE('',#1871,#1872);
#1871 = CARTESIAN_POINT('',(11.65,-4.041334437186E-16,3.));
#1872 = VECTOR('',#1873,1.);
#1873 = DIRECTION('',(0.,0.,1.));
#1874 = PCURVE('',#716,#1875);
#1875 = DEFINITIONAL_REPRESENTATION('',(#1876),#1880);
#1876 = LINE('',#1877,#1878);
#1877 = CARTESIAN_POINT('',(6.28318530718,-0.));
#1878 = VECTOR('',#1879,1.);
#1879 = DIRECTION('',(0.,1.));
#1880 = ( GEOMETRIC_REPRESENTATION_CONTEXT(2) 
PARAMETRIC_REPRESENTATION_CONTEXT() REPRESENTATION_CONTEXT('2D SPACE',''
  ) );
#1881 = PCURVE('',#716,#1882);
#1882 = DEFINITIONAL_REPRESENTATION('',(#1883),#1887);
#1883 = LINE('',#1884,#1885);
#1884 = CARTESIAN_POINT('',(0.,-0.));
#1885 = VECTOR('',#1886,1.);
#1886 = DIRECTION('',(0.,1.));
#1887 = ( GEOMETRIC_REPRESENTATION_CONTEXT(2) 
PARAMETRIC_REPRESENTATION_CONTEXT() REPRESENTATION_CONTEXT('2D SPACE',''
  ) );
#1888 = ORIENTED_EDGE('',*,*,#1325,.T.);
#1889 = ORIENTED_EDGE('',*,*,#1868,.T.);
#1890 = ADVANCED_FACE('',(#1891),#747,.F.);
#1891 = FACE_BOUND('',#1892,.F.);
#1892 = EDGE_LOOP('',(#1893,#1894,#1915,#1916));
#1893 = ORIENTED_EDGE('',*,*,#730,.F.);
#1894 = ORIENTED_EDGE('',*,*,#1895,.F.);
#1895 = EDGE_CURVE('',#1352,#731,#1896,.T.);
#1896 = SEAM_CURVE('',#1897,(#1901,#1908),.PCURVE_S1.);
#1897 = LINE('',#1898,#1899);
#1898 = CARTESIAN_POINT('',(71.65,-4.041334437186E-16,3.));
#1899 = VECTOR('',#1900,1.);
#1900 = DIRECTION('',(0.,0.,1.));
#1901 = PCURVE('',#747,#1902);
#1902 = DEFINITIONAL_REPRESENTATION('',(#1903),#1907);
#1903 = LINE('',#1904,#1905);
#1904 = CARTESIAN_POINT('',(6.28318530718,-0.));
#1905 = VECTOR('',#1906,1.);
#1906 = DIRECTION('',(0.,1.));
#1907 = ( GEOMETRIC_REPRESENTATION_CONTEXT(2) 
PARAMETRIC_REPRESENTATION_CONTEXT() REPRESENTATION_CONTEXT('2D SPACE',''
  ) );
#1908 = PCURVE('',#747,#1909);
#1909 = DEFINITIONAL_REPRESENTATION('',(#1910),#1914);
#1910 = LINE('',#1911,#1912);
#1911 = CARTESIAN_POINT('',(0.,-0.));
#1912 = VECTOR('',#1913,1.);
#1913 = DIRECTION('',(0.,1.));
#1914 = ( GEOMETRIC_REPRESENTATION_CONTEXT(2) 
PARAMETRIC_REPRESENTATION_CONTEXT() REPRESENTATION_CONTEXT('2D SPACE',''
  ) );
#1915 = ORIENTED_EDGE('',*,*,#1351,.T.);
#1916 = ORIENTED_EDGE('',*,*,#1895,.T.);
#1917 = ADVANCED_FACE('',(#1918),#778,.F.);
#1918 = FACE_BOUND('',#1919,.F.);
#1919 = EDGE_LOOP('',(#1920,#1921,#1942,#1943));
#1920 = ORIENTED_EDGE('',*,*,#761,.F.);
#1921 = ORIENTED_EDGE('',*,*,#1922,.F.);
#1922 = EDGE_CURVE('',#1378,#762,#1923,.T.);
#1923 = SEAM_CURVE('',#1924,(#1928,#1935),.PCURVE_S1.);
#1924 = LINE('',#1925,#1926);
#1925 = CARTESIAN_POINT('',(21.65,47.,3.));
#1926 = VECTOR('',#1927,1.);
#1927 = DIRECTION('',(0.,0.,1.));
#1928 = PCURVE('',#778,#1929);
#1929 = DEFINITIONAL_REPRESENTATION('',(#1930),#1934);
#1930 = LINE('',#1931,#1932);
#1931 = CARTESIAN_POINT('',(6.28318530718,-0.));
#1932 = VECTOR('',#1933,1.);
#1933 = DIRECTION('',(0.,1.));
#1934 = ( GEOMETRIC_REPRESENTATION_CONTEXT(2) 
PARAMETRIC_REPRESENTATION_CONTEXT() REPRESENTATION_CONTEXT('2D SPACE',''
  ) );
#1935 = PCURVE('',#778,#1936);
#1936 = DEFINITIONAL_REPRESENTATION('',(#1937),#1941);
#1937 = LINE('',#1938,#1939);
#1938 = CARTESIAN_POINT('',(0.,-0.));
#1939 = VECTOR('',#1940,1.);
#1940 = DIRECTION('',(0.,1.));
#1941 = ( GEOMETRIC_REPRESENTATION_CONTEXT(2) 
PARAMETRIC_REPRESENTATION_CONTEXT() REPRESENTATION_CONTEXT('2D SPACE',''
  ) );
#1942 = ORIENTED_EDGE('',*,*,#1377,.T.);
#1943 = ORIENTED_EDGE('',*,*,#1922,.T.);
#1944 = ADVANCED_FACE('',(#1945),#809,.F.);
#1945 = FACE_BOUND('',#1946,.F.);
#1946 = EDGE_LOOP('',(#1947,#1948,#1969,#1970));
#1947 = ORIENTED_EDGE('',*,*,#792,.F.);
#1948 = ORIENTED_EDGE('',*,*,#1949,.F.);
#1949 = EDGE_CURVE('',#1404,#793,#1950,.T.);
#1950 = SEAM_CURVE('',#1951,(#1955,#1962),.PCURVE_S1.);
#1951 = LINE('',#1952,#1953);
#1952 = CARTESIAN_POINT('',(63.65,47.,3.));
#1953 = VECTOR('',#1954,1.);
#1954 = DIRECTION('',(0.,0.,1.));
#1955 = PCURVE('',#809,#1956);
#1956 = DEFINITIONAL_REPRESENTATION('',(#1957),#1961);
#1957 = LINE('',#1958,#1959);
#1958 = CARTESIAN_POINT('',(6.28318530718,-0.));
#1959 = VECTOR('',#1960,1.);
#1960 = DIRECTION('',(0.,1.));
#1961 = ( GEOMETRIC_REPRESENTATION_CONTEXT(2) 
PARAMETRIC_REPRESENTATION_CONTEXT() REPRESENTATION_CONTEXT('2D SPACE',''
  ) );
#1962 = PCURVE('',#809,#1963);
#1963 = DEFINITIONAL_REPRESENTATION('',(#1964),#1968);
#1964 = LINE('',#1965,#1966);
#1965 = CARTESIAN_POINT('',(0.,-0.));
#1966 = VECTOR('',#1967,1.);
#1967 = DIRECTION('',(0.,1.));
#1968 = ( GEOMETRIC_REPRESENTATION_CONTEXT(2) 
PARAMETRIC_REPRESENTATION_CONTEXT() REPRESENTATION_CONTEXT('2D SPACE',''
  ) );
#1969 = ORIENTED_EDGE('',*,*,#1403,.T.);
#1970 = ORIENTED_EDGE('',*,*,#1949,.T.);
#1971 = ADVANCED_FACE('',(#1972),#840,.F.);
#1972 = FACE_BOUND('',#1973,.F.);
#1973 = EDGE_LOOP('',(#1974,#1975,#1996,#1997));
#1974 = ORIENTED_EDGE('',*,*,#823,.F.);
#1975 = ORIENTED_EDGE('',*,*,#1976,.F.);
#1976 = EDGE_CURVE('',#1430,#824,#1977,.T.);
#1977 = SEAM_CURVE('',#1978,(#1982,#1989),.PCURVE_S1.);
#1978 = LINE('',#1979,#1980);
#1979 = CARTESIAN_POINT('',(94.5,50.,3.));
#1980 = VECTOR('',#1981,1.);
#1981 = DIRECTION('',(0.,0.,1.));
#1982 = PCURVE('',#840,#1983);
#1983 = DEFINITIONAL_REPRESENTATION('',(#1984),#1988);
#1984 = LINE('',#1985,#1986);
#1985 = CARTESIAN_POINT('',(6.28318530718,-0.));
#1986 = VECTOR('',#1987,1.);
#1987 = DIRECTION('',(0.,1.));
#1988 = ( GEOMETRIC_REPRESENTATION_CONTEXT(2) 
PARAMETRIC_REPRESENTATION_CONTEXT() REPRESENTATION_CONTEXT('2D SPACE',''
  ) );
#1989 = PCURVE('',#840,#1990);
#1990 = DEFINITIONAL_REPRESENTATION('',(#1991),#1995);
#1991 = LINE('',#1992,#1993);
#1992 = CARTESIAN_POINT('',(0.,-0.));
#1993 = VECTOR('',#1994,1.);
#1994 = DIRECTION('',(0.,1.));
#1995 = ( GEOMETRIC_REPRESENTATION_CONTEXT(2) 
PARAMETRIC_REPRESENTATION_CONTEXT() REPRESENTATION_CONTEXT('2D SPACE',''
  ) );
#1996 = ORIENTED_EDGE('',*,*,#1429,.T.);
#1997 = ORIENTED_EDGE('',*,*,#1976,.T.);
#1998 = ADVANCED_FACE('',(#1999),#871,.F.);
#1999 = FACE_BOUND('',#2000,.F.);
#2000 = EDGE_LOOP('',(#2001,#2002,#2023,#2024));
#2001 = ORIENTED_EDGE('',*,*,#854,.F.);
#2002 = ORIENTED_EDGE('',*,*,#2003,.F.);
#2003 = EDGE_CURVE('',#1456,#855,#2004,.T.);
#2004 = SEAM_CURVE('',#2005,(#2009,#2016),.PCURVE_S1.);
#2005 = LINE('',#2006,#2007);
#2006 = CARTESIAN_POINT('',(104.75,62.5,3.));
#2007 = VECTOR('',#2008,1.);
#2008 = DIRECTION('',(0.,0.,1.));
#2009 = PCURVE('',#871,#2010);
#2010 = DEFINITIONAL_REPRESENTATION('',(#2011),#2015);
#2011 = LINE('',#2012,#2013);
#2012 = CARTESIAN_POINT('',(6.28318530718,-0.));
#2013 = VECTOR('',#2014,1.);
#2014 = DIRECTION('',(0.,1.));
#2015 = ( GEOMETRIC_REPRESENTATION_CONTEXT(2) 
PARAMETRIC_REPRESENTATION_CONTEXT() REPRESENTATION_CONTEXT('2D SPACE',''
  ) );
#2016 = PCURVE('',#871,#2017);
#2017 = DEFINITIONAL_REPRESENTATION('',(#2018),#2022);
#2018 = LINE('',#2019,#2020);
#2019 = CARTESIAN_POINT('',(0.,-0.));
#2020 = VECTOR('',#2021,1.);
#2021 = DIRECTION('',(0.,1.));
#2022 = ( GEOMETRIC_REPRESENTATION_CONTEXT(2) 
PARAMETRIC_REPRESENTATION_CONTEXT() REPRESENTATION_CONTEXT('2D SPACE',''
  ) );
#2023 = ORIENTED_EDGE('',*,*,#1455,.T.);
#2024 = ORIENTED_EDGE('',*,*,#2003,.T.);
#2025 = MANIFOLD_SOLID_BREP('',#2026);
#2026 = CLOSED_SHELL('',(#2027,#2178,#2254,#5125,#7488,#7515,#7565,#7592
    ,#7619,#7646,#7673,#7700,#7727,#7754,#7816,#7843,#7870,#7897,#7924,
    #7951,#7978,#8005,#8032,#8059,#8086,#8113,#8140,#8167,#8194,#8221,
    #8248,#8275,#8302,#8329,#8356,#8383,#8410,#8437,#8464,#8491,#8518,
    #8545,#8572,#8599,#8626,#8653,#8680,#8707,#8734,#8761,#8788,#8815,
    #8842,#8869,#8896,#8923,#8950,#8977,#9004,#9031,#9058,#9085,#9112,
    #9139,#9166,#9193,#9220,#9247,#9274,#9301,#9328,#9355,#9382,#9409,
    #9436,#9463,#9490,#9517,#9544,#9571,#9598,#9625,#9652,#9679,#9706,
    #9733,#9760,#9787,#9814,#9841,#9868,#9895,#9922,#9949,#9976,#10492,
    #10519,#10546,#10619,#10646,#10671,#11122,#11150,#11175,#11200,
    #11207,#11234,#11261,#11288,#11315,#11342,#11369,#11396,#11423,
    #11450,#11477,#11504,#11531,#11558,#11585,#11612,#11659,#11686,
    #11713,#11720));
#2027 = ADVANCED_FACE('',(#2028,#2147),#2042,.F.);
#2028 = FACE_BOUND('',#2029,.F.);
#2029 = EDGE_LOOP('',(#2030,#2065,#2093,#2121));
#2030 = ORIENTED_EDGE('',*,*,#2031,.F.);
#2031 = EDGE_CURVE('',#2032,#2034,#2036,.T.);
#2032 = VERTEX_POINT('',#2033);
#2033 = CARTESIAN_POINT('',(-110.,-70.,7.));
#2034 = VERTEX_POINT('',#2035);
#2035 = CARTESIAN_POINT('',(-110.,-70.,63.));
#2036 = SURFACE_CURVE('',#2037,(#2041,#2053),.PCURVE_S1.);
#2037 = LINE('',#2038,#2039);
#2038 = CARTESIAN_POINT('',(-110.,-70.,7.));
#2039 = VECTOR('',#2040,1.);
#2040 = DIRECTION('',(0.,0.,1.));
#2041 = PCURVE('',#2042,#2047);
#2042 = PLANE('',#2043);
#2043 = AXIS2_PLACEMENT_3D('',#2044,#2045,#2046);
#2044 = CARTESIAN_POINT('',(-110.,-70.,7.));
#2045 = DIRECTION('',(1.,0.,-0.));
#2046 = DIRECTION('',(0.,0.,1.));
#2047 = DEFINITIONAL_REPRESENTATION('',(#2048),#2052);
#2048 = LINE('',#2049,#2050);
#2049 = CARTESIAN_POINT('',(0.,0.));
#2050 = VECTOR('',#2051,1.);
#2051 = DIRECTION('',(1.,0.));
#2052 = ( GEOMETRIC_REPRESENTATION_CONTEXT(2) 
PARAMETRIC_REPRESENTATION_CONTEXT() REPRESENTATION_CONTEXT('2D SPACE',''
  ) );
#2053 = PCURVE('',#2054,#2059);
#2054 = PLANE('',#2055);
#2055 = AXIS2_PLACEMENT_3D('',#2056,#2057,#2058);
#2056 = CARTESIAN_POINT('',(-110.,-70.,7.));
#2057 = DIRECTION('',(-0.,1.,0.));
#2058 = DIRECTION('',(0.,0.,1.));
#2059 = DEFINITIONAL_REPRESENTATION('',(#2060),#2064);
#2060 = LINE('',#2061,#2062);
#2061 = CARTESIAN_POINT('',(0.,0.));
#2062 = VECTOR('',#2063,1.);
#2063 = DIRECTION('',(1.,0.));
#2064 = ( GEOMETRIC_REPRESENTATION_CONTEXT(2) 
PARAMETRIC_REPRESENTATION_CONTEXT() REPRESENTATION_CONTEXT('2D SPACE',''
  ) );
#2065 = ORIENTED_EDGE('',*,*,#2066,.T.);
#2066 = EDGE_CURVE('',#2032,#2067,#2069,.T.);
#2067 = VERTEX_POINT('',#2068);
#2068 = CARTESIAN_POINT('',(-110.,70.,7.));
#2069 = SURFACE_CURVE('',#2070,(#2074,#2081),.PCURVE_S1.);
#2070 = LINE('',#2071,#2072);
#2071 = CARTESIAN_POINT('',(-110.,-70.,7.));
#2072 = VECTOR('',#2073,1.);
#2073 = DIRECTION('',(-0.,1.,0.));
#2074 = PCURVE('',#2042,#2075);
#2075 = DEFINITIONAL_REPRESENTATION('',(#2076),#2080);
#2076 = LINE('',#2077,#2078);
#2077 = CARTESIAN_POINT('',(0.,0.));
#2078 = VECTOR('',#2079,1.);
#2079 = DIRECTION('',(0.,-1.));
#2080 = ( GEOMETRIC_REPRESENTATION_CONTEXT(2) 
PARAMETRIC_REPRESENTATION_CONTEXT() REPRESENTATION_CONTEXT('2D SPACE',''
  ) );
#2081 = PCURVE('',#2082,#2087);
#2082 = PLANE('',#2083);
#2083 = AXIS2_PLACEMENT_3D('',#2084,#2085,#2086);
#2084 = CARTESIAN_POINT('',(-110.,-70.,7.));
#2085 = DIRECTION('',(0.,0.,1.));
#2086 = DIRECTION('',(1.,0.,-0.));
#2087 = DEFINITIONAL_REPRESENTATION('',(#2088),#2092);
#2088 = LINE('',#2089,#2090);
#2089 = CARTESIAN_POINT('',(0.,0.));
#2090 = VECTOR('',#2091,1.);
#2091 = DIRECTION('',(0.,1.));
#2092 = ( GEOMETRIC_REPRESENTATION_CONTEXT(2) 
PARAMETRIC_REPRESENTATION_CONTEXT() REPRESENTATION_CONTEXT('2D SPACE',''
  ) );
#2093 = ORIENTED_EDGE('',*,*,#2094,.T.);
#2094 = EDGE_CURVE('',#2067,#2095,#2097,.T.);
#2095 = VERTEX_POINT('',#2096);
#2096 = CARTESIAN_POINT('',(-110.,70.,63.));
#2097 = SURFACE_CURVE('',#2098,(#2102,#2109),.PCURVE_S1.);
#2098 = LINE('',#2099,#2100);
#2099 = CARTESIAN_POINT('',(-110.,70.,7.));
#2100 = VECTOR('',#2101,1.);
#2101 = DIRECTION('',(0.,0.,1.));
#2102 = PCURVE('',#2042,#2103);
#2103 = DEFINITIONAL_REPRESENTATION('',(#2104),#2108);
#2104 = LINE('',#2105,#2106);
#2105 = CARTESIAN_POINT('',(0.,-140.));
#2106 = VECTOR('',#2107,1.);
#2107 = DIRECTION('',(1.,0.));
#2108 = ( GEOMETRIC_REPRESENTATION_CONTEXT(2) 
PARAMETRIC_REPRESENTATION_CONTEXT() REPRESENTATION_CONTEXT('2D SPACE',''
  ) );
#2109 = PCURVE('',#2110,#2115);
#2110 = PLANE('',#2111);
#2111 = AXIS2_PLACEMENT_3D('',#2112,#2113,#2114);
#2112 = CARTESIAN_POINT('',(-110.,70.,7.));
#2113 = DIRECTION('',(-0.,1.,0.));
#2114 = DIRECTION('',(0.,0.,1.));
#2115 = DEFINITIONAL_REPRESENTATION('',(#2116),#2120);
#2116 = LINE('',#2117,#2118);
#2117 = CARTESIAN_POINT('',(0.,0.));
#2118 = VECTOR('',#2119,1.);
#2119 = DIRECTION('',(1.,0.));
#2120 = ( GEOMETRIC_REPRESENTATION_CONTEXT(2) 
PARAMETRIC_REPRESENTATION_CONTEXT() REPRESENTATION_CONTEXT('2D SPACE',''
  ) );
#2121 = ORIENTED_EDGE('',*,*,#2122,.F.);
#2122 = EDGE_CURVE('',#2034,#2095,#2123,.T.);
#2123 = SURFACE_CURVE('',#2124,(#2128,#2135),.PCURVE_S1.);
#2124 = LINE('',#2125,#2126);
#2125 = CARTESIAN_POINT('',(-110.,-70.,63.));
#2126 = VECTOR('',#2127,1.);
#2127 = DIRECTION('',(-0.,1.,0.));
#2128 = PCURVE('',#2042,#2129);
#2129 = DEFINITIONAL_REPRESENTATION('',(#2130),#2134);
#2130 = LINE('',#2131,#2132);
#2131 = CARTESIAN_POINT('',(56.,0.));
#2132 = VECTOR('',#2133,1.);
#2133 = DIRECTION('',(0.,-1.));
#2134 = ( GEOMETRIC_REPRESENTATION_CONTEXT(2) 
PARAMETRIC_REPRESENTATION_CONTEXT() REPRESENTATION_CONTEXT('2D SPACE',''
  ) );
#2135 = PCURVE('',#2136,#2141);
#2136 = PLANE('',#2137);
#2137 = AXIS2_PLACEMENT_3D('',#2138,#2139,#2140);
#2138 = CARTESIAN_POINT('',(-110.,-70.,63.));
#2139 = DIRECTION('',(0.,0.,1.));
#2140 = DIRECTION('',(1.,0.,-0.));
#2141 = DEFINITIONAL_REPRESENTATION('',(#2142),#2146);
#2142 = LINE('',#2143,#2144);
#2143 = CARTESIAN_POINT('',(0.,0.));
#2144 = VECTOR('',#2145,1.);
#2145 = DIRECTION('',(0.,1.));
#2146 = ( GEOMETRIC_REPRESENTATION_CONTEXT(2) 
PARAMETRIC_REPRESENTATION_CONTEXT() REPRESENTATION_CONTEXT('2D SPACE',''
  ) );
#2147 = FACE_BOUND('',#2148,.F.);
#2148 = EDGE_LOOP('',(#2149));
#2149 = ORIENTED_EDGE('',*,*,#2150,.F.);
#2150 = EDGE_CURVE('',#2151,#2151,#2153,.T.);
#2151 = VERTEX_POINT('',#2152);
#2152 = CARTESIAN_POINT('',(-110.,-6.123233995737E-16,47.5));
#2153 = SURFACE_CURVE('',#2154,(#2159,#2166),.PCURVE_S1.);
#2154 = CIRCLE('',#2155,2.5);
#2155 = AXIS2_PLACEMENT_3D('',#2156,#2157,#2158);
#2156 = CARTESIAN_POINT('',(-110.,0.,50.));
#2157 = DIRECTION('',(1.,0.,2.22044604925E-16));
#2158 = DIRECTION('',(2.22044604925E-16,0.,-1.));
#2159 = PCURVE('',#2042,#2160);
#2160 = DEFINITIONAL_REPRESENTATION('',(#2161),#2165);
#2161 = CIRCLE('',#2162,2.5);
#2162 = AXIS2_PLACEMENT_2D('',#2163,#2164);
#2163 = CARTESIAN_POINT('',(43.,-70.));
#2164 = DIRECTION('',(-1.,0.));
#2165 = ( GEOMETRIC_REPRESENTATION_CONTEXT(2) 
PARAMETRIC_REPRESENTATION_CONTEXT() REPRESENTATION_CONTEXT('2D SPACE',''
  ) );
#2166 = PCURVE('',#2167,#2172);
#2167 = CYLINDRICAL_SURFACE('',#2168,2.5);
#2168 = AXIS2_PLACEMENT_3D('',#2169,#2170,#2171);
#2169 = CARTESIAN_POINT('',(-111.5,0.,50.));
#2170 = DIRECTION('',(1.,0.,2.22044604925E-16));
#2171 = DIRECTION('',(2.22044604925E-16,0.,-1.));
#2172 = DEFINITIONAL_REPRESENTATION('',(#2173),#2177);
#2173 = LINE('',#2174,#2175);
#2174 = CARTESIAN_POINT('',(0.,1.5));
#2175 = VECTOR('',#2176,1.);
#2176 = DIRECTION('',(1.,0.));
#2177 = ( GEOMETRIC_REPRESENTATION_CONTEXT(2) 
PARAMETRIC_REPRESENTATION_CONTEXT() REPRESENTATION_CONTEXT('2D SPACE',''
  ) );
#2178 = ADVANCED_FACE('',(#2179),#2054,.F.);
#2179 = FACE_BOUND('',#2180,.F.);
#2180 = EDGE_LOOP('',(#2181,#2204,#2205,#2228));
#2181 = ORIENTED_EDGE('',*,*,#2182,.F.);
#2182 = EDGE_CURVE('',#2032,#2183,#2185,.T.);
#2183 = VERTEX_POINT('',#2184);
#2184 = CARTESIAN_POINT('',(-96.5,-70.,7.));
#2185 = SURFACE_CURVE('',#2186,(#2190,#2197),.PCURVE_S1.);
#2186 = LINE('',#2187,#2188);
#2187 = CARTESIAN_POINT('',(-110.,-70.,7.));
#2188 = VECTOR('',#2189,1.);
#2189 = DIRECTION('',(1.,0.,-0.));
#2190 = PCURVE('',#2054,#2191);
#2191 = DEFINITIONAL_REPRESENTATION('',(#2192),#2196);
#2192 = LINE('',#2193,#2194);
#2193 = CARTESIAN_POINT('',(0.,0.));
#2194 = VECTOR('',#2195,1.);
#2195 = DIRECTION('',(0.,1.));
#2196 = ( GEOMETRIC_REPRESENTATION_CONTEXT(2) 
PARAMETRIC_REPRESENTATION_CONTEXT() REPRESENTATION_CONTEXT('2D SPACE',''
  ) );
#2197 = PCURVE('',#2082,#2198);
#2198 = DEFINITIONAL_REPRESENTATION('',(#2199),#2203);
#2199 = LINE('',#2200,#2201);
#2200 = CARTESIAN_POINT('',(0.,0.));
#2201 = VECTOR('',#2202,1.);
#2202 = DIRECTION('',(1.,0.));
#2203 = ( GEOMETRIC_REPRESENTATION_CONTEXT(2) 
PARAMETRIC_REPRESENTATION_CONTEXT() REPRESENTATION_CONTEXT('2D SPACE',''
  ) );
#2204 = ORIENTED_EDGE('',*,*,#2031,.T.);
#2205 = ORIENTED_EDGE('',*,*,#2206,.T.);
#2206 = EDGE_CURVE('',#2034,#2207,#2209,.T.);
#2207 = VERTEX_POINT('',#2208);
#2208 = CARTESIAN_POINT('',(-96.5,-70.,63.));
#2209 = SURFACE_CURVE('',#2210,(#2214,#2221),.PCURVE_S1.);
#2210 = LINE('',#2211,#2212);
#2211 = CARTESIAN_POINT('',(-110.,-70.,63.));
#2212 = VECTOR('',#2213,1.);
#2213 = DIRECTION('',(1.,0.,-0.));
#2214 = PCURVE('',#2054,#2215);
#2215 = DEFINITIONAL_REPRESENTATION('',(#2216),#2220);
#2216 = LINE('',#2217,#2218);
#2217 = CARTESIAN_POINT('',(56.,0.));
#2218 = VECTOR('',#2219,1.);
#2219 = DIRECTION('',(0.,1.));
#2220 = ( GEOMETRIC_REPRESENTATION_CONTEXT(2) 
PARAMETRIC_REPRESENTATION_CONTEXT() REPRESENTATION_CONTEXT('2D SPACE',''
  ) );
#2221 = PCURVE('',#2136,#2222);
#2222 = DEFINITIONAL_REPRESENTATION('',(#2223),#2227);
#2223 = LINE('',#2224,#2225);
#2224 = CARTESIAN_POINT('',(0.,0.));
#2225 = VECTOR('',#2226,1.);
#2226 = DIRECTION('',(1.,0.));
#2227 = ( GEOMETRIC_REPRESENTATION_CONTEXT(2) 
PARAMETRIC_REPRESENTATION_CONTEXT() REPRESENTATION_CONTEXT('2D SPACE',''
  ) );
#2228 = ORIENTED_EDGE('',*,*,#2229,.F.);
#2229 = EDGE_CURVE('',#2183,#2207,#2230,.T.);
#2230 = SURFACE_CURVE('',#2231,(#2235,#2242),.PCURVE_S1.);
#2231 = LINE('',#2232,#2233);
#2232 = CARTESIAN_POINT('',(-96.5,-70.,7.));
#2233 = VECTOR('',#2234,1.);
#2234 = DIRECTION('',(0.,0.,1.));
#2235 = PCURVE('',#2054,#2236);
#2236 = DEFINITIONAL_REPRESENTATION('',(#2237),#2241);
#2237 = LINE('',#2238,#2239);
#2238 = CARTESIAN_POINT('',(0.,13.5));
#2239 = VECTOR('',#2240,1.);
#2240 = DIRECTION('',(1.,0.));
#2241 = ( GEOMETRIC_REPRESENTATION_CONTEXT(2) 
PARAMETRIC_REPRESENTATION_CONTEXT() REPRESENTATION_CONTEXT('2D SPACE',''
  ) );
#2242 = PCURVE('',#2243,#2248);
#2243 = PLANE('',#2244);
#2244 = AXIS2_PLACEMENT_3D('',#2245,#2246,#2247);
#2245 = CARTESIAN_POINT('',(-96.5,-84.,7.));
#2246 = DIRECTION('',(1.,0.,-0.));
#2247 = DIRECTION('',(0.,0.,1.));
#2248 = DEFINITIONAL_REPRESENTATION('',(#2249),#2253);
#2249 = LINE('',#2250,#2251);
#2250 = CARTESIAN_POINT('',(0.,-14.));
#2251 = VECTOR('',#2252,1.);
#2252 = DIRECTION('',(1.,0.));
#2253 = ( GEOMETRIC_REPRESENTATION_CONTEXT(2) 
PARAMETRIC_REPRESENTATION_CONTEXT() REPRESENTATION_CONTEXT('2D SPACE',''
  ) );
#2254 = ADVANCED_FACE('',(#2255,#4767,#4798,#4829,#5063,#5094),#2136,.T.
  );
#2255 = FACE_BOUND('',#2256,.T.);
#2256 = EDGE_LOOP('',(#2257,#2258,#2259,#2282,#2310,#2338,#2366,#2394,
    #2422,#2450,#2478,#2506,#2534,#2562,#2590,#2618,#2646,#2674,#2702,
    #2730,#2758,#2786,#2814,#2842,#2870,#2898,#2926,#2954,#2982,#3010,
    #3038,#3066,#3094,#3122,#3150,#3178,#3206,#3234,#3262,#3290,#3318,
    #3346,#3374,#3402,#3430,#3458,#3486,#3514,#3542,#3570,#3598,#3626,
    #3654,#3682,#3710,#3738,#3766,#3794,#3822,#3850,#3878,#3906,#3934,
    #3962,#3990,#4018,#4046,#4074,#4102,#4130,#4158,#4186,#4214,#4242,
    #4270,#4298,#4326,#4354,#4382,#4410,#4438,#4466,#4494,#4522,#4550,
    #4578,#4606,#4634,#4662,#4690,#4718,#4746));
#2257 = ORIENTED_EDGE('',*,*,#2122,.F.);
#2258 = ORIENTED_EDGE('',*,*,#2206,.T.);
#2259 = ORIENTED_EDGE('',*,*,#2260,.F.);
#2260 = EDGE_CURVE('',#2261,#2207,#2263,.T.);
#2261 = VERTEX_POINT('',#2262);
#2262 = CARTESIAN_POINT('',(-96.5,-84.,63.));
#2263 = SURFACE_CURVE('',#2264,(#2268,#2275),.PCURVE_S1.);
#2264 = LINE('',#2265,#2266);
#2265 = CARTESIAN_POINT('',(-96.5,-84.,63.));
#2266 = VECTOR('',#2267,1.);
#2267 = DIRECTION('',(-0.,1.,0.));
#2268 = PCURVE('',#2136,#2269);
#2269 = DEFINITIONAL_REPRESENTATION('',(#2270),#2274);
#2270 = LINE('',#2271,#2272);
#2271 = CARTESIAN_POINT('',(13.5,-14.));
#2272 = VECTOR('',#2273,1.);
#2273 = DIRECTION('',(0.,1.));
#2274 = ( GEOMETRIC_REPRESENTATION_CONTEXT(2) 
PARAMETRIC_REPRESENTATION_CONTEXT() REPRESENTATION_CONTEXT('2D SPACE',''
  ) );
#2275 = PCURVE('',#2243,#2276);
#2276 = DEFINITIONAL_REPRESENTATION('',(#2277),#2281);
#2277 = LINE('',#2278,#2279);
#2278 = CARTESIAN_POINT('',(56.,0.));
#2279 = VECTOR('',#2280,1.);
#2280 = DIRECTION('',(0.,-1.));
#2281 = ( GEOMETRIC_REPRESENTATION_CONTEXT(2) 
PARAMETRIC_REPRESENTATION_CONTEXT() REPRESENTATION_CONTEXT('2D SPACE',''
  ) );
#2282 = ORIENTED_EDGE('',*,*,#2283,.T.);
#2283 = EDGE_CURVE('',#2261,#2284,#2286,.T.);
#2284 = VERTEX_POINT('',#2285);
#2285 = CARTESIAN_POINT('',(-93.5,-84.,63.));
#2286 = SURFACE_CURVE('',#2287,(#2291,#2298),.PCURVE_S1.);
#2287 = LINE('',#2288,#2289);
#2288 = CARTESIAN_POINT('',(-96.5,-84.,63.));
#2289 = VECTOR('',#2290,1.);
#2290 = DIRECTION('',(1.,0.,-0.));
#2291 = PCURVE('',#2136,#2292);
#2292 = DEFINITIONAL_REPRESENTATION('',(#2293),#2297);
#2293 = LINE('',#2294,#2295);
#2294 = CARTESIAN_POINT('',(13.5,-14.));
#2295 = VECTOR('',#2296,1.);
#2296 = DIRECTION('',(1.,0.));
#2297 = ( GEOMETRIC_REPRESENTATION_CONTEXT(2) 
PARAMETRIC_REPRESENTATION_CONTEXT() REPRESENTATION_CONTEXT('2D SPACE',''
  ) );
#2298 = PCURVE('',#2299,#2304);
#2299 = PLANE('',#2300);
#2300 = AXIS2_PLACEMENT_3D('',#2301,#2302,#2303);
#2301 = CARTESIAN_POINT('',(-96.5,-84.,7.));
#2302 = DIRECTION('',(-0.,1.,0.));
#2303 = DIRECTION('',(0.,0.,1.));
#2304 = DEFINITIONAL_REPRESENTATION('',(#2305),#2309);
#2305 = LINE('',#2306,#2307);
#2306 = CARTESIAN_POINT('',(56.,0.));
#2307 = VECTOR('',#2308,1.);
#2308 = DIRECTION('',(0.,1.));
#2309 = ( GEOMETRIC_REPRESENTATION_CONTEXT(2) 
PARAMETRIC_REPRESENTATION_CONTEXT() REPRESENTATION_CONTEXT('2D SPACE',''
  ) );
#2310 = ORIENTED_EDGE('',*,*,#2311,.T.);
#2311 = EDGE_CURVE('',#2284,#2312,#2314,.T.);
#2312 = VERTEX_POINT('',#2313);
#2313 = CARTESIAN_POINT('',(-93.5,-70.,63.));
#2314 = SURFACE_CURVE('',#2315,(#2319,#2326),.PCURVE_S1.);
#2315 = LINE('',#2316,#2317);
#2316 = CARTESIAN_POINT('',(-93.5,-84.,63.));
#2317 = VECTOR('',#2318,1.);
#2318 = DIRECTION('',(-0.,1.,0.));
#2319 = PCURVE('',#2136,#2320);
#2320 = DEFINITIONAL_REPRESENTATION('',(#2321),#2325);
#2321 = LINE('',#2322,#2323);
#2322 = CARTESIAN_POINT('',(16.5,-14.));
#2323 = VECTOR('',#2324,1.);
#2324 = DIRECTION('',(0.,1.));
#2325 = ( GEOMETRIC_REPRESENTATION_CONTEXT(2) 
PARAMETRIC_REPRESENTATION_CONTEXT() REPRESENTATION_CONTEXT('2D SPACE',''
  ) );
#2326 = PCURVE('',#2327,#2332);
#2327 = PLANE('',#2328);
#2328 = AXIS2_PLACEMENT_3D('',#2329,#2330,#2331);
#2329 = CARTESIAN_POINT('',(-93.5,-84.,7.));
#2330 = DIRECTION('',(1.,0.,-0.));
#2331 = DIRECTION('',(0.,0.,1.));
#2332 = DEFINITIONAL_REPRESENTATION('',(#2333),#2337);
#2333 = LINE('',#2334,#2335);
#2334 = CARTESIAN_POINT('',(56.,0.));
#2335 = VECTOR('',#2336,1.);
#2336 = DIRECTION('',(0.,-1.));
#2337 = ( GEOMETRIC_REPRESENTATION_CONTEXT(2) 
PARAMETRIC_REPRESENTATION_CONTEXT() REPRESENTATION_CONTEXT('2D SPACE',''
  ) );
#2338 = ORIENTED_EDGE('',*,*,#2339,.T.);
#2339 = EDGE_CURVE('',#2312,#2340,#2342,.T.);
#2340 = VERTEX_POINT('',#2341);
#2341 = CARTESIAN_POINT('',(-77.5,-70.,63.));
#2342 = SURFACE_CURVE('',#2343,(#2347,#2354),.PCURVE_S1.);
#2343 = LINE('',#2344,#2345);
#2344 = CARTESIAN_POINT('',(-110.,-70.,63.));
#2345 = VECTOR('',#2346,1.);
#2346 = DIRECTION('',(1.,0.,-0.));
#2347 = PCURVE('',#2136,#2348);
#2348 = DEFINITIONAL_REPRESENTATION('',(#2349),#2353);
#2349 = LINE('',#2350,#2351);
#2350 = CARTESIAN_POINT('',(0.,0.));
#2351 = VECTOR('',#2352,1.);
#2352 = DIRECTION('',(1.,0.));
#2353 = ( GEOMETRIC_REPRESENTATION_CONTEXT(2) 
PARAMETRIC_REPRESENTATION_CONTEXT() REPRESENTATION_CONTEXT('2D SPACE',''
  ) );
#2354 = PCURVE('',#2355,#2360);
#2355 = PLANE('',#2356);
#2356 = AXIS2_PLACEMENT_3D('',#2357,#2358,#2359);
#2357 = CARTESIAN_POINT('',(-110.,-70.,7.));
#2358 = DIRECTION('',(-0.,1.,0.));
#2359 = DIRECTION('',(0.,0.,1.));
#2360 = DEFINITIONAL_REPRESENTATION('',(#2361),#2365);
#2361 = LINE('',#2362,#2363);
#2362 = CARTESIAN_POINT('',(56.,0.));
#2363 = VECTOR('',#2364,1.);
#2364 = DIRECTION('',(0.,1.));
#2365 = ( GEOMETRIC_REPRESENTATION_CONTEXT(2) 
PARAMETRIC_REPRESENTATION_CONTEXT() REPRESENTATION_CONTEXT('2D SPACE',''
  ) );
#2366 = ORIENTED_EDGE('',*,*,#2367,.F.);
#2367 = EDGE_CURVE('',#2368,#2340,#2370,.T.);
#2368 = VERTEX_POINT('',#2369);
#2369 = CARTESIAN_POINT('',(-77.5,-84.,63.));
#2370 = SURFACE_CURVE('',#2371,(#2375,#2382),.PCURVE_S1.);
#2371 = LINE('',#2372,#2373);
#2372 = CARTESIAN_POINT('',(-77.5,-84.,63.));
#2373 = VECTOR('',#2374,1.);
#2374 = DIRECTION('',(-0.,1.,0.));
#2375 = PCURVE('',#2136,#2376);
#2376 = DEFINITIONAL_REPRESENTATION('',(#2377),#2381);
#2377 = LINE('',#2378,#2379);
#2378 = CARTESIAN_POINT('',(32.5,-14.));
#2379 = VECTOR('',#2380,1.);
#2380 = DIRECTION('',(0.,1.));
#2381 = ( GEOMETRIC_REPRESENTATION_CONTEXT(2) 
PARAMETRIC_REPRESENTATION_CONTEXT() REPRESENTATION_CONTEXT('2D SPACE',''
  ) );
#2382 = PCURVE('',#2383,#2388);
#2383 = PLANE('',#2384);
#2384 = AXIS2_PLACEMENT_3D('',#2385,#2386,#2387);
#2385 = CARTESIAN_POINT('',(-77.5,-84.,7.));
#2386 = DIRECTION('',(1.,0.,-0.));
#2387 = DIRECTION('',(0.,0.,1.));
#2388 = DEFINITIONAL_REPRESENTATION('',(#2389),#2393);
#2389 = LINE('',#2390,#2391);
#2390 = CARTESIAN_POINT('',(56.,0.));
#2391 = VECTOR('',#2392,1.);
#2392 = DIRECTION('',(0.,-1.));
#2393 = ( GEOMETRIC_REPRESENTATION_CONTEXT(2) 
PARAMETRIC_REPRESENTATION_CONTEXT() REPRESENTATION_CONTEXT('2D SPACE',''
  ) );
#2394 = ORIENTED_EDGE('',*,*,#2395,.T.);
#2395 = EDGE_CURVE('',#2368,#2396,#2398,.T.);
#2396 = VERTEX_POINT('',#2397);
#2397 = CARTESIAN_POINT('',(-74.5,-84.,63.));
#2398 = SURFACE_CURVE('',#2399,(#2403,#2410),.PCURVE_S1.);
#2399 = LINE('',#2400,#2401);
#2400 = CARTESIAN_POINT('',(-77.5,-84.,63.));
#2401 = VECTOR('',#2402,1.);
#2402 = DIRECTION('',(1.,0.,-0.));
#2403 = PCURVE('',#2136,#2404);
#2404 = DEFINITIONAL_REPRESENTATION('',(#2405),#2409);
#2405 = LINE('',#2406,#2407);
#2406 = CARTESIAN_POINT('',(32.5,-14.));
#2407 = VECTOR('',#2408,1.);
#2408 = DIRECTION('',(1.,0.));
#2409 = ( GEOMETRIC_REPRESENTATION_CONTEXT(2) 
PARAMETRIC_REPRESENTATION_CONTEXT() REPRESENTATION_CONTEXT('2D SPACE',''
  ) );
#2410 = PCURVE('',#2411,#2416);
#2411 = PLANE('',#2412);
#2412 = AXIS2_PLACEMENT_3D('',#2413,#2414,#2415);
#2413 = CARTESIAN_POINT('',(-77.5,-84.,7.));
#2414 = DIRECTION('',(-0.,1.,0.));
#2415 = DIRECTION('',(0.,0.,1.));
#2416 = DEFINITIONAL_REPRESENTATION('',(#2417),#2421);
#2417 = LINE('',#2418,#2419);
#2418 = CARTESIAN_POINT('',(56.,0.));
#2419 = VECTOR('',#2420,1.);
#2420 = DIRECTION('',(0.,1.));
#2421 = ( GEOMETRIC_REPRESENTATION_CONTEXT(2) 
PARAMETRIC_REPRESENTATION_CONTEXT() REPRESENTATION_CONTEXT('2D SPACE',''
  ) );
#2422 = ORIENTED_EDGE('',*,*,#2423,.T.);
#2423 = EDGE_CURVE('',#2396,#2424,#2426,.T.);
#2424 = VERTEX_POINT('',#2425);
#2425 = CARTESIAN_POINT('',(-74.5,-70.,63.));
#2426 = SURFACE_CURVE('',#2427,(#2431,#2438),.PCURVE_S1.);
#2427 = LINE('',#2428,#2429);
#2428 = CARTESIAN_POINT('',(-74.5,-84.,63.));
#2429 = VECTOR('',#2430,1.);
#2430 = DIRECTION('',(-0.,1.,0.));
#2431 = PCURVE('',#2136,#2432);
#2432 = DEFINITIONAL_REPRESENTATION('',(#2433),#2437);
#2433 = LINE('',#2434,#2435);
#2434 = CARTESIAN_POINT('',(35.5,-14.));
#2435 = VECTOR('',#2436,1.);
#2436 = DIRECTION('',(0.,1.));
#2437 = ( GEOMETRIC_REPRESENTATION_CONTEXT(2) 
PARAMETRIC_REPRESENTATION_CONTEXT() REPRESENTATION_CONTEXT('2D SPACE',''
  ) );
#2438 = PCURVE('',#2439,#2444);
#2439 = PLANE('',#2440);
#2440 = AXIS2_PLACEMENT_3D('',#2441,#2442,#2443);
#2441 = CARTESIAN_POINT('',(-74.5,-84.,7.));
#2442 = DIRECTION('',(1.,0.,-0.));
#2443 = DIRECTION('',(0.,0.,1.));
#2444 = DEFINITIONAL_REPRESENTATION('',(#2445),#2449);
#2445 = LINE('',#2446,#2447);
#2446 = CARTESIAN_POINT('',(56.,0.));
#2447 = VECTOR('',#2448,1.);
#2448 = DIRECTION('',(0.,-1.));
#2449 = ( GEOMETRIC_REPRESENTATION_CONTEXT(2) 
PARAMETRIC_REPRESENTATION_CONTEXT() REPRESENTATION_CONTEXT('2D SPACE',''
  ) );
#2450 = ORIENTED_EDGE('',*,*,#2451,.T.);
#2451 = EDGE_CURVE('',#2424,#2452,#2454,.T.);
#2452 = VERTEX_POINT('',#2453);
#2453 = CARTESIAN_POINT('',(-58.5,-70.,63.));
#2454 = SURFACE_CURVE('',#2455,(#2459,#2466),.PCURVE_S1.);
#2455 = LINE('',#2456,#2457);
#2456 = CARTESIAN_POINT('',(-110.,-70.,63.));
#2457 = VECTOR('',#2458,1.);
#2458 = DIRECTION('',(1.,0.,-0.));
#2459 = PCURVE('',#2136,#2460);
#2460 = DEFINITIONAL_REPRESENTATION('',(#2461),#2465);
#2461 = LINE('',#2462,#2463);
#2462 = CARTESIAN_POINT('',(0.,0.));
#2463 = VECTOR('',#2464,1.);
#2464 = DIRECTION('',(1.,0.));
#2465 = ( GEOMETRIC_REPRESENTATION_CONTEXT(2) 
PARAMETRIC_REPRESENTATION_CONTEXT() REPRESENTATION_CONTEXT('2D SPACE',''
  ) );
#2466 = PCURVE('',#2467,#2472);
#2467 = PLANE('',#2468);
#2468 = AXIS2_PLACEMENT_3D('',#2469,#2470,#2471);
#2469 = CARTESIAN_POINT('',(-110.,-70.,7.));
#2470 = DIRECTION('',(-0.,1.,0.));
#2471 = DIRECTION('',(0.,0.,1.));
#2472 = DEFINITIONAL_REPRESENTATION('',(#2473),#2477);
#2473 = LINE('',#2474,#2475);
#2474 = CARTESIAN_POINT('',(56.,0.));
#2475 = VECTOR('',#2476,1.);
#2476 = DIRECTION('',(0.,1.));
#2477 = ( GEOMETRIC_REPRESENTATION_CONTEXT(2) 
PARAMETRIC_REPRESENTATION_CONTEXT() REPRESENTATION_CONTEXT('2D SPACE',''
  ) );
#2478 = ORIENTED_EDGE('',*,*,#2479,.F.);
#2479 = EDGE_CURVE('',#2480,#2452,#2482,.T.);
#2480 = VERTEX_POINT('',#2481);
#2481 = CARTESIAN_POINT('',(-58.5,-84.,63.));
#2482 = SURFACE_CURVE('',#2483,(#2487,#2494),.PCURVE_S1.);
#2483 = LINE('',#2484,#2485);
#2484 = CARTESIAN_POINT('',(-58.5,-84.,63.));
#2485 = VECTOR('',#2486,1.);
#2486 = DIRECTION('',(-0.,1.,0.));
#2487 = PCURVE('',#2136,#2488);
#2488 = DEFINITIONAL_REPRESENTATION('',(#2489),#2493);
#2489 = LINE('',#2490,#2491);
#2490 = CARTESIAN_POINT('',(51.5,-14.));
#2491 = VECTOR('',#2492,1.);
#2492 = DIRECTION('',(0.,1.));
#2493 = ( GEOMETRIC_REPRESENTATION_CONTEXT(2) 
PARAMETRIC_REPRESENTATION_CONTEXT() REPRESENTATION_CONTEXT('2D SPACE',''
  ) );
#2494 = PCURVE('',#2495,#2500);
#2495 = PLANE('',#2496);
#2496 = AXIS2_PLACEMENT_3D('',#2497,#2498,#2499);
#2497 = CARTESIAN_POINT('',(-58.5,-84.,7.));
#2498 = DIRECTION('',(1.,0.,-0.));
#2499 = DIRECTION('',(0.,0.,1.));
#2500 = DEFINITIONAL_REPRESENTATION('',(#2501),#2505);
#2501 = LINE('',#2502,#2503);
#2502 = CARTESIAN_POINT('',(56.,0.));
#2503 = VECTOR('',#2504,1.);
#2504 = DIRECTION('',(0.,-1.));
#2505 = ( GEOMETRIC_REPRESENTATION_CONTEXT(2) 
PARAMETRIC_REPRESENTATION_CONTEXT() REPRESENTATION_CONTEXT('2D SPACE',''
  ) );
#2506 = ORIENTED_EDGE('',*,*,#2507,.T.);
#2507 = EDGE_CURVE('',#2480,#2508,#2510,.T.);
#2508 = VERTEX_POINT('',#2509);
#2509 = CARTESIAN_POINT('',(-55.5,-84.,63.));
#2510 = SURFACE_CURVE('',#2511,(#2515,#2522),.PCURVE_S1.);
#2511 = LINE('',#2512,#2513);
#2512 = CARTESIAN_POINT('',(-58.5,-84.,63.));
#2513 = VECTOR('',#2514,1.);
#2514 = DIRECTION('',(1.,0.,-0.));
#2515 = PCURVE('',#2136,#2516);
#2516 = DEFINITIONAL_REPRESENTATION('',(#2517),#2521);
#2517 = LINE('',#2518,#2519);
#2518 = CARTESIAN_POINT('',(51.5,-14.));
#2519 = VECTOR('',#2520,1.);
#2520 = DIRECTION('',(1.,0.));
#2521 = ( GEOMETRIC_REPRESENTATION_CONTEXT(2) 
PARAMETRIC_REPRESENTATION_CONTEXT() REPRESENTATION_CONTEXT('2D SPACE',''
  ) );
#2522 = PCURVE('',#2523,#2528);
#2523 = PLANE('',#2524);
#2524 = AXIS2_PLACEMENT_3D('',#2525,#2526,#2527);
#2525 = CARTESIAN_POINT('',(-58.5,-84.,7.));
#2526 = DIRECTION('',(-0.,1.,0.));
#2527 = DIRECTION('',(0.,0.,1.));
#2528 = DEFINITIONAL_REPRESENTATION('',(#2529),#2533);
#2529 = LINE('',#2530,#2531);
#2530 = CARTESIAN_POINT('',(56.,0.));
#2531 = VECTOR('',#2532,1.);
#2532 = DIRECTION('',(0.,1.));
#2533 = ( GEOMETRIC_REPRESENTATION_CONTEXT(2) 
PARAMETRIC_REPRESENTATION_CONTEXT() REPRESENTATION_CONTEXT('2D SPACE',''
  ) );
#2534 = ORIENTED_EDGE('',*,*,#2535,.T.);
#2535 = EDGE_CURVE('',#2508,#2536,#2538,.T.);
#2536 = VERTEX_POINT('',#2537);
#2537 = CARTESIAN_POINT('',(-55.5,-70.,63.));
#2538 = SURFACE_CURVE('',#2539,(#2543,#2550),.PCURVE_S1.);
#2539 = LINE('',#2540,#2541);
#2540 = CARTESIAN_POINT('',(-55.5,-84.,63.));
#2541 = VECTOR('',#2542,1.);
#2542 = DIRECTION('',(-0.,1.,0.));
#2543 = PCURVE('',#2136,#2544);
#2544 = DEFINITIONAL_REPRESENTATION('',(#2545),#2549);
#2545 = LINE('',#2546,#2547);
#2546 = CARTESIAN_POINT('',(54.5,-14.));
#2547 = VECTOR('',#2548,1.);
#2548 = DIRECTION('',(0.,1.));
#2549 = ( GEOMETRIC_REPRESENTATION_CONTEXT(2) 
PARAMETRIC_REPRESENTATION_CONTEXT() REPRESENTATION_CONTEXT('2D SPACE',''
  ) );
#2550 = PCURVE('',#2551,#2556);
#2551 = PLANE('',#2552);
#2552 = AXIS2_PLACEMENT_3D('',#2553,#2554,#2555);
#2553 = CARTESIAN_POINT('',(-55.5,-84.,7.));
#2554 = DIRECTION('',(1.,0.,-0.));
#2555 = DIRECTION('',(0.,0.,1.));
#2556 = DEFINITIONAL_REPRESENTATION('',(#2557),#2561);
#2557 = LINE('',#2558,#2559);
#2558 = CARTESIAN_POINT('',(56.,0.));
#2559 = VECTOR('',#2560,1.);
#2560 = DIRECTION('',(0.,-1.));
#2561 = ( GEOMETRIC_REPRESENTATION_CONTEXT(2) 
PARAMETRIC_REPRESENTATION_CONTEXT() REPRESENTATION_CONTEXT('2D SPACE',''
  ) );
#2562 = ORIENTED_EDGE('',*,*,#2563,.T.);
#2563 = EDGE_CURVE('',#2536,#2564,#2566,.T.);
#2564 = VERTEX_POINT('',#2565);
#2565 = CARTESIAN_POINT('',(-39.5,-70.,63.));
#2566 = SURFACE_CURVE('',#2567,(#2571,#2578),.PCURVE_S1.);
#2567 = LINE('',#2568,#2569);
#2568 = CARTESIAN_POINT('',(-110.,-70.,63.));
#2569 = VECTOR('',#2570,1.);
#2570 = DIRECTION('',(1.,0.,-0.));
#2571 = PCURVE('',#2136,#2572);
#2572 = DEFINITIONAL_REPRESENTATION('',(#2573),#2577);
#2573 = LINE('',#2574,#2575);
#2574 = CARTESIAN_POINT('',(0.,0.));
#2575 = VECTOR('',#2576,1.);
#2576 = DIRECTION('',(1.,0.));
#2577 = ( GEOMETRIC_REPRESENTATION_CONTEXT(2) 
PARAMETRIC_REPRESENTATION_CONTEXT() REPRESENTATION_CONTEXT('2D SPACE',''
  ) );
#2578 = PCURVE('',#2579,#2584);
#2579 = PLANE('',#2580);
#2580 = AXIS2_PLACEMENT_3D('',#2581,#2582,#2583);
#2581 = CARTESIAN_POINT('',(-110.,-70.,7.));
#2582 = DIRECTION('',(-0.,1.,0.));
#2583 = DIRECTION('',(0.,0.,1.));
#2584 = DEFINITIONAL_REPRESENTATION('',(#2585),#2589);
#2585 = LINE('',#2586,#2587);
#2586 = CARTESIAN_POINT('',(56.,0.));
#2587 = VECTOR('',#2588,1.);
#2588 = DIRECTION('',(0.,1.));
#2589 = ( GEOMETRIC_REPRESENTATION_CONTEXT(2) 
PARAMETRIC_REPRESENTATION_CONTEXT() REPRESENTATION_CONTEXT('2D SPACE',''
  ) );
#2590 = ORIENTED_EDGE('',*,*,#2591,.F.);
#2591 = EDGE_CURVE('',#2592,#2564,#2594,.T.);
#2592 = VERTEX_POINT('',#2593);
#2593 = CARTESIAN_POINT('',(-39.5,-84.,63.));
#2594 = SURFACE_CURVE('',#2595,(#2599,#2606),.PCURVE_S1.);
#2595 = LINE('',#2596,#2597);
#2596 = CARTESIAN_POINT('',(-39.5,-84.,63.));
#2597 = VECTOR('',#2598,1.);
#2598 = DIRECTION('',(-0.,1.,0.));
#2599 = PCURVE('',#2136,#2600);
#2600 = DEFINITIONAL_REPRESENTATION('',(#2601),#2605);
#2601 = LINE('',#2602,#2603);
#2602 = CARTESIAN_POINT('',(70.5,-14.));
#2603 = VECTOR('',#2604,1.);
#2604 = DIRECTION('',(0.,1.));
#2605 = ( GEOMETRIC_REPRESENTATION_CONTEXT(2) 
PARAMETRIC_REPRESENTATION_CONTEXT() REPRESENTATION_CONTEXT('2D SPACE',''
  ) );
#2606 = PCURVE('',#2607,#2612);
#2607 = PLANE('',#2608);
#2608 = AXIS2_PLACEMENT_3D('',#2609,#2610,#2611);
#2609 = CARTESIAN_POINT('',(-39.5,-84.,7.));
#2610 = DIRECTION('',(1.,0.,-0.));
#2611 = DIRECTION('',(0.,0.,1.));
#2612 = DEFINITIONAL_REPRESENTATION('',(#2613),#2617);
#2613 = LINE('',#2614,#2615);
#2614 = CARTESIAN_POINT('',(56.,0.));
#2615 = VECTOR('',#2616,1.);
#2616 = DIRECTION('',(0.,-1.));
#2617 = ( GEOMETRIC_REPRESENTATION_CONTEXT(2) 
PARAMETRIC_REPRESENTATION_CONTEXT() REPRESENTATION_CONTEXT('2D SPACE',''
  ) );
#2618 = ORIENTED_EDGE('',*,*,#2619,.T.);
#2619 = EDGE_CURVE('',#2592,#2620,#2622,.T.);
#2620 = VERTEX_POINT('',#2621);
#2621 = CARTESIAN_POINT('',(-36.5,-84.,63.));
#2622 = SURFACE_CURVE('',#2623,(#2627,#2634),.PCURVE_S1.);
#2623 = LINE('',#2624,#2625);
#2624 = CARTESIAN_POINT('',(-39.5,-84.,63.));
#2625 = VECTOR('',#2626,1.);
#2626 = DIRECTION('',(1.,0.,-0.));
#2627 = PCURVE('',#2136,#2628);
#2628 = DEFINITIONAL_REPRESENTATION('',(#2629),#2633);
#2629 = LINE('',#2630,#2631);
#2630 = CARTESIAN_POINT('',(70.5,-14.));
#2631 = VECTOR('',#2632,1.);
#2632 = DIRECTION('',(1.,0.));
#2633 = ( GEOMETRIC_REPRESENTATION_CONTEXT(2) 
PARAMETRIC_REPRESENTATION_CONTEXT() REPRESENTATION_CONTEXT('2D SPACE',''
  ) );
#2634 = PCURVE('',#2635,#2640);
#2635 = PLANE('',#2636);
#2636 = AXIS2_PLACEMENT_3D('',#2637,#2638,#2639);
#2637 = CARTESIAN_POINT('',(-39.5,-84.,7.));
#2638 = DIRECTION('',(-0.,1.,0.));
#2639 = DIRECTION('',(0.,0.,1.));
#2640 = DEFINITIONAL_REPRESENTATION('',(#2641),#2645);
#2641 = LINE('',#2642,#2643);
#2642 = CARTESIAN_POINT('',(56.,0.));
#2643 = VECTOR('',#2644,1.);
#2644 = DIRECTION('',(0.,1.));
#2645 = ( GEOMETRIC_REPRESENTATION_CONTEXT(2) 
PARAMETRIC_REPRESENTATION_CONTEXT() REPRESENTATION_CONTEXT('2D SPACE',''
  ) );
#2646 = ORIENTED_EDGE('',*,*,#2647,.T.);
#2647 = EDGE_CURVE('',#2620,#2648,#2650,.T.);
#2648 = VERTEX_POINT('',#2649);
#2649 = CARTESIAN_POINT('',(-36.5,-70.,63.));
#2650 = SURFACE_CURVE('',#2651,(#2655,#2662),.PCURVE_S1.);
#2651 = LINE('',#2652,#2653);
#2652 = CARTESIAN_POINT('',(-36.5,-84.,63.));
#2653 = VECTOR('',#2654,1.);
#2654 = DIRECTION('',(-0.,1.,0.));
#2655 = PCURVE('',#2136,#2656);
#2656 = DEFINITIONAL_REPRESENTATION('',(#2657),#2661);
#2657 = LINE('',#2658,#2659);
#2658 = CARTESIAN_POINT('',(73.5,-14.));
#2659 = VECTOR('',#2660,1.);
#2660 = DIRECTION('',(0.,1.));
#2661 = ( GEOMETRIC_REPRESENTATION_CONTEXT(2) 
PARAMETRIC_REPRESENTATION_CONTEXT() REPRESENTATION_CONTEXT('2D SPACE',''
  ) );
#2662 = PCURVE('',#2663,#2668);
#2663 = PLANE('',#2664);
#2664 = AXIS2_PLACEMENT_3D('',#2665,#2666,#2667);
#2665 = CARTESIAN_POINT('',(-36.5,-84.,7.));
#2666 = DIRECTION('',(1.,0.,-0.));
#2667 = DIRECTION('',(0.,0.,1.));
#2668 = DEFINITIONAL_REPRESENTATION('',(#2669),#2673);
#2669 = LINE('',#2670,#2671);
#2670 = CARTESIAN_POINT('',(56.,0.));
#2671 = VECTOR('',#2672,1.);
#2672 = DIRECTION('',(0.,-1.));
#2673 = ( GEOMETRIC_REPRESENTATION_CONTEXT(2) 
PARAMETRIC_REPRESENTATION_CONTEXT() REPRESENTATION_CONTEXT('2D SPACE',''
  ) );
#2674 = ORIENTED_EDGE('',*,*,#2675,.T.);
#2675 = EDGE_CURVE('',#2648,#2676,#2678,.T.);
#2676 = VERTEX_POINT('',#2677);
#2677 = CARTESIAN_POINT('',(-20.5,-70.,63.));
#2678 = SURFACE_CURVE('',#2679,(#2683,#2690),.PCURVE_S1.);
#2679 = LINE('',#2680,#2681);
#2680 = CARTESIAN_POINT('',(-110.,-70.,63.));
#2681 = VECTOR('',#2682,1.);
#2682 = DIRECTION('',(1.,0.,-0.));
#2683 = PCURVE('',#2136,#2684);
#2684 = DEFINITIONAL_REPRESENTATION('',(#2685),#2689);
#2685 = LINE('',#2686,#2687);
#2686 = CARTESIAN_POINT('',(0.,0.));
#2687 = VECTOR('',#2688,1.);
#2688 = DIRECTION('',(1.,0.));
#2689 = ( GEOMETRIC_REPRESENTATION_CONTEXT(2) 
PARAMETRIC_REPRESENTATION_CONTEXT() REPRESENTATION_CONTEXT('2D SPACE',''
  ) );
#2690 = PCURVE('',#2691,#2696);
#2691 = PLANE('',#2692);
#2692 = AXIS2_PLACEMENT_3D('',#2693,#2694,#2695);
#2693 = CARTESIAN_POINT('',(-110.,-70.,7.));
#2694 = DIRECTION('',(-0.,1.,0.));
#2695 = DIRECTION('',(0.,0.,1.));
#2696 = DEFINITIONAL_REPRESENTATION('',(#2697),#2701);
#2697 = LINE('',#2698,#2699);
#2698 = CARTESIAN_POINT('',(56.,0.));
#2699 = VECTOR('',#2700,1.);
#2700 = DIRECTION('',(0.,1.));
#2701 = ( GEOMETRIC_REPRESENTATION_CONTEXT(2) 
PARAMETRIC_REPRESENTATION_CONTEXT() REPRESENTATION_CONTEXT('2D SPACE',''
  ) );
#2702 = ORIENTED_EDGE('',*,*,#2703,.F.);
#2703 = EDGE_CURVE('',#2704,#2676,#2706,.T.);
#2704 = VERTEX_POINT('',#2705);
#2705 = CARTESIAN_POINT('',(-20.5,-84.,63.));
#2706 = SURFACE_CURVE('',#2707,(#2711,#2718),.PCURVE_S1.);
#2707 = LINE('',#2708,#2709);
#2708 = CARTESIAN_POINT('',(-20.5,-84.,63.));
#2709 = VECTOR('',#2710,1.);
#2710 = DIRECTION('',(-0.,1.,0.));
#2711 = PCURVE('',#2136,#2712);
#2712 = DEFINITIONAL_REPRESENTATION('',(#2713),#2717);
#2713 = LINE('',#2714,#2715);
#2714 = CARTESIAN_POINT('',(89.5,-14.));
#2715 = VECTOR('',#2716,1.);
#2716 = DIRECTION('',(0.,1.));
#2717 = ( GEOMETRIC_REPRESENTATION_CONTEXT(2) 
PARAMETRIC_REPRESENTATION_CONTEXT() REPRESENTATION_CONTEXT('2D SPACE',''
  ) );
#2718 = PCURVE('',#2719,#2724);
#2719 = PLANE('',#2720);
#2720 = AXIS2_PLACEMENT_3D('',#2721,#2722,#2723);
#2721 = CARTESIAN_POINT('',(-20.5,-84.,7.));
#2722 = DIRECTION('',(1.,0.,-0.));
#2723 = DIRECTION('',(0.,0.,1.));
#2724 = DEFINITIONAL_REPRESENTATION('',(#2725),#2729);
#2725 = LINE('',#2726,#2727);
#2726 = CARTESIAN_POINT('',(56.,0.));
#2727 = VECTOR('',#2728,1.);
#2728 = DIRECTION('',(0.,-1.));
#2729 = ( GEOMETRIC_REPRESENTATION_CONTEXT(2) 
PARAMETRIC_REPRESENTATION_CONTEXT() REPRESENTATION_CONTEXT('2D SPACE',''
  ) );
#2730 = ORIENTED_EDGE('',*,*,#2731,.T.);
#2731 = EDGE_CURVE('',#2704,#2732,#2734,.T.);
#2732 = VERTEX_POINT('',#2733);
#2733 = CARTESIAN_POINT('',(-17.5,-84.,63.));
#2734 = SURFACE_CURVE('',#2735,(#2739,#2746),.PCURVE_S1.);
#2735 = LINE('',#2736,#2737);
#2736 = CARTESIAN_POINT('',(-20.5,-84.,63.));
#2737 = VECTOR('',#2738,1.);
#2738 = DIRECTION('',(1.,0.,-0.));
#2739 = PCURVE('',#2136,#2740);
#2740 = DEFINITIONAL_REPRESENTATION('',(#2741),#2745);
#2741 = LINE('',#2742,#2743);
#2742 = CARTESIAN_POINT('',(89.5,-14.));
#2743 = VECTOR('',#2744,1.);
#2744 = DIRECTION('',(1.,0.));
#2745 = ( GEOMETRIC_REPRESENTATION_CONTEXT(2) 
PARAMETRIC_REPRESENTATION_CONTEXT() REPRESENTATION_CONTEXT('2D SPACE',''
  ) );
#2746 = PCURVE('',#2747,#2752);
#2747 = PLANE('',#2748);
#2748 = AXIS2_PLACEMENT_3D('',#2749,#2750,#2751);
#2749 = CARTESIAN_POINT('',(-20.5,-84.,7.));
#2750 = DIRECTION('',(-0.,1.,0.));
#2751 = DIRECTION('',(0.,0.,1.));
#2752 = DEFINITIONAL_REPRESENTATION('',(#2753),#2757);
#2753 = LINE('',#2754,#2755);
#2754 = CARTESIAN_POINT('',(56.,0.));
#2755 = VECTOR('',#2756,1.);
#2756 = DIRECTION('',(0.,1.));
#2757 = ( GEOMETRIC_REPRESENTATION_CONTEXT(2) 
PARAMETRIC_REPRESENTATION_CONTEXT() REPRESENTATION_CONTEXT('2D SPACE',''
  ) );
#2758 = ORIENTED_EDGE('',*,*,#2759,.T.);
#2759 = EDGE_CURVE('',#2732,#2760,#2762,.T.);
#2760 = VERTEX_POINT('',#2761);
#2761 = CARTESIAN_POINT('',(-17.5,-70.,63.));
#2762 = SURFACE_CURVE('',#2763,(#2767,#2774),.PCURVE_S1.);
#2763 = LINE('',#2764,#2765);
#2764 = CARTESIAN_POINT('',(-17.5,-84.,63.));
#2765 = VECTOR('',#2766,1.);
#2766 = DIRECTION('',(-0.,1.,0.));
#2767 = PCURVE('',#2136,#2768);
#2768 = DEFINITIONAL_REPRESENTATION('',(#2769),#2773);
#2769 = LINE('',#2770,#2771);
#2770 = CARTESIAN_POINT('',(92.5,-14.));
#2771 = VECTOR('',#2772,1.);
#2772 = DIRECTION('',(0.,1.));
#2773 = ( GEOMETRIC_REPRESENTATION_CONTEXT(2) 
PARAMETRIC_REPRESENTATION_CONTEXT() REPRESENTATION_CONTEXT('2D SPACE',''
  ) );
#2774 = PCURVE('',#2775,#2780);
#2775 = PLANE('',#2776);
#2776 = AXIS2_PLACEMENT_3D('',#2777,#2778,#2779);
#2777 = CARTESIAN_POINT('',(-17.5,-84.,7.));
#2778 = DIRECTION('',(1.,0.,-0.));
#2779 = DIRECTION('',(0.,0.,1.));
#2780 = DEFINITIONAL_REPRESENTATION('',(#2781),#2785);
#2781 = LINE('',#2782,#2783);
#2782 = CARTESIAN_POINT('',(56.,0.));
#2783 = VECTOR('',#2784,1.);
#2784 = DIRECTION('',(0.,-1.));
#2785 = ( GEOMETRIC_REPRESENTATION_CONTEXT(2) 
PARAMETRIC_REPRESENTATION_CONTEXT() REPRESENTATION_CONTEXT('2D SPACE',''
  ) );
#2786 = ORIENTED_EDGE('',*,*,#2787,.T.);
#2787 = EDGE_CURVE('',#2760,#2788,#2790,.T.);
#2788 = VERTEX_POINT('',#2789);
#2789 = CARTESIAN_POINT('',(-1.5,-70.,63.));
#2790 = SURFACE_CURVE('',#2791,(#2795,#2802),.PCURVE_S1.);
#2791 = LINE('',#2792,#2793);
#2792 = CARTESIAN_POINT('',(-110.,-70.,63.));
#2793 = VECTOR('',#2794,1.);
#2794 = DIRECTION('',(1.,0.,-0.));
#2795 = PCURVE('',#2136,#2796);
#2796 = DEFINITIONAL_REPRESENTATION('',(#2797),#2801);
#2797 = LINE('',#2798,#2799);
#2798 = CARTESIAN_POINT('',(0.,0.));
#2799 = VECTOR('',#2800,1.);
#2800 = DIRECTION('',(1.,0.));
#2801 = ( GEOMETRIC_REPRESENTATION_CONTEXT(2) 
PARAMETRIC_REPRESENTATION_CONTEXT() REPRESENTATION_CONTEXT('2D SPACE',''
  ) );
#2802 = PCURVE('',#2803,#2808);
#2803 = PLANE('',#2804);
#2804 = AXIS2_PLACEMENT_3D('',#2805,#2806,#2807);
#2805 = CARTESIAN_POINT('',(-110.,-70.,7.));
#2806 = DIRECTION('',(-0.,1.,0.));
#2807 = DIRECTION('',(0.,0.,1.));
#2808 = DEFINITIONAL_REPRESENTATION('',(#2809),#2813);
#2809 = LINE('',#2810,#2811);
#2810 = CARTESIAN_POINT('',(56.,0.));
#2811 = VECTOR('',#2812,1.);
#2812 = DIRECTION('',(0.,1.));
#2813 = ( GEOMETRIC_REPRESENTATION_CONTEXT(2) 
PARAMETRIC_REPRESENTATION_CONTEXT() REPRESENTATION_CONTEXT('2D SPACE',''
  ) );
#2814 = ORIENTED_EDGE('',*,*,#2815,.F.);
#2815 = EDGE_CURVE('',#2816,#2788,#2818,.T.);
#2816 = VERTEX_POINT('',#2817);
#2817 = CARTESIAN_POINT('',(-1.5,-84.,63.));
#2818 = SURFACE_CURVE('',#2819,(#2823,#2830),.PCURVE_S1.);
#2819 = LINE('',#2820,#2821);
#2820 = CARTESIAN_POINT('',(-1.5,-84.,63.));
#2821 = VECTOR('',#2822,1.);
#2822 = DIRECTION('',(-0.,1.,0.));
#2823 = PCURVE('',#2136,#2824);
#2824 = DEFINITIONAL_REPRESENTATION('',(#2825),#2829);
#2825 = LINE('',#2826,#2827);
#2826 = CARTESIAN_POINT('',(108.5,-14.));
#2827 = VECTOR('',#2828,1.);
#2828 = DIRECTION('',(0.,1.));
#2829 = ( GEOMETRIC_REPRESENTATION_CONTEXT(2) 
PARAMETRIC_REPRESENTATION_CONTEXT() REPRESENTATION_CONTEXT('2D SPACE',''
  ) );
#2830 = PCURVE('',#2831,#2836);
#2831 = PLANE('',#2832);
#2832 = AXIS2_PLACEMENT_3D('',#2833,#2834,#2835);
#2833 = CARTESIAN_POINT('',(-1.5,-84.,7.));
#2834 = DIRECTION('',(1.,0.,-0.));
#2835 = DIRECTION('',(0.,0.,1.));
#2836 = DEFINITIONAL_REPRESENTATION('',(#2837),#2841);
#2837 = LINE('',#2838,#2839);
#2838 = CARTESIAN_POINT('',(56.,0.));
#2839 = VECTOR('',#2840,1.);
#2840 = DIRECTION('',(0.,-1.));
#2841 = ( GEOMETRIC_REPRESENTATION_CONTEXT(2) 
PARAMETRIC_REPRESENTATION_CONTEXT() REPRESENTATION_CONTEXT('2D SPACE',''
  ) );
#2842 = ORIENTED_EDGE('',*,*,#2843,.T.);
#2843 = EDGE_CURVE('',#2816,#2844,#2846,.T.);
#2844 = VERTEX_POINT('',#2845);
#2845 = CARTESIAN_POINT('',(1.5,-84.,63.));
#2846 = SURFACE_CURVE('',#2847,(#2851,#2858),.PCURVE_S1.);
#2847 = LINE('',#2848,#2849);
#2848 = CARTESIAN_POINT('',(-1.5,-84.,63.));
#2849 = VECTOR('',#2850,1.);
#2850 = DIRECTION('',(1.,0.,-0.));
#2851 = PCURVE('',#2136,#2852);
#2852 = DEFINITIONAL_REPRESENTATION('',(#2853),#2857);
#2853 = LINE('',#2854,#2855);
#2854 = CARTESIAN_POINT('',(108.5,-14.));
#2855 = VECTOR('',#2856,1.);
#2856 = DIRECTION('',(1.,0.));
#2857 = ( GEOMETRIC_REPRESENTATION_CONTEXT(2) 
PARAMETRIC_REPRESENTATION_CONTEXT() REPRESENTATION_CONTEXT('2D SPACE',''
  ) );
#2858 = PCURVE('',#2859,#2864);
#2859 = PLANE('',#2860);
#2860 = AXIS2_PLACEMENT_3D('',#2861,#2862,#2863);
#2861 = CARTESIAN_POINT('',(-1.5,-84.,7.));
#2862 = DIRECTION('',(-0.,1.,0.));
#2863 = DIRECTION('',(0.,0.,1.));
#2864 = DEFINITIONAL_REPRESENTATION('',(#2865),#2869);
#2865 = LINE('',#2866,#2867);
#2866 = CARTESIAN_POINT('',(56.,0.));
#2867 = VECTOR('',#2868,1.);
#2868 = DIRECTION('',(0.,1.));
#2869 = ( GEOMETRIC_REPRESENTATION_CONTEXT(2) 
PARAMETRIC_REPRESENTATION_CONTEXT() REPRESENTATION_CONTEXT('2D SPACE',''
  ) );
#2870 = ORIENTED_EDGE('',*,*,#2871,.T.);
#2871 = EDGE_CURVE('',#2844,#2872,#2874,.T.);
#2872 = VERTEX_POINT('',#2873);
#2873 = CARTESIAN_POINT('',(1.5,-70.,63.));
#2874 = SURFACE_CURVE('',#2875,(#2879,#2886),.PCURVE_S1.);
#2875 = LINE('',#2876,#2877);
#2876 = CARTESIAN_POINT('',(1.5,-84.,63.));
#2877 = VECTOR('',#2878,1.);
#2878 = DIRECTION('',(-0.,1.,0.));
#2879 = PCURVE('',#2136,#2880);
#2880 = DEFINITIONAL_REPRESENTATION('',(#2881),#2885);
#2881 = LINE('',#2882,#2883);
#2882 = CARTESIAN_POINT('',(111.5,-14.));
#2883 = VECTOR('',#2884,1.);
#2884 = DIRECTION('',(0.,1.));
#2885 = ( GEOMETRIC_REPRESENTATION_CONTEXT(2) 
PARAMETRIC_REPRESENTATION_CONTEXT() REPRESENTATION_CONTEXT('2D SPACE',''
  ) );
#2886 = PCURVE('',#2887,#2892);
#2887 = PLANE('',#2888);
#2888 = AXIS2_PLACEMENT_3D('',#2889,#2890,#2891);
#2889 = CARTESIAN_POINT('',(1.5,-84.,7.));
#2890 = DIRECTION('',(1.,0.,-0.));
#2891 = DIRECTION('',(0.,0.,1.));
#2892 = DEFINITIONAL_REPRESENTATION('',(#2893),#2897);
#2893 = LINE('',#2894,#2895);
#2894 = CARTESIAN_POINT('',(56.,0.));
#2895 = VECTOR('',#2896,1.);
#2896 = DIRECTION('',(0.,-1.));
#2897 = ( GEOMETRIC_REPRESENTATION_CONTEXT(2) 
PARAMETRIC_REPRESENTATION_CONTEXT() REPRESENTATION_CONTEXT('2D SPACE',''
  ) );
#2898 = ORIENTED_EDGE('',*,*,#2899,.T.);
#2899 = EDGE_CURVE('',#2872,#2900,#2902,.T.);
#2900 = VERTEX_POINT('',#2901);
#2901 = CARTESIAN_POINT('',(17.5,-70.,63.));
#2902 = SURFACE_CURVE('',#2903,(#2907,#2914),.PCURVE_S1.);
#2903 = LINE('',#2904,#2905);
#2904 = CARTESIAN_POINT('',(-110.,-70.,63.));
#2905 = VECTOR('',#2906,1.);
#2906 = DIRECTION('',(1.,0.,-0.));
#2907 = PCURVE('',#2136,#2908);
#2908 = DEFINITIONAL_REPRESENTATION('',(#2909),#2913);
#2909 = LINE('',#2910,#2911);
#2910 = CARTESIAN_POINT('',(0.,0.));
#2911 = VECTOR('',#2912,1.);
#2912 = DIRECTION('',(1.,0.));
#2913 = ( GEOMETRIC_REPRESENTATION_CONTEXT(2) 
PARAMETRIC_REPRESENTATION_CONTEXT() REPRESENTATION_CONTEXT('2D SPACE',''
  ) );
#2914 = PCURVE('',#2915,#2920);
#2915 = PLANE('',#2916);
#2916 = AXIS2_PLACEMENT_3D('',#2917,#2918,#2919);
#2917 = CARTESIAN_POINT('',(-110.,-70.,7.));
#2918 = DIRECTION('',(-0.,1.,0.));
#2919 = DIRECTION('',(0.,0.,1.));
#2920 = DEFINITIONAL_REPRESENTATION('',(#2921),#2925);
#2921 = LINE('',#2922,#2923);
#2922 = CARTESIAN_POINT('',(56.,0.));
#2923 = VECTOR('',#2924,1.);
#2924 = DIRECTION('',(0.,1.));
#2925 = ( GEOMETRIC_REPRESENTATION_CONTEXT(2) 
PARAMETRIC_REPRESENTATION_CONTEXT() REPRESENTATION_CONTEXT('2D SPACE',''
  ) );
#2926 = ORIENTED_EDGE('',*,*,#2927,.F.);
#2927 = EDGE_CURVE('',#2928,#2900,#2930,.T.);
#2928 = VERTEX_POINT('',#2929);
#2929 = CARTESIAN_POINT('',(17.5,-84.,63.));
#2930 = SURFACE_CURVE('',#2931,(#2935,#2942),.PCURVE_S1.);
#2931 = LINE('',#2932,#2933);
#2932 = CARTESIAN_POINT('',(17.5,-84.,63.));
#2933 = VECTOR('',#2934,1.);
#2934 = DIRECTION('',(-0.,1.,0.));
#2935 = PCURVE('',#2136,#2936);
#2936 = DEFINITIONAL_REPRESENTATION('',(#2937),#2941);
#2937 = LINE('',#2938,#2939);
#2938 = CARTESIAN_POINT('',(127.5,-14.));
#2939 = VECTOR('',#2940,1.);
#2940 = DIRECTION('',(0.,1.));
#2941 = ( GEOMETRIC_REPRESENTATION_CONTEXT(2) 
PARAMETRIC_REPRESENTATION_CONTEXT() REPRESENTATION_CONTEXT('2D SPACE',''
  ) );
#2942 = PCURVE('',#2943,#2948);
#2943 = PLANE('',#2944);
#2944 = AXIS2_PLACEMENT_3D('',#2945,#2946,#2947);
#2945 = CARTESIAN_POINT('',(17.5,-84.,7.));
#2946 = DIRECTION('',(1.,0.,-0.));
#2947 = DIRECTION('',(0.,0.,1.));
#2948 = DEFINITIONAL_REPRESENTATION('',(#2949),#2953);
#2949 = LINE('',#2950,#2951);
#2950 = CARTESIAN_POINT('',(56.,0.));
#2951 = VECTOR('',#2952,1.);
#2952 = DIRECTION('',(0.,-1.));
#2953 = ( GEOMETRIC_REPRESENTATION_CONTEXT(2) 
PARAMETRIC_REPRESENTATION_CONTEXT() REPRESENTATION_CONTEXT('2D SPACE',''
  ) );
#2954 = ORIENTED_EDGE('',*,*,#2955,.T.);
#2955 = EDGE_CURVE('',#2928,#2956,#2958,.T.);
#2956 = VERTEX_POINT('',#2957);
#2957 = CARTESIAN_POINT('',(20.5,-84.,63.));
#2958 = SURFACE_CURVE('',#2959,(#2963,#2970),.PCURVE_S1.);
#2959 = LINE('',#2960,#2961);
#2960 = CARTESIAN_POINT('',(17.5,-84.,63.));
#2961 = VECTOR('',#2962,1.);
#2962 = DIRECTION('',(1.,0.,-0.));
#2963 = PCURVE('',#2136,#2964);
#2964 = DEFINITIONAL_REPRESENTATION('',(#2965),#2969);
#2965 = LINE('',#2966,#2967);
#2966 = CARTESIAN_POINT('',(127.5,-14.));
#2967 = VECTOR('',#2968,1.);
#2968 = DIRECTION('',(1.,0.));
#2969 = ( GEOMETRIC_REPRESENTATION_CONTEXT(2) 
PARAMETRIC_REPRESENTATION_CONTEXT() REPRESENTATION_CONTEXT('2D SPACE',''
  ) );
#2970 = PCURVE('',#2971,#2976);
#2971 = PLANE('',#2972);
#2972 = AXIS2_PLACEMENT_3D('',#2973,#2974,#2975);
#2973 = CARTESIAN_POINT('',(17.5,-84.,7.));
#2974 = DIRECTION('',(-0.,1.,0.));
#2975 = DIRECTION('',(0.,0.,1.));
#2976 = DEFINITIONAL_REPRESENTATION('',(#2977),#2981);
#2977 = LINE('',#2978,#2979);
#2978 = CARTESIAN_POINT('',(56.,0.));
#2979 = VECTOR('',#2980,1.);
#2980 = DIRECTION('',(0.,1.));
#2981 = ( GEOMETRIC_REPRESENTATION_CONTEXT(2) 
PARAMETRIC_REPRESENTATION_CONTEXT() REPRESENTATION_CONTEXT('2D SPACE',''
  ) );
#2982 = ORIENTED_EDGE('',*,*,#2983,.T.);
#2983 = EDGE_CURVE('',#2956,#2984,#2986,.T.);
#2984 = VERTEX_POINT('',#2985);
#2985 = CARTESIAN_POINT('',(20.5,-70.,63.));
#2986 = SURFACE_CURVE('',#2987,(#2991,#2998),.PCURVE_S1.);
#2987 = LINE('',#2988,#2989);
#2988 = CARTESIAN_POINT('',(20.5,-84.,63.));
#2989 = VECTOR('',#2990,1.);
#2990 = DIRECTION('',(-0.,1.,0.));
#2991 = PCURVE('',#2136,#2992);
#2992 = DEFINITIONAL_REPRESENTATION('',(#2993),#2997);
#2993 = LINE('',#2994,#2995);
#2994 = CARTESIAN_POINT('',(130.5,-14.));
#2995 = VECTOR('',#2996,1.);
#2996 = DIRECTION('',(0.,1.));
#2997 = ( GEOMETRIC_REPRESENTATION_CONTEXT(2) 
PARAMETRIC_REPRESENTATION_CONTEXT() REPRESENTATION_CONTEXT('2D SPACE',''
  ) );
#2998 = PCURVE('',#2999,#3004);
#2999 = PLANE('',#3000);
#3000 = AXIS2_PLACEMENT_3D('',#3001,#3002,#3003);
#3001 = CARTESIAN_POINT('',(20.5,-84.,7.));
#3002 = DIRECTION('',(1.,0.,-0.));
#3003 = DIRECTION('',(0.,0.,1.));
#3004 = DEFINITIONAL_REPRESENTATION('',(#3005),#3009);
#3005 = LINE('',#3006,#3007);
#3006 = CARTESIAN_POINT('',(56.,0.));
#3007 = VECTOR('',#3008,1.);
#3008 = DIRECTION('',(0.,-1.));
#3009 = ( GEOMETRIC_REPRESENTATION_CONTEXT(2) 
PARAMETRIC_REPRESENTATION_CONTEXT() REPRESENTATION_CONTEXT('2D SPACE',''
  ) );
#3010 = ORIENTED_EDGE('',*,*,#3011,.T.);
#3011 = EDGE_CURVE('',#2984,#3012,#3014,.T.);
#3012 = VERTEX_POINT('',#3013);
#3013 = CARTESIAN_POINT('',(36.5,-70.,63.));
#3014 = SURFACE_CURVE('',#3015,(#3019,#3026),.PCURVE_S1.);
#3015 = LINE('',#3016,#3017);
#3016 = CARTESIAN_POINT('',(-110.,-70.,63.));
#3017 = VECTOR('',#3018,1.);
#3018 = DIRECTION('',(1.,0.,-0.));
#3019 = PCURVE('',#2136,#3020);
#3020 = DEFINITIONAL_REPRESENTATION('',(#3021),#3025);
#3021 = LINE('',#3022,#3023);
#3022 = CARTESIAN_POINT('',(0.,0.));
#3023 = VECTOR('',#3024,1.);
#3024 = DIRECTION('',(1.,0.));
#3025 = ( GEOMETRIC_REPRESENTATION_CONTEXT(2) 
PARAMETRIC_REPRESENTATION_CONTEXT() REPRESENTATION_CONTEXT('2D SPACE',''
  ) );
#3026 = PCURVE('',#3027,#3032);
#3027 = PLANE('',#3028);
#3028 = AXIS2_PLACEMENT_3D('',#3029,#3030,#3031);
#3029 = CARTESIAN_POINT('',(-110.,-70.,7.));
#3030 = DIRECTION('',(-0.,1.,0.));
#3031 = DIRECTION('',(0.,0.,1.));
#3032 = DEFINITIONAL_REPRESENTATION('',(#3033),#3037);
#3033 = LINE('',#3034,#3035);
#3034 = CARTESIAN_POINT('',(56.,0.));
#3035 = VECTOR('',#3036,1.);
#3036 = DIRECTION('',(0.,1.));
#3037 = ( GEOMETRIC_REPRESENTATION_CONTEXT(2) 
PARAMETRIC_REPRESENTATION_CONTEXT() REPRESENTATION_CONTEXT('2D SPACE',''
  ) );
#3038 = ORIENTED_EDGE('',*,*,#3039,.F.);
#3039 = EDGE_CURVE('',#3040,#3012,#3042,.T.);
#3040 = VERTEX_POINT('',#3041);
#3041 = CARTESIAN_POINT('',(36.5,-84.,63.));
#3042 = SURFACE_CURVE('',#3043,(#3047,#3054),.PCURVE_S1.);
#3043 = LINE('',#3044,#3045);
#3044 = CARTESIAN_POINT('',(36.5,-84.,63.));
#3045 = VECTOR('',#3046,1.);
#3046 = DIRECTION('',(-0.,1.,0.));
#3047 = PCURVE('',#2136,#3048);
#3048 = DEFINITIONAL_REPRESENTATION('',(#3049),#3053);
#3049 = LINE('',#3050,#3051);
#3050 = CARTESIAN_POINT('',(146.5,-14.));
#3051 = VECTOR('',#3052,1.);
#3052 = DIRECTION('',(0.,1.));
#3053 = ( GEOMETRIC_REPRESENTATION_CONTEXT(2) 
PARAMETRIC_REPRESENTATION_CONTEXT() REPRESENTATION_CONTEXT('2D SPACE',''
  ) );
#3054 = PCURVE('',#3055,#3060);
#3055 = PLANE('',#3056);
#3056 = AXIS2_PLACEMENT_3D('',#3057,#3058,#3059);
#3057 = CARTESIAN_POINT('',(36.5,-84.,7.));
#3058 = DIRECTION('',(1.,0.,-0.));
#3059 = DIRECTION('',(0.,0.,1.));
#3060 = DEFINITIONAL_REPRESENTATION('',(#3061),#3065);
#3061 = LINE('',#3062,#3063);
#3062 = CARTESIAN_POINT('',(56.,0.));
#3063 = VECTOR('',#3064,1.);
#3064 = DIRECTION('',(0.,-1.));
#3065 = ( GEOMETRIC_REPRESENTATION_CONTEXT(2) 
PARAMETRIC_REPRESENTATION_CONTEXT() REPRESENTATION_CONTEXT('2D SPACE',''
  ) );
#3066 = ORIENTED_EDGE('',*,*,#3067,.T.);
#3067 = EDGE_CURVE('',#3040,#3068,#3070,.T.);
#3068 = VERTEX_POINT('',#3069);
#3069 = CARTESIAN_POINT('',(39.5,-84.,63.));
#3070 = SURFACE_CURVE('',#3071,(#3075,#3082),.PCURVE_S1.);
#3071 = LINE('',#3072,#3073);
#3072 = CARTESIAN_POINT('',(36.5,-84.,63.));
#3073 = VECTOR('',#3074,1.);
#3074 = DIRECTION('',(1.,0.,-0.));
#3075 = PCURVE('',#2136,#3076);
#3076 = DEFINITIONAL_REPRESENTATION('',(#3077),#3081);
#3077 = LINE('',#3078,#3079);
#3078 = CARTESIAN_POINT('',(146.5,-14.));
#3079 = VECTOR('',#3080,1.);
#3080 = DIRECTION('',(1.,0.));
#3081 = ( GEOMETRIC_REPRESENTATION_CONTEXT(2) 
PARAMETRIC_REPRESENTATION_CONTEXT() REPRESENTATION_CONTEXT('2D SPACE',''
  ) );
#3082 = PCURVE('',#3083,#3088);
#3083 = PLANE('',#3084);
#3084 = AXIS2_PLACEMENT_3D('',#3085,#3086,#3087);
#3085 = CARTESIAN_POINT('',(36.5,-84.,7.));
#3086 = DIRECTION('',(-0.,1.,0.));
#3087 = DIRECTION('',(0.,0.,1.));
#3088 = DEFINITIONAL_REPRESENTATION('',(#3089),#3093);
#3089 = LINE('',#3090,#3091);
#3090 = CARTESIAN_POINT('',(56.,0.));
#3091 = VECTOR('',#3092,1.);
#3092 = DIRECTION('',(0.,1.));
#3093 = ( GEOMETRIC_REPRESENTATION_CONTEXT(2) 
PARAMETRIC_REPRESENTATION_CONTEXT() REPRESENTATION_CONTEXT('2D SPACE',''
  ) );
#3094 = ORIENTED_EDGE('',*,*,#3095,.T.);
#3095 = EDGE_CURVE('',#3068,#3096,#3098,.T.);
#3096 = VERTEX_POINT('',#3097);
#3097 = CARTESIAN_POINT('',(39.5,-70.,63.));
#3098 = SURFACE_CURVE('',#3099,(#3103,#3110),.PCURVE_S1.);
#3099 = LINE('',#3100,#3101);
#3100 = CARTESIAN_POINT('',(39.5,-84.,63.));
#3101 = VECTOR('',#3102,1.);
#3102 = DIRECTION('',(-0.,1.,0.));
#3103 = PCURVE('',#2136,#3104);
#3104 = DEFINITIONAL_REPRESENTATION('',(#3105),#3109);
#3105 = LINE('',#3106,#3107);
#3106 = CARTESIAN_POINT('',(149.5,-14.));
#3107 = VECTOR('',#3108,1.);
#3108 = DIRECTION('',(0.,1.));
#3109 = ( GEOMETRIC_REPRESENTATION_CONTEXT(2) 
PARAMETRIC_REPRESENTATION_CONTEXT() REPRESENTATION_CONTEXT('2D SPACE',''
  ) );
#3110 = PCURVE('',#3111,#3116);
#3111 = PLANE('',#3112);
#3112 = AXIS2_PLACEMENT_3D('',#3113,#3114,#3115);
#3113 = CARTESIAN_POINT('',(39.5,-84.,7.));
#3114 = DIRECTION('',(1.,0.,-0.));
#3115 = DIRECTION('',(0.,0.,1.));
#3116 = DEFINITIONAL_REPRESENTATION('',(#3117),#3121);
#3117 = LINE('',#3118,#3119);
#3118 = CARTESIAN_POINT('',(56.,0.));
#3119 = VECTOR('',#3120,1.);
#3120 = DIRECTION('',(0.,-1.));
#3121 = ( GEOMETRIC_REPRESENTATION_CONTEXT(2) 
PARAMETRIC_REPRESENTATION_CONTEXT() REPRESENTATION_CONTEXT('2D SPACE',''
  ) );
#3122 = ORIENTED_EDGE('',*,*,#3123,.T.);
#3123 = EDGE_CURVE('',#3096,#3124,#3126,.T.);
#3124 = VERTEX_POINT('',#3125);
#3125 = CARTESIAN_POINT('',(55.5,-70.,63.));
#3126 = SURFACE_CURVE('',#3127,(#3131,#3138),.PCURVE_S1.);
#3127 = LINE('',#3128,#3129);
#3128 = CARTESIAN_POINT('',(-110.,-70.,63.));
#3129 = VECTOR('',#3130,1.);
#3130 = DIRECTION('',(1.,0.,-0.));
#3131 = PCURVE('',#2136,#3132);
#3132 = DEFINITIONAL_REPRESENTATION('',(#3133),#3137);
#3133 = LINE('',#3134,#3135);
#3134 = CARTESIAN_POINT('',(0.,0.));
#3135 = VECTOR('',#3136,1.);
#3136 = DIRECTION('',(1.,0.));
#3137 = ( GEOMETRIC_REPRESENTATION_CONTEXT(2) 
PARAMETRIC_REPRESENTATION_CONTEXT() REPRESENTATION_CONTEXT('2D SPACE',''
  ) );
#3138 = PCURVE('',#3139,#3144);
#3139 = PLANE('',#3140);
#3140 = AXIS2_PLACEMENT_3D('',#3141,#3142,#3143);
#3141 = CARTESIAN_POINT('',(-110.,-70.,7.));
#3142 = DIRECTION('',(-0.,1.,0.));
#3143 = DIRECTION('',(0.,0.,1.));
#3144 = DEFINITIONAL_REPRESENTATION('',(#3145),#3149);
#3145 = LINE('',#3146,#3147);
#3146 = CARTESIAN_POINT('',(56.,0.));
#3147 = VECTOR('',#3148,1.);
#3148 = DIRECTION('',(0.,1.));
#3149 = ( GEOMETRIC_REPRESENTATION_CONTEXT(2) 
PARAMETRIC_REPRESENTATION_CONTEXT() REPRESENTATION_CONTEXT('2D SPACE',''
  ) );
#3150 = ORIENTED_EDGE('',*,*,#3151,.F.);
#3151 = EDGE_CURVE('',#3152,#3124,#3154,.T.);
#3152 = VERTEX_POINT('',#3153);
#3153 = CARTESIAN_POINT('',(55.5,-84.,63.));
#3154 = SURFACE_CURVE('',#3155,(#3159,#3166),.PCURVE_S1.);
#3155 = LINE('',#3156,#3157);
#3156 = CARTESIAN_POINT('',(55.5,-84.,63.));
#3157 = VECTOR('',#3158,1.);
#3158 = DIRECTION('',(-0.,1.,0.));
#3159 = PCURVE('',#2136,#3160);
#3160 = DEFINITIONAL_REPRESENTATION('',(#3161),#3165);
#3161 = LINE('',#3162,#3163);
#3162 = CARTESIAN_POINT('',(165.5,-14.));
#3163 = VECTOR('',#3164,1.);
#3164 = DIRECTION('',(0.,1.));
#3165 = ( GEOMETRIC_REPRESENTATION_CONTEXT(2) 
PARAMETRIC_REPRESENTATION_CONTEXT() REPRESENTATION_CONTEXT('2D SPACE',''
  ) );
#3166 = PCURVE('',#3167,#3172);
#3167 = PLANE('',#3168);
#3168 = AXIS2_PLACEMENT_3D('',#3169,#3170,#3171);
#3169 = CARTESIAN_POINT('',(55.5,-84.,7.));
#3170 = DIRECTION('',(1.,0.,-0.));
#3171 = DIRECTION('',(0.,0.,1.));
#3172 = DEFINITIONAL_REPRESENTATION('',(#3173),#3177);
#3173 = LINE('',#3174,#3175);
#3174 = CARTESIAN_POINT('',(56.,0.));
#3175 = VECTOR('',#3176,1.);
#3176 = DIRECTION('',(0.,-1.));
#3177 = ( GEOMETRIC_REPRESENTATION_CONTEXT(2) 
PARAMETRIC_REPRESENTATION_CONTEXT() REPRESENTATION_CONTEXT('2D SPACE',''
  ) );
#3178 = ORIENTED_EDGE('',*,*,#3179,.T.);
#3179 = EDGE_CURVE('',#3152,#3180,#3182,.T.);
#3180 = VERTEX_POINT('',#3181);
#3181 = CARTESIAN_POINT('',(58.5,-84.,63.));
#3182 = SURFACE_CURVE('',#3183,(#3187,#3194),.PCURVE_S1.);
#3183 = LINE('',#3184,#3185);
#3184 = CARTESIAN_POINT('',(55.5,-84.,63.));
#3185 = VECTOR('',#3186,1.);
#3186 = DIRECTION('',(1.,0.,-0.));
#3187 = PCURVE('',#2136,#3188);
#3188 = DEFINITIONAL_REPRESENTATION('',(#3189),#3193);
#3189 = LINE('',#3190,#3191);
#3190 = CARTESIAN_POINT('',(165.5,-14.));
#3191 = VECTOR('',#3192,1.);
#3192 = DIRECTION('',(1.,0.));
#3193 = ( GEOMETRIC_REPRESENTATION_CONTEXT(2) 
PARAMETRIC_REPRESENTATION_CONTEXT() REPRESENTATION_CONTEXT('2D SPACE',''
  ) );
#3194 = PCURVE('',#3195,#3200);
#3195 = PLANE('',#3196);
#3196 = AXIS2_PLACEMENT_3D('',#3197,#3198,#3199);
#3197 = CARTESIAN_POINT('',(55.5,-84.,7.));
#3198 = DIRECTION('',(-0.,1.,0.));
#3199 = DIRECTION('',(0.,0.,1.));
#3200 = DEFINITIONAL_REPRESENTATION('',(#3201),#3205);
#3201 = LINE('',#3202,#3203);
#3202 = CARTESIAN_POINT('',(56.,0.));
#3203 = VECTOR('',#3204,1.);
#3204 = DIRECTION('',(0.,1.));
#3205 = ( GEOMETRIC_REPRESENTATION_CONTEXT(2) 
PARAMETRIC_REPRESENTATION_CONTEXT() REPRESENTATION_CONTEXT('2D SPACE',''
  ) );
#3206 = ORIENTED_EDGE('',*,*,#3207,.T.);
#3207 = EDGE_CURVE('',#3180,#3208,#3210,.T.);
#3208 = VERTEX_POINT('',#3209);
#3209 = CARTESIAN_POINT('',(58.5,-70.,63.));
#3210 = SURFACE_CURVE('',#3211,(#3215,#3222),.PCURVE_S1.);
#3211 = LINE('',#3212,#3213);
#3212 = CARTESIAN_POINT('',(58.5,-84.,63.));
#3213 = VECTOR('',#3214,1.);
#3214 = DIRECTION('',(-0.,1.,0.));
#3215 = PCURVE('',#2136,#3216);
#3216 = DEFINITIONAL_REPRESENTATION('',(#3217),#3221);
#3217 = LINE('',#3218,#3219);
#3218 = CARTESIAN_POINT('',(168.5,-14.));
#3219 = VECTOR('',#3220,1.);
#3220 = DIRECTION('',(0.,1.));
#3221 = ( GEOMETRIC_REPRESENTATION_CONTEXT(2) 
PARAMETRIC_REPRESENTATION_CONTEXT() REPRESENTATION_CONTEXT('2D SPACE',''
  ) );
#3222 = PCURVE('',#3223,#3228);
#3223 = PLANE('',#3224);
#3224 = AXIS2_PLACEMENT_3D('',#3225,#3226,#3227);
#3225 = CARTESIAN_POINT('',(58.5,-84.,7.));
#3226 = DIRECTION('',(1.,0.,-0.));
#3227 = DIRECTION('',(0.,0.,1.));
#3228 = DEFINITIONAL_REPRESENTATION('',(#3229),#3233);
#3229 = LINE('',#3230,#3231);
#3230 = CARTESIAN_POINT('',(56.,0.));
#3231 = VECTOR('',#3232,1.);
#3232 = DIRECTION('',(0.,-1.));
#3233 = ( GEOMETRIC_REPRESENTATION_CONTEXT(2) 
PARAMETRIC_REPRESENTATION_CONTEXT() REPRESENTATION_CONTEXT('2D SPACE',''
  ) );
#3234 = ORIENTED_EDGE('',*,*,#3235,.T.);
#3235 = EDGE_CURVE('',#3208,#3236,#3238,.T.);
#3236 = VERTEX_POINT('',#3237);
#3237 = CARTESIAN_POINT('',(74.5,-70.,63.));
#3238 = SURFACE_CURVE('',#3239,(#3243,#3250),.PCURVE_S1.);
#3239 = LINE('',#3240,#3241);
#3240 = CARTESIAN_POINT('',(-110.,-70.,63.));
#3241 = VECTOR('',#3242,1.);
#3242 = DIRECTION('',(1.,0.,-0.));
#3243 = PCURVE('',#2136,#3244);
#3244 = DEFINITIONAL_REPRESENTATION('',(#3245),#3249);
#3245 = LINE('',#3246,#3247);
#3246 = CARTESIAN_POINT('',(0.,0.));
#3247 = VECTOR('',#3248,1.);
#3248 = DIRECTION('',(1.,0.));
#3249 = ( GEOMETRIC_REPRESENTATION_CONTEXT(2) 
PARAMETRIC_REPRESENTATION_CONTEXT() REPRESENTATION_CONTEXT('2D SPACE',''
  ) );
#3250 = PCURVE('',#3251,#3256);
#3251 = PLANE('',#3252);
#3252 = AXIS2_PLACEMENT_3D('',#3253,#3254,#3255);
#3253 = CARTESIAN_POINT('',(-110.,-70.,7.));
#3254 = DIRECTION('',(-0.,1.,0.));
#3255 = DIRECTION('',(0.,0.,1.));
#3256 = DEFINITIONAL_REPRESENTATION('',(#3257),#3261);
#3257 = LINE('',#3258,#3259);
#3258 = CARTESIAN_POINT('',(56.,0.));
#3259 = VECTOR('',#3260,1.);
#3260 = DIRECTION('',(0.,1.));
#3261 = ( GEOMETRIC_REPRESENTATION_CONTEXT(2) 
PARAMETRIC_REPRESENTATION_CONTEXT() REPRESENTATION_CONTEXT('2D SPACE',''
  ) );
#3262 = ORIENTED_EDGE('',*,*,#3263,.F.);
#3263 = EDGE_CURVE('',#3264,#3236,#3266,.T.);
#3264 = VERTEX_POINT('',#3265);
#3265 = CARTESIAN_POINT('',(74.5,-84.,63.));
#3266 = SURFACE_CURVE('',#3267,(#3271,#3278),.PCURVE_S1.);
#3267 = LINE('',#3268,#3269);
#3268 = CARTESIAN_POINT('',(74.5,-84.,63.));
#3269 = VECTOR('',#3270,1.);
#3270 = DIRECTION('',(-0.,1.,0.));
#3271 = PCURVE('',#2136,#3272);
#3272 = DEFINITIONAL_REPRESENTATION('',(#3273),#3277);
#3273 = LINE('',#3274,#3275);
#3274 = CARTESIAN_POINT('',(184.5,-14.));
#3275 = VECTOR('',#3276,1.);
#3276 = DIRECTION('',(0.,1.));
#3277 = ( GEOMETRIC_REPRESENTATION_CONTEXT(2) 
PARAMETRIC_REPRESENTATION_CONTEXT() REPRESENTATION_CONTEXT('2D SPACE',''
  ) );
#3278 = PCURVE('',#3279,#3284);
#3279 = PLANE('',#3280);
#3280 = AXIS2_PLACEMENT_3D('',#3281,#3282,#3283);
#3281 = CARTESIAN_POINT('',(74.5,-84.,7.));
#3282 = DIRECTION('',(1.,0.,-0.));
#3283 = DIRECTION('',(0.,0.,1.));
#3284 = DEFINITIONAL_REPRESENTATION('',(#3285),#3289);
#3285 = LINE('',#3286,#3287);
#3286 = CARTESIAN_POINT('',(56.,0.));
#3287 = VECTOR('',#3288,1.);
#3288 = DIRECTION('',(0.,-1.));
#3289 = ( GEOMETRIC_REPRESENTATION_CONTEXT(2) 
PARAMETRIC_REPRESENTATION_CONTEXT() REPRESENTATION_CONTEXT('2D SPACE',''
  ) );
#3290 = ORIENTED_EDGE('',*,*,#3291,.T.);
#3291 = EDGE_CURVE('',#3264,#3292,#3294,.T.);
#3292 = VERTEX_POINT('',#3293);
#3293 = CARTESIAN_POINT('',(77.5,-84.,63.));
#3294 = SURFACE_CURVE('',#3295,(#3299,#3306),.PCURVE_S1.);
#3295 = LINE('',#3296,#3297);
#3296 = CARTESIAN_POINT('',(74.5,-84.,63.));
#3297 = VECTOR('',#3298,1.);
#3298 = DIRECTION('',(1.,0.,-0.));
#3299 = PCURVE('',#2136,#3300);
#3300 = DEFINITIONAL_REPRESENTATION('',(#3301),#3305);
#3301 = LINE('',#3302,#3303);
#3302 = CARTESIAN_POINT('',(184.5,-14.));
#3303 = VECTOR('',#3304,1.);
#3304 = DIRECTION('',(1.,0.));
#3305 = ( GEOMETRIC_REPRESENTATION_CONTEXT(2) 
PARAMETRIC_REPRESENTATION_CONTEXT() REPRESENTATION_CONTEXT('2D SPACE',''
  ) );
#3306 = PCURVE('',#3307,#3312);
#3307 = PLANE('',#3308);
#3308 = AXIS2_PLACEMENT_3D('',#3309,#3310,#3311);
#3309 = CARTESIAN_POINT('',(74.5,-84.,7.));
#3310 = DIRECTION('',(-0.,1.,0.));
#3311 = DIRECTION('',(0.,0.,1.));
#3312 = DEFINITIONAL_REPRESENTATION('',(#3313),#3317);
#3313 = LINE('',#3314,#3315);
#3314 = CARTESIAN_POINT('',(56.,0.));
#3315 = VECTOR('',#3316,1.);
#3316 = DIRECTION('',(0.,1.));
#3317 = ( GEOMETRIC_REPRESENTATION_CONTEXT(2) 
PARAMETRIC_REPRESENTATION_CONTEXT() REPRESENTATION_CONTEXT('2D SPACE',''
  ) );
#3318 = ORIENTED_EDGE('',*,*,#3319,.T.);
#3319 = EDGE_CURVE('',#3292,#3320,#3322,.T.);
#3320 = VERTEX_POINT('',#3321);
#3321 = CARTESIAN_POINT('',(77.5,-70.,63.));
#3322 = SURFACE_CURVE('',#3323,(#3327,#3334),.PCURVE_S1.);
#3323 = LINE('',#3324,#3325);
#3324 = CARTESIAN_POINT('',(77.5,-84.,63.));
#3325 = VECTOR('',#3326,1.);
#3326 = DIRECTION('',(-0.,1.,0.));
#3327 = PCURVE('',#2136,#3328);
#3328 = DEFINITIONAL_REPRESENTATION('',(#3329),#3333);
#3329 = LINE('',#3330,#3331);
#3330 = CARTESIAN_POINT('',(187.5,-14.));
#3331 = VECTOR('',#3332,1.);
#3332 = DIRECTION('',(0.,1.));
#3333 = ( GEOMETRIC_REPRESENTATION_CONTEXT(2) 
PARAMETRIC_REPRESENTATION_CONTEXT() REPRESENTATION_CONTEXT('2D SPACE',''
  ) );
#3334 = PCURVE('',#3335,#3340);
#3335 = PLANE('',#3336);
#3336 = AXIS2_PLACEMENT_3D('',#3337,#3338,#3339);
#3337 = CARTESIAN_POINT('',(77.5,-84.,7.));
#3338 = DIRECTION('',(1.,0.,-0.));
#3339 = DIRECTION('',(0.,0.,1.));
#3340 = DEFINITIONAL_REPRESENTATION('',(#3341),#3345);
#3341 = LINE('',#3342,#3343);
#3342 = CARTESIAN_POINT('',(56.,0.));
#3343 = VECTOR('',#3344,1.);
#3344 = DIRECTION('',(0.,-1.));
#3345 = ( GEOMETRIC_REPRESENTATION_CONTEXT(2) 
PARAMETRIC_REPRESENTATION_CONTEXT() REPRESENTATION_CONTEXT('2D SPACE',''
  ) );
#3346 = ORIENTED_EDGE('',*,*,#3347,.T.);
#3347 = EDGE_CURVE('',#3320,#3348,#3350,.T.);
#3348 = VERTEX_POINT('',#3349);
#3349 = CARTESIAN_POINT('',(93.5,-70.,63.));
#3350 = SURFACE_CURVE('',#3351,(#3355,#3362),.PCURVE_S1.);
#3351 = LINE('',#3352,#3353);
#3352 = CARTESIAN_POINT('',(-110.,-70.,63.));
#3353 = VECTOR('',#3354,1.);
#3354 = DIRECTION('',(1.,0.,-0.));
#3355 = PCURVE('',#2136,#3356);
#3356 = DEFINITIONAL_REPRESENTATION('',(#3357),#3361);
#3357 = LINE('',#3358,#3359);
#3358 = CARTESIAN_POINT('',(0.,0.));
#3359 = VECTOR('',#3360,1.);
#3360 = DIRECTION('',(1.,0.));
#3361 = ( GEOMETRIC_REPRESENTATION_CONTEXT(2) 
PARAMETRIC_REPRESENTATION_CONTEXT() REPRESENTATION_CONTEXT('2D SPACE',''
  ) );
#3362 = PCURVE('',#3363,#3368);
#3363 = PLANE('',#3364);
#3364 = AXIS2_PLACEMENT_3D('',#3365,#3366,#3367);
#3365 = CARTESIAN_POINT('',(-110.,-70.,7.));
#3366 = DIRECTION('',(-0.,1.,0.));
#3367 = DIRECTION('',(0.,0.,1.));
#3368 = DEFINITIONAL_REPRESENTATION('',(#3369),#3373);
#3369 = LINE('',#3370,#3371);
#3370 = CARTESIAN_POINT('',(56.,0.));
#3371 = VECTOR('',#3372,1.);
#3372 = DIRECTION('',(0.,1.));
#3373 = ( GEOMETRIC_REPRESENTATION_CONTEXT(2) 
PARAMETRIC_REPRESENTATION_CONTEXT() REPRESENTATION_CONTEXT('2D SPACE',''
  ) );
#3374 = ORIENTED_EDGE('',*,*,#3375,.F.);
#3375 = EDGE_CURVE('',#3376,#3348,#3378,.T.);
#3376 = VERTEX_POINT('',#3377);
#3377 = CARTESIAN_POINT('',(93.5,-84.,63.));
#3378 = SURFACE_CURVE('',#3379,(#3383,#3390),.PCURVE_S1.);
#3379 = LINE('',#3380,#3381);
#3380 = CARTESIAN_POINT('',(93.5,-84.,63.));
#3381 = VECTOR('',#3382,1.);
#3382 = DIRECTION('',(-0.,1.,0.));
#3383 = PCURVE('',#2136,#3384);
#3384 = DEFINITIONAL_REPRESENTATION('',(#3385),#3389);
#3385 = LINE('',#3386,#3387);
#3386 = CARTESIAN_POINT('',(203.5,-14.));
#3387 = VECTOR('',#3388,1.);
#3388 = DIRECTION('',(0.,1.));
#3389 = ( GEOMETRIC_REPRESENTATION_CONTEXT(2) 
PARAMETRIC_REPRESENTATION_CONTEXT() REPRESENTATION_CONTEXT('2D SPACE',''
  ) );
#3390 = PCURVE('',#3391,#3396);
#3391 = PLANE('',#3392);
#3392 = AXIS2_PLACEMENT_3D('',#3393,#3394,#3395);
#3393 = CARTESIAN_POINT('',(93.5,-84.,7.));
#3394 = DIRECTION('',(1.,0.,-0.));
#3395 = DIRECTION('',(0.,0.,1.));
#3396 = DEFINITIONAL_REPRESENTATION('',(#3397),#3401);
#3397 = LINE('',#3398,#3399);
#3398 = CARTESIAN_POINT('',(56.,0.));
#3399 = VECTOR('',#3400,1.);
#3400 = DIRECTION('',(0.,-1.));
#3401 = ( GEOMETRIC_REPRESENTATION_CONTEXT(2) 
PARAMETRIC_REPRESENTATION_CONTEXT() REPRESENTATION_CONTEXT('2D SPACE',''
  ) );
#3402 = ORIENTED_EDGE('',*,*,#3403,.T.);
#3403 = EDGE_CURVE('',#3376,#3404,#3406,.T.);
#3404 = VERTEX_POINT('',#3405);
#3405 = CARTESIAN_POINT('',(96.5,-84.,63.));
#3406 = SURFACE_CURVE('',#3407,(#3411,#3418),.PCURVE_S1.);
#3407 = LINE('',#3408,#3409);
#3408 = CARTESIAN_POINT('',(93.5,-84.,63.));
#3409 = VECTOR('',#3410,1.);
#3410 = DIRECTION('',(1.,0.,-0.));
#3411 = PCURVE('',#2136,#3412);
#3412 = DEFINITIONAL_REPRESENTATION('',(#3413),#3417);
#3413 = LINE('',#3414,#3415);
#3414 = CARTESIAN_POINT('',(203.5,-14.));
#3415 = VECTOR('',#3416,1.);
#3416 = DIRECTION('',(1.,0.));
#3417 = ( GEOMETRIC_REPRESENTATION_CONTEXT(2) 
PARAMETRIC_REPRESENTATION_CONTEXT() REPRESENTATION_CONTEXT('2D SPACE',''
  ) );
#3418 = PCURVE('',#3419,#3424);
#3419 = PLANE('',#3420);
#3420 = AXIS2_PLACEMENT_3D('',#3421,#3422,#3423);
#3421 = CARTESIAN_POINT('',(93.5,-84.,7.));
#3422 = DIRECTION('',(-0.,1.,0.));
#3423 = DIRECTION('',(0.,0.,1.));
#3424 = DEFINITIONAL_REPRESENTATION('',(#3425),#3429);
#3425 = LINE('',#3426,#3427);
#3426 = CARTESIAN_POINT('',(56.,0.));
#3427 = VECTOR('',#3428,1.);
#3428 = DIRECTION('',(0.,1.));
#3429 = ( GEOMETRIC_REPRESENTATION_CONTEXT(2) 
PARAMETRIC_REPRESENTATION_CONTEXT() REPRESENTATION_CONTEXT('2D SPACE',''
  ) );
#3430 = ORIENTED_EDGE('',*,*,#3431,.T.);
#3431 = EDGE_CURVE('',#3404,#3432,#3434,.T.);
#3432 = VERTEX_POINT('',#3433);
#3433 = CARTESIAN_POINT('',(96.5,-70.,63.));
#3434 = SURFACE_CURVE('',#3435,(#3439,#3446),.PCURVE_S1.);
#3435 = LINE('',#3436,#3437);
#3436 = CARTESIAN_POINT('',(96.5,-84.,63.));
#3437 = VECTOR('',#3438,1.);
#3438 = DIRECTION('',(-0.,1.,0.));
#3439 = PCURVE('',#2136,#3440);
#3440 = DEFINITIONAL_REPRESENTATION('',(#3441),#3445);
#3441 = LINE('',#3442,#3443);
#3442 = CARTESIAN_POINT('',(206.5,-14.));
#3443 = VECTOR('',#3444,1.);
#3444 = DIRECTION('',(0.,1.));
#3445 = ( GEOMETRIC_REPRESENTATION_CONTEXT(2) 
PARAMETRIC_REPRESENTATION_CONTEXT() REPRESENTATION_CONTEXT('2D SPACE',''
  ) );
#3446 = PCURVE('',#3447,#3452);
#3447 = PLANE('',#3448);
#3448 = AXIS2_PLACEMENT_3D('',#3449,#3450,#3451);
#3449 = CARTESIAN_POINT('',(96.5,-84.,7.));
#3450 = DIRECTION('',(1.,0.,-0.));
#3451 = DIRECTION('',(0.,0.,1.));
#3452 = DEFINITIONAL_REPRESENTATION('',(#3453),#3457);
#3453 = LINE('',#3454,#3455);
#3454 = CARTESIAN_POINT('',(56.,0.));
#3455 = VECTOR('',#3456,1.);
#3456 = DIRECTION('',(0.,-1.));
#3457 = ( GEOMETRIC_REPRESENTATION_CONTEXT(2) 
PARAMETRIC_REPRESENTATION_CONTEXT() REPRESENTATION_CONTEXT('2D SPACE',''
  ) );
#3458 = ORIENTED_EDGE('',*,*,#3459,.T.);
#3459 = EDGE_CURVE('',#3432,#3460,#3462,.T.);
#3460 = VERTEX_POINT('',#3461);
#3461 = CARTESIAN_POINT('',(110.,-70.,63.));
#3462 = SURFACE_CURVE('',#3463,(#3467,#3474),.PCURVE_S1.);
#3463 = LINE('',#3464,#3465);
#3464 = CARTESIAN_POINT('',(-110.,-70.,63.));
#3465 = VECTOR('',#3466,1.);
#3466 = DIRECTION('',(1.,0.,-0.));
#3467 = PCURVE('',#2136,#3468);
#3468 = DEFINITIONAL_REPRESENTATION('',(#3469),#3473);
#3469 = LINE('',#3470,#3471);
#3470 = CARTESIAN_POINT('',(0.,0.));
#3471 = VECTOR('',#3472,1.);
#3472 = DIRECTION('',(1.,0.));
#3473 = ( GEOMETRIC_REPRESENTATION_CONTEXT(2) 
PARAMETRIC_REPRESENTATION_CONTEXT() REPRESENTATION_CONTEXT('2D SPACE',''
  ) );
#3474 = PCURVE('',#3475,#3480);
#3475 = PLANE('',#3476);
#3476 = AXIS2_PLACEMENT_3D('',#3477,#3478,#3479);
#3477 = CARTESIAN_POINT('',(-110.,-70.,7.));
#3478 = DIRECTION('',(-0.,1.,0.));
#3479 = DIRECTION('',(0.,0.,1.));
#3480 = DEFINITIONAL_REPRESENTATION('',(#3481),#3485);
#3481 = LINE('',#3482,#3483);
#3482 = CARTESIAN_POINT('',(56.,0.));
#3483 = VECTOR('',#3484,1.);
#3484 = DIRECTION('',(0.,1.));
#3485 = ( GEOMETRIC_REPRESENTATION_CONTEXT(2) 
PARAMETRIC_REPRESENTATION_CONTEXT() REPRESENTATION_CONTEXT('2D SPACE',''
  ) );
#3486 = ORIENTED_EDGE('',*,*,#3487,.T.);
#3487 = EDGE_CURVE('',#3460,#3488,#3490,.T.);
#3488 = VERTEX_POINT('',#3489);
#3489 = CARTESIAN_POINT('',(110.,70.,63.));
#3490 = SURFACE_CURVE('',#3491,(#3495,#3502),.PCURVE_S1.);
#3491 = LINE('',#3492,#3493);
#3492 = CARTESIAN_POINT('',(110.,-70.,63.));
#3493 = VECTOR('',#3494,1.);
#3494 = DIRECTION('',(-0.,1.,0.));
#3495 = PCURVE('',#2136,#3496);
#3496 = DEFINITIONAL_REPRESENTATION('',(#3497),#3501);
#3497 = LINE('',#3498,#3499);
#3498 = CARTESIAN_POINT('',(220.,0.));
#3499 = VECTOR('',#3500,1.);
#3500 = DIRECTION('',(0.,1.));
#3501 = ( GEOMETRIC_REPRESENTATION_CONTEXT(2) 
PARAMETRIC_REPRESENTATION_CONTEXT() REPRESENTATION_CONTEXT('2D SPACE',''
  ) );
#3502 = PCURVE('',#3503,#3508);
#3503 = PLANE('',#3504);
#3504 = AXIS2_PLACEMENT_3D('',#3505,#3506,#3507);
#3505 = CARTESIAN_POINT('',(110.,-70.,7.));
#3506 = DIRECTION('',(1.,0.,-0.));
#3507 = DIRECTION('',(0.,0.,1.));
#3508 = DEFINITIONAL_REPRESENTATION('',(#3509),#3513);
#3509 = LINE('',#3510,#3511);
#3510 = CARTESIAN_POINT('',(56.,0.));
#3511 = VECTOR('',#3512,1.);
#3512 = DIRECTION('',(0.,-1.));
#3513 = ( GEOMETRIC_REPRESENTATION_CONTEXT(2) 
PARAMETRIC_REPRESENTATION_CONTEXT() REPRESENTATION_CONTEXT('2D SPACE',''
  ) );
#3514 = ORIENTED_EDGE('',*,*,#3515,.F.);
#3515 = EDGE_CURVE('',#3516,#3488,#3518,.T.);
#3516 = VERTEX_POINT('',#3517);
#3517 = CARTESIAN_POINT('',(96.5,70.,63.));
#3518 = SURFACE_CURVE('',#3519,(#3523,#3530),.PCURVE_S1.);
#3519 = LINE('',#3520,#3521);
#3520 = CARTESIAN_POINT('',(-110.,70.,63.));
#3521 = VECTOR('',#3522,1.);
#3522 = DIRECTION('',(1.,0.,-0.));
#3523 = PCURVE('',#2136,#3524);
#3524 = DEFINITIONAL_REPRESENTATION('',(#3525),#3529);
#3525 = LINE('',#3526,#3527);
#3526 = CARTESIAN_POINT('',(0.,140.));
#3527 = VECTOR('',#3528,1.);
#3528 = DIRECTION('',(1.,0.));
#3529 = ( GEOMETRIC_REPRESENTATION_CONTEXT(2) 
PARAMETRIC_REPRESENTATION_CONTEXT() REPRESENTATION_CONTEXT('2D SPACE',''
  ) );
#3530 = PCURVE('',#3531,#3536);
#3531 = PLANE('',#3532);
#3532 = AXIS2_PLACEMENT_3D('',#3533,#3534,#3535);
#3533 = CARTESIAN_POINT('',(-110.,70.,7.));
#3534 = DIRECTION('',(-0.,1.,0.));
#3535 = DIRECTION('',(0.,0.,1.));
#3536 = DEFINITIONAL_REPRESENTATION('',(#3537),#3541);
#3537 = LINE('',#3538,#3539);
#3538 = CARTESIAN_POINT('',(56.,0.));
#3539 = VECTOR('',#3540,1.);
#3540 = DIRECTION('',(0.,1.));
#3541 = ( GEOMETRIC_REPRESENTATION_CONTEXT(2) 
PARAMETRIC_REPRESENTATION_CONTEXT() REPRESENTATION_CONTEXT('2D SPACE',''
  ) );
#3542 = ORIENTED_EDGE('',*,*,#3543,.T.);
#3543 = EDGE_CURVE('',#3516,#3544,#3546,.T.);
#3544 = VERTEX_POINT('',#3545);
#3545 = CARTESIAN_POINT('',(96.5,84.,63.));
#3546 = SURFACE_CURVE('',#3547,(#3551,#3558),.PCURVE_S1.);
#3547 = LINE('',#3548,#3549);
#3548 = CARTESIAN_POINT('',(96.5,70.,63.));
#3549 = VECTOR('',#3550,1.);
#3550 = DIRECTION('',(-0.,1.,0.));
#3551 = PCURVE('',#2136,#3552);
#3552 = DEFINITIONAL_REPRESENTATION('',(#3553),#3557);
#3553 = LINE('',#3554,#3555);
#3554 = CARTESIAN_POINT('',(206.5,140.));
#3555 = VECTOR('',#3556,1.);
#3556 = DIRECTION('',(0.,1.));
#3557 = ( GEOMETRIC_REPRESENTATION_CONTEXT(2) 
PARAMETRIC_REPRESENTATION_CONTEXT() REPRESENTATION_CONTEXT('2D SPACE',''
  ) );
#3558 = PCURVE('',#3559,#3564);
#3559 = PLANE('',#3560);
#3560 = AXIS2_PLACEMENT_3D('',#3561,#3562,#3563);
#3561 = CARTESIAN_POINT('',(96.5,70.,7.));
#3562 = DIRECTION('',(1.,0.,-0.));
#3563 = DIRECTION('',(0.,0.,1.));
#3564 = DEFINITIONAL_REPRESENTATION('',(#3565),#3569);
#3565 = LINE('',#3566,#3567);
#3566 = CARTESIAN_POINT('',(56.,0.));
#3567 = VECTOR('',#3568,1.);
#3568 = DIRECTION('',(0.,-1.));
#3569 = ( GEOMETRIC_REPRESENTATION_CONTEXT(2) 
PARAMETRIC_REPRESENTATION_CONTEXT() REPRESENTATION_CONTEXT('2D SPACE',''
  ) );
#3570 = ORIENTED_EDGE('',*,*,#3571,.F.);
#3571 = EDGE_CURVE('',#3572,#3544,#3574,.T.);
#3572 = VERTEX_POINT('',#3573);
#3573 = CARTESIAN_POINT('',(93.5,84.,63.));
#3574 = SURFACE_CURVE('',#3575,(#3579,#3586),.PCURVE_S1.);
#3575 = LINE('',#3576,#3577);
#3576 = CARTESIAN_POINT('',(93.5,84.,63.));
#3577 = VECTOR('',#3578,1.);
#3578 = DIRECTION('',(1.,0.,-0.));
#3579 = PCURVE('',#2136,#3580);
#3580 = DEFINITIONAL_REPRESENTATION('',(#3581),#3585);
#3581 = LINE('',#3582,#3583);
#3582 = CARTESIAN_POINT('',(203.5,154.));
#3583 = VECTOR('',#3584,1.);
#3584 = DIRECTION('',(1.,0.));
#3585 = ( GEOMETRIC_REPRESENTATION_CONTEXT(2) 
PARAMETRIC_REPRESENTATION_CONTEXT() REPRESENTATION_CONTEXT('2D SPACE',''
  ) );
#3586 = PCURVE('',#3587,#3592);
#3587 = PLANE('',#3588);
#3588 = AXIS2_PLACEMENT_3D('',#3589,#3590,#3591);
#3589 = CARTESIAN_POINT('',(93.5,84.,7.));
#3590 = DIRECTION('',(-0.,1.,0.));
#3591 = DIRECTION('',(0.,0.,1.));
#3592 = DEFINITIONAL_REPRESENTATION('',(#3593),#3597);
#3593 = LINE('',#3594,#3595);
#3594 = CARTESIAN_POINT('',(56.,0.));
#3595 = VECTOR('',#3596,1.);
#3596 = DIRECTION('',(0.,1.));
#3597 = ( GEOMETRIC_REPRESENTATION_CONTEXT(2) 
PARAMETRIC_REPRESENTATION_CONTEXT() REPRESENTATION_CONTEXT('2D SPACE',''
  ) );
#3598 = ORIENTED_EDGE('',*,*,#3599,.F.);
#3599 = EDGE_CURVE('',#3600,#3572,#3602,.T.);
#3600 = VERTEX_POINT('',#3601);
#3601 = CARTESIAN_POINT('',(93.5,70.,63.));
#3602 = SURFACE_CURVE('',#3603,(#3607,#3614),.PCURVE_S1.);
#3603 = LINE('',#3604,#3605);
#3604 = CARTESIAN_POINT('',(93.5,70.,63.));
#3605 = VECTOR('',#3606,1.);
#3606 = DIRECTION('',(-0.,1.,0.));
#3607 = PCURVE('',#2136,#3608);
#3608 = DEFINITIONAL_REPRESENTATION('',(#3609),#3613);
#3609 = LINE('',#3610,#3611);
#3610 = CARTESIAN_POINT('',(203.5,140.));
#3611 = VECTOR('',#3612,1.);
#3612 = DIRECTION('',(0.,1.));
#3613 = ( GEOMETRIC_REPRESENTATION_CONTEXT(2) 
PARAMETRIC_REPRESENTATION_CONTEXT() REPRESENTATION_CONTEXT('2D SPACE',''
  ) );
#3614 = PCURVE('',#3615,#3620);
#3615 = PLANE('',#3616);
#3616 = AXIS2_PLACEMENT_3D('',#3617,#3618,#3619);
#3617 = CARTESIAN_POINT('',(93.5,70.,7.));
#3618 = DIRECTION('',(1.,0.,-0.));
#3619 = DIRECTION('',(0.,0.,1.));
#3620 = DEFINITIONAL_REPRESENTATION('',(#3621),#3625);
#3621 = LINE('',#3622,#3623);
#3622 = CARTESIAN_POINT('',(56.,0.));
#3623 = VECTOR('',#3624,1.);
#3624 = DIRECTION('',(0.,-1.));
#3625 = ( GEOMETRIC_REPRESENTATION_CONTEXT(2) 
PARAMETRIC_REPRESENTATION_CONTEXT() REPRESENTATION_CONTEXT('2D SPACE',''
  ) );
#3626 = ORIENTED_EDGE('',*,*,#3627,.F.);
#3627 = EDGE_CURVE('',#3628,#3600,#3630,.T.);
#3628 = VERTEX_POINT('',#3629);
#3629 = CARTESIAN_POINT('',(77.5,70.,63.));
#3630 = SURFACE_CURVE('',#3631,(#3635,#3642),.PCURVE_S1.);
#3631 = LINE('',#3632,#3633);
#3632 = CARTESIAN_POINT('',(-110.,70.,63.));
#3633 = VECTOR('',#3634,1.);
#3634 = DIRECTION('',(1.,0.,-0.));
#3635 = PCURVE('',#2136,#3636);
#3636 = DEFINITIONAL_REPRESENTATION('',(#3637),#3641);
#3637 = LINE('',#3638,#3639);
#3638 = CARTESIAN_POINT('',(0.,140.));
#3639 = VECTOR('',#3640,1.);
#3640 = DIRECTION('',(1.,0.));
#3641 = ( GEOMETRIC_REPRESENTATION_CONTEXT(2) 
PARAMETRIC_REPRESENTATION_CONTEXT() REPRESENTATION_CONTEXT('2D SPACE',''
  ) );
#3642 = PCURVE('',#3643,#3648);
#3643 = PLANE('',#3644);
#3644 = AXIS2_PLACEMENT_3D('',#3645,#3646,#3647);
#3645 = CARTESIAN_POINT('',(-110.,70.,7.));
#3646 = DIRECTION('',(-0.,1.,0.));
#3647 = DIRECTION('',(0.,0.,1.));
#3648 = DEFINITIONAL_REPRESENTATION('',(#3649),#3653);
#3649 = LINE('',#3650,#3651);
#3650 = CARTESIAN_POINT('',(56.,0.));
#3651 = VECTOR('',#3652,1.);
#3652 = DIRECTION('',(0.,1.));
#3653 = ( GEOMETRIC_REPRESENTATION_CONTEXT(2) 
PARAMETRIC_REPRESENTATION_CONTEXT() REPRESENTATION_CONTEXT('2D SPACE',''
  ) );
#3654 = ORIENTED_EDGE('',*,*,#3655,.T.);
#3655 = EDGE_CURVE('',#3628,#3656,#3658,.T.);
#3656 = VERTEX_POINT('',#3657);
#3657 = CARTESIAN_POINT('',(77.5,84.,63.));
#3658 = SURFACE_CURVE('',#3659,(#3663,#3670),.PCURVE_S1.);
#3659 = LINE('',#3660,#3661);
#3660 = CARTESIAN_POINT('',(77.5,70.,63.));
#3661 = VECTOR('',#3662,1.);
#3662 = DIRECTION('',(-0.,1.,0.));
#3663 = PCURVE('',#2136,#3664);
#3664 = DEFINITIONAL_REPRESENTATION('',(#3665),#3669);
#3665 = LINE('',#3666,#3667);
#3666 = CARTESIAN_POINT('',(187.5,140.));
#3667 = VECTOR('',#3668,1.);
#3668 = DIRECTION('',(0.,1.));
#3669 = ( GEOMETRIC_REPRESENTATION_CONTEXT(2) 
PARAMETRIC_REPRESENTATION_CONTEXT() REPRESENTATION_CONTEXT('2D SPACE',''
  ) );
#3670 = PCURVE('',#3671,#3676);
#3671 = PLANE('',#3672);
#3672 = AXIS2_PLACEMENT_3D('',#3673,#3674,#3675);
#3673 = CARTESIAN_POINT('',(77.5,70.,7.));
#3674 = DIRECTION('',(1.,0.,-0.));
#3675 = DIRECTION('',(0.,0.,1.));
#3676 = DEFINITIONAL_REPRESENTATION('',(#3677),#3681);
#3677 = LINE('',#3678,#3679);
#3678 = CARTESIAN_POINT('',(56.,0.));
#3679 = VECTOR('',#3680,1.);
#3680 = DIRECTION('',(0.,-1.));
#3681 = ( GEOMETRIC_REPRESENTATION_CONTEXT(2) 
PARAMETRIC_REPRESENTATION_CONTEXT() REPRESENTATION_CONTEXT('2D SPACE',''
  ) );
#3682 = ORIENTED_EDGE('',*,*,#3683,.F.);
#3683 = EDGE_CURVE('',#3684,#3656,#3686,.T.);
#3684 = VERTEX_POINT('',#3685);
#3685 = CARTESIAN_POINT('',(74.5,84.,63.));
#3686 = SURFACE_CURVE('',#3687,(#3691,#3698),.PCURVE_S1.);
#3687 = LINE('',#3688,#3689);
#3688 = CARTESIAN_POINT('',(74.5,84.,63.));
#3689 = VECTOR('',#3690,1.);
#3690 = DIRECTION('',(1.,0.,-0.));
#3691 = PCURVE('',#2136,#3692);
#3692 = DEFINITIONAL_REPRESENTATION('',(#3693),#3697);
#3693 = LINE('',#3694,#3695);
#3694 = CARTESIAN_POINT('',(184.5,154.));
#3695 = VECTOR('',#3696,1.);
#3696 = DIRECTION('',(1.,0.));
#3697 = ( GEOMETRIC_REPRESENTATION_CONTEXT(2) 
PARAMETRIC_REPRESENTATION_CONTEXT() REPRESENTATION_CONTEXT('2D SPACE',''
  ) );
#3698 = PCURVE('',#3699,#3704);
#3699 = PLANE('',#3700);
#3700 = AXIS2_PLACEMENT_3D('',#3701,#3702,#3703);
#3701 = CARTESIAN_POINT('',(74.5,84.,7.));
#3702 = DIRECTION('',(-0.,1.,0.));
#3703 = DIRECTION('',(0.,0.,1.));
#3704 = DEFINITIONAL_REPRESENTATION('',(#3705),#3709);
#3705 = LINE('',#3706,#3707);
#3706 = CARTESIAN_POINT('',(56.,0.));
#3707 = VECTOR('',#3708,1.);
#3708 = DIRECTION('',(0.,1.));
#3709 = ( GEOMETRIC_REPRESENTATION_CONTEXT(2) 
PARAMETRIC_REPRESENTATION_CONTEXT() REPRESENTATION_CONTEXT('2D SPACE',''
  ) );
#3710 = ORIENTED_EDGE('',*,*,#3711,.F.);
#3711 = EDGE_CURVE('',#3712,#3684,#3714,.T.);
#3712 = VERTEX_POINT('',#3713);
#3713 = CARTESIAN_POINT('',(74.5,70.,63.));
#3714 = SURFACE_CURVE('',#3715,(#3719,#3726),.PCURVE_S1.);
#3715 = LINE('',#3716,#3717);
#3716 = CARTESIAN_POINT('',(74.5,70.,63.));
#3717 = VECTOR('',#3718,1.);
#3718 = DIRECTION('',(-0.,1.,0.));
#3719 = PCURVE('',#2136,#3720);
#3720 = DEFINITIONAL_REPRESENTATION('',(#3721),#3725);
#3721 = LINE('',#3722,#3723);
#3722 = CARTESIAN_POINT('',(184.5,140.));
#3723 = VECTOR('',#3724,1.);
#3724 = DIRECTION('',(0.,1.));
#3725 = ( GEOMETRIC_REPRESENTATION_CONTEXT(2) 
PARAMETRIC_REPRESENTATION_CONTEXT() REPRESENTATION_CONTEXT('2D SPACE',''
  ) );
#3726 = PCURVE('',#3727,#3732);
#3727 = PLANE('',#3728);
#3728 = AXIS2_PLACEMENT_3D('',#3729,#3730,#3731);
#3729 = CARTESIAN_POINT('',(74.5,70.,7.));
#3730 = DIRECTION('',(1.,0.,-0.));
#3731 = DIRECTION('',(0.,0.,1.));
#3732 = DEFINITIONAL_REPRESENTATION('',(#3733),#3737);
#3733 = LINE('',#3734,#3735);
#3734 = CARTESIAN_POINT('',(56.,0.));
#3735 = VECTOR('',#3736,1.);
#3736 = DIRECTION('',(0.,-1.));
#3737 = ( GEOMETRIC_REPRESENTATION_CONTEXT(2) 
PARAMETRIC_REPRESENTATION_CONTEXT() REPRESENTATION_CONTEXT('2D SPACE',''
  ) );
#3738 = ORIENTED_EDGE('',*,*,#3739,.F.);
#3739 = EDGE_CURVE('',#3740,#3712,#3742,.T.);
#3740 = VERTEX_POINT('',#3741);
#3741 = CARTESIAN_POINT('',(58.5,70.,63.));
#3742 = SURFACE_CURVE('',#3743,(#3747,#3754),.PCURVE_S1.);
#3743 = LINE('',#3744,#3745);
#3744 = CARTESIAN_POINT('',(-110.,70.,63.));
#3745 = VECTOR('',#3746,1.);
#3746 = DIRECTION('',(1.,0.,-0.));
#3747 = PCURVE('',#2136,#3748);
#3748 = DEFINITIONAL_REPRESENTATION('',(#3749),#3753);
#3749 = LINE('',#3750,#3751);
#3750 = CARTESIAN_POINT('',(0.,140.));
#3751 = VECTOR('',#3752,1.);
#3752 = DIRECTION('',(1.,0.));
#3753 = ( GEOMETRIC_REPRESENTATION_CONTEXT(2) 
PARAMETRIC_REPRESENTATION_CONTEXT() REPRESENTATION_CONTEXT('2D SPACE',''
  ) );
#3754 = PCURVE('',#3755,#3760);
#3755 = PLANE('',#3756);
#3756 = AXIS2_PLACEMENT_3D('',#3757,#3758,#3759);
#3757 = CARTESIAN_POINT('',(-110.,70.,7.));
#3758 = DIRECTION('',(-0.,1.,0.));
#3759 = DIRECTION('',(0.,0.,1.));
#3760 = DEFINITIONAL_REPRESENTATION('',(#3761),#3765);
#3761 = LINE('',#3762,#3763);
#3762 = CARTESIAN_POINT('',(56.,0.));
#3763 = VECTOR('',#3764,1.);
#3764 = DIRECTION('',(0.,1.));
#3765 = ( GEOMETRIC_REPRESENTATION_CONTEXT(2) 
PARAMETRIC_REPRESENTATION_CONTEXT() REPRESENTATION_CONTEXT('2D SPACE',''
  ) );
#3766 = ORIENTED_EDGE('',*,*,#3767,.T.);
#3767 = EDGE_CURVE('',#3740,#3768,#3770,.T.);
#3768 = VERTEX_POINT('',#3769);
#3769 = CARTESIAN_POINT('',(58.5,84.,63.));
#3770 = SURFACE_CURVE('',#3771,(#3775,#3782),.PCURVE_S1.);
#3771 = LINE('',#3772,#3773);
#3772 = CARTESIAN_POINT('',(58.5,70.,63.));
#3773 = VECTOR('',#3774,1.);
#3774 = DIRECTION('',(-0.,1.,0.));
#3775 = PCURVE('',#2136,#3776);
#3776 = DEFINITIONAL_REPRESENTATION('',(#3777),#3781);
#3777 = LINE('',#3778,#3779);
#3778 = CARTESIAN_POINT('',(168.5,140.));
#3779 = VECTOR('',#3780,1.);
#3780 = DIRECTION('',(0.,1.));
#3781 = ( GEOMETRIC_REPRESENTATION_CONTEXT(2) 
PARAMETRIC_REPRESENTATION_CONTEXT() REPRESENTATION_CONTEXT('2D SPACE',''
  ) );
#3782 = PCURVE('',#3783,#3788);
#3783 = PLANE('',#3784);
#3784 = AXIS2_PLACEMENT_3D('',#3785,#3786,#3787);
#3785 = CARTESIAN_POINT('',(58.5,70.,7.));
#3786 = DIRECTION('',(1.,0.,-0.));
#3787 = DIRECTION('',(0.,0.,1.));
#3788 = DEFINITIONAL_REPRESENTATION('',(#3789),#3793);
#3789 = LINE('',#3790,#3791);
#3790 = CARTESIAN_POINT('',(56.,0.));
#3791 = VECTOR('',#3792,1.);
#3792 = DIRECTION('',(0.,-1.));
#3793 = ( GEOMETRIC_REPRESENTATION_CONTEXT(2) 
PARAMETRIC_REPRESENTATION_CONTEXT() REPRESENTATION_CONTEXT('2D SPACE',''
  ) );
#3794 = ORIENTED_EDGE('',*,*,#3795,.F.);
#3795 = EDGE_CURVE('',#3796,#3768,#3798,.T.);
#3796 = VERTEX_POINT('',#3797);
#3797 = CARTESIAN_POINT('',(55.5,84.,63.));
#3798 = SURFACE_CURVE('',#3799,(#3803,#3810),.PCURVE_S1.);
#3799 = LINE('',#3800,#3801);
#3800 = CARTESIAN_POINT('',(55.5,84.,63.));
#3801 = VECTOR('',#3802,1.);
#3802 = DIRECTION('',(1.,0.,-0.));
#3803 = PCURVE('',#2136,#3804);
#3804 = DEFINITIONAL_REPRESENTATION('',(#3805),#3809);
#3805 = LINE('',#3806,#3807);
#3806 = CARTESIAN_POINT('',(165.5,154.));
#3807 = VECTOR('',#3808,1.);
#3808 = DIRECTION('',(1.,0.));
#3809 = ( GEOMETRIC_REPRESENTATION_CONTEXT(2) 
PARAMETRIC_REPRESENTATION_CONTEXT() REPRESENTATION_CONTEXT('2D SPACE',''
  ) );
#3810 = PCURVE('',#3811,#3816);
#3811 = PLANE('',#3812);
#3812 = AXIS2_PLACEMENT_3D('',#3813,#3814,#3815);
#3813 = CARTESIAN_POINT('',(55.5,84.,7.));
#3814 = DIRECTION('',(-0.,1.,0.));
#3815 = DIRECTION('',(0.,0.,1.));
#3816 = DEFINITIONAL_REPRESENTATION('',(#3817),#3821);
#3817 = LINE('',#3818,#3819);
#3818 = CARTESIAN_POINT('',(56.,0.));
#3819 = VECTOR('',#3820,1.);
#3820 = DIRECTION('',(0.,1.));
#3821 = ( GEOMETRIC_REPRESENTATION_CONTEXT(2) 
PARAMETRIC_REPRESENTATION_CONTEXT() REPRESENTATION_CONTEXT('2D SPACE',''
  ) );
#3822 = ORIENTED_EDGE('',*,*,#3823,.F.);
#3823 = EDGE_CURVE('',#3824,#3796,#3826,.T.);
#3824 = VERTEX_POINT('',#3825);
#3825 = CARTESIAN_POINT('',(55.5,70.,63.));
#3826 = SURFACE_CURVE('',#3827,(#3831,#3838),.PCURVE_S1.);
#3827 = LINE('',#3828,#3829);
#3828 = CARTESIAN_POINT('',(55.5,70.,63.));
#3829 = VECTOR('',#3830,1.);
#3830 = DIRECTION('',(-0.,1.,0.));
#3831 = PCURVE('',#2136,#3832);
#3832 = DEFINITIONAL_REPRESENTATION('',(#3833),#3837);
#3833 = LINE('',#3834,#3835);
#3834 = CARTESIAN_POINT('',(165.5,140.));
#3835 = VECTOR('',#3836,1.);
#3836 = DIRECTION('',(0.,1.));
#3837 = ( GEOMETRIC_REPRESENTATION_CONTEXT(2) 
PARAMETRIC_REPRESENTATION_CONTEXT() REPRESENTATION_CONTEXT('2D SPACE',''
  ) );
#3838 = PCURVE('',#3839,#3844);
#3839 = PLANE('',#3840);
#3840 = AXIS2_PLACEMENT_3D('',#3841,#3842,#3843);
#3841 = CARTESIAN_POINT('',(55.5,70.,7.));
#3842 = DIRECTION('',(1.,0.,-0.));
#3843 = DIRECTION('',(0.,0.,1.));
#3844 = DEFINITIONAL_REPRESENTATION('',(#3845),#3849);
#3845 = LINE('',#3846,#3847);
#3846 = CARTESIAN_POINT('',(56.,0.));
#3847 = VECTOR('',#3848,1.);
#3848 = DIRECTION('',(0.,-1.));
#3849 = ( GEOMETRIC_REPRESENTATION_CONTEXT(2) 
PARAMETRIC_REPRESENTATION_CONTEXT() REPRESENTATION_CONTEXT('2D SPACE',''
  ) );
#3850 = ORIENTED_EDGE('',*,*,#3851,.F.);
#3851 = EDGE_CURVE('',#3852,#3824,#3854,.T.);
#3852 = VERTEX_POINT('',#3853);
#3853 = CARTESIAN_POINT('',(39.5,70.,63.));
#3854 = SURFACE_CURVE('',#3855,(#3859,#3866),.PCURVE_S1.);
#3855 = LINE('',#3856,#3857);
#3856 = CARTESIAN_POINT('',(-110.,70.,63.));
#3857 = VECTOR('',#3858,1.);
#3858 = DIRECTION('',(1.,0.,-0.));
#3859 = PCURVE('',#2136,#3860);
#3860 = DEFINITIONAL_REPRESENTATION('',(#3861),#3865);
#3861 = LINE('',#3862,#3863);
#3862 = CARTESIAN_POINT('',(0.,140.));
#3863 = VECTOR('',#3864,1.);
#3864 = DIRECTION('',(1.,0.));
#3865 = ( GEOMETRIC_REPRESENTATION_CONTEXT(2) 
PARAMETRIC_REPRESENTATION_CONTEXT() REPRESENTATION_CONTEXT('2D SPACE',''
  ) );
#3866 = PCURVE('',#3867,#3872);
#3867 = PLANE('',#3868);
#3868 = AXIS2_PLACEMENT_3D('',#3869,#3870,#3871);
#3869 = CARTESIAN_POINT('',(-110.,70.,7.));
#3870 = DIRECTION('',(-0.,1.,0.));
#3871 = DIRECTION('',(0.,0.,1.));
#3872 = DEFINITIONAL_REPRESENTATION('',(#3873),#3877);
#3873 = LINE('',#3874,#3875);
#3874 = CARTESIAN_POINT('',(56.,0.));
#3875 = VECTOR('',#3876,1.);
#3876 = DIRECTION('',(0.,1.));
#3877 = ( GEOMETRIC_REPRESENTATION_CONTEXT(2) 
PARAMETRIC_REPRESENTATION_CONTEXT() REPRESENTATION_CONTEXT('2D SPACE',''
  ) );
#3878 = ORIENTED_EDGE('',*,*,#3879,.T.);
#3879 = EDGE_CURVE('',#3852,#3880,#3882,.T.);
#3880 = VERTEX_POINT('',#3881);
#3881 = CARTESIAN_POINT('',(39.5,84.,63.));
#3882 = SURFACE_CURVE('',#3883,(#3887,#3894),.PCURVE_S1.);
#3883 = LINE('',#3884,#3885);
#3884 = CARTESIAN_POINT('',(39.5,70.,63.));
#3885 = VECTOR('',#3886,1.);
#3886 = DIRECTION('',(-0.,1.,0.));
#3887 = PCURVE('',#2136,#3888);
#3888 = DEFINITIONAL_REPRESENTATION('',(#3889),#3893);
#3889 = LINE('',#3890,#3891);
#3890 = CARTESIAN_POINT('',(149.5,140.));
#3891 = VECTOR('',#3892,1.);
#3892 = DIRECTION('',(0.,1.));
#3893 = ( GEOMETRIC_REPRESENTATION_CONTEXT(2) 
PARAMETRIC_REPRESENTATION_CONTEXT() REPRESENTATION_CONTEXT('2D SPACE',''
  ) );
#3894 = PCURVE('',#3895,#3900);
#3895 = PLANE('',#3896);
#3896 = AXIS2_PLACEMENT_3D('',#3897,#3898,#3899);
#3897 = CARTESIAN_POINT('',(39.5,70.,7.));
#3898 = DIRECTION('',(1.,0.,-0.));
#3899 = DIRECTION('',(0.,0.,1.));
#3900 = DEFINITIONAL_REPRESENTATION('',(#3901),#3905);
#3901 = LINE('',#3902,#3903);
#3902 = CARTESIAN_POINT('',(56.,0.));
#3903 = VECTOR('',#3904,1.);
#3904 = DIRECTION('',(0.,-1.));
#3905 = ( GEOMETRIC_REPRESENTATION_CONTEXT(2) 
PARAMETRIC_REPRESENTATION_CONTEXT() REPRESENTATION_CONTEXT('2D SPACE',''
  ) );
#3906 = ORIENTED_EDGE('',*,*,#3907,.F.);
#3907 = EDGE_CURVE('',#3908,#3880,#3910,.T.);
#3908 = VERTEX_POINT('',#3909);
#3909 = CARTESIAN_POINT('',(36.5,84.,63.));
#3910 = SURFACE_CURVE('',#3911,(#3915,#3922),.PCURVE_S1.);
#3911 = LINE('',#3912,#3913);
#3912 = CARTESIAN_POINT('',(36.5,84.,63.));
#3913 = VECTOR('',#3914,1.);
#3914 = DIRECTION('',(1.,0.,-0.));
#3915 = PCURVE('',#2136,#3916);
#3916 = DEFINITIONAL_REPRESENTATION('',(#3917),#3921);
#3917 = LINE('',#3918,#3919);
#3918 = CARTESIAN_POINT('',(146.5,154.));
#3919 = VECTOR('',#3920,1.);
#3920 = DIRECTION('',(1.,0.));
#3921 = ( GEOMETRIC_REPRESENTATION_CONTEXT(2) 
PARAMETRIC_REPRESENTATION_CONTEXT() REPRESENTATION_CONTEXT('2D SPACE',''
  ) );
#3922 = PCURVE('',#3923,#3928);
#3923 = PLANE('',#3924);
#3924 = AXIS2_PLACEMENT_3D('',#3925,#3926,#3927);
#3925 = CARTESIAN_POINT('',(36.5,84.,7.));
#3926 = DIRECTION('',(-0.,1.,0.));
#3927 = DIRECTION('',(0.,0.,1.));
#3928 = DEFINITIONAL_REPRESENTATION('',(#3929),#3933);
#3929 = LINE('',#3930,#3931);
#3930 = CARTESIAN_POINT('',(56.,0.));
#3931 = VECTOR('',#3932,1.);
#3932 = DIRECTION('',(0.,1.));
#3933 = ( GEOMETRIC_REPRESENTATION_CONTEXT(2) 
PARAMETRIC_REPRESENTATION_CONTEXT() REPRESENTATION_CONTEXT('2D SPACE',''
  ) );
#3934 = ORIENTED_EDGE('',*,*,#3935,.F.);
#3935 = EDGE_CURVE('',#3936,#3908,#3938,.T.);
#3936 = VERTEX_POINT('',#3937);
#3937 = CARTESIAN_POINT('',(36.5,70.,63.));
#3938 = SURFACE_CURVE('',#3939,(#3943,#3950),.PCURVE_S1.);
#3939 = LINE('',#3940,#3941);
#3940 = CARTESIAN_POINT('',(36.5,70.,63.));
#3941 = VECTOR('',#3942,1.);
#3942 = DIRECTION('',(-0.,1.,0.));
#3943 = PCURVE('',#2136,#3944);
#3944 = DEFINITIONAL_REPRESENTATION('',(#3945),#3949);
#3945 = LINE('',#3946,#3947);
#3946 = CARTESIAN_POINT('',(146.5,140.));
#3947 = VECTOR('',#3948,1.);
#3948 = DIRECTION('',(0.,1.));
#3949 = ( GEOMETRIC_REPRESENTATION_CONTEXT(2) 
PARAMETRIC_REPRESENTATION_CONTEXT() REPRESENTATION_CONTEXT('2D SPACE',''
  ) );
#3950 = PCURVE('',#3951,#3956);
#3951 = PLANE('',#3952);
#3952 = AXIS2_PLACEMENT_3D('',#3953,#3954,#3955);
#3953 = CARTESIAN_POINT('',(36.5,70.,7.));
#3954 = DIRECTION('',(1.,0.,-0.));
#3955 = DIRECTION('',(0.,0.,1.));
#3956 = DEFINITIONAL_REPRESENTATION('',(#3957),#3961);
#3957 = LINE('',#3958,#3959);
#3958 = CARTESIAN_POINT('',(56.,0.));
#3959 = VECTOR('',#3960,1.);
#3960 = DIRECTION('',(0.,-1.));
#3961 = ( GEOMETRIC_REPRESENTATION_CONTEXT(2) 
PARAMETRIC_REPRESENTATION_CONTEXT() REPRESENTATION_CONTEXT('2D SPACE',''
  ) );
#3962 = ORIENTED_EDGE('',*,*,#3963,.F.);
#3963 = EDGE_CURVE('',#3964,#3936,#3966,.T.);
#3964 = VERTEX_POINT('',#3965);
#3965 = CARTESIAN_POINT('',(20.5,70.,63.));
#3966 = SURFACE_CURVE('',#3967,(#3971,#3978),.PCURVE_S1.);
#3967 = LINE('',#3968,#3969);
#3968 = CARTESIAN_POINT('',(-110.,70.,63.));
#3969 = VECTOR('',#3970,1.);
#3970 = DIRECTION('',(1.,0.,-0.));
#3971 = PCURVE('',#2136,#3972);
#3972 = DEFINITIONAL_REPRESENTATION('',(#3973),#3977);
#3973 = LINE('',#3974,#3975);
#3974 = CARTESIAN_POINT('',(0.,140.));
#3975 = VECTOR('',#3976,1.);
#3976 = DIRECTION('',(1.,0.));
#3977 = ( GEOMETRIC_REPRESENTATION_CONTEXT(2) 
PARAMETRIC_REPRESENTATION_CONTEXT() REPRESENTATION_CONTEXT('2D SPACE',''
  ) );
#3978 = PCURVE('',#3979,#3984);
#3979 = PLANE('',#3980);
#3980 = AXIS2_PLACEMENT_3D('',#3981,#3982,#3983);
#3981 = CARTESIAN_POINT('',(-110.,70.,7.));
#3982 = DIRECTION('',(-0.,1.,0.));
#3983 = DIRECTION('',(0.,0.,1.));
#3984 = DEFINITIONAL_REPRESENTATION('',(#3985),#3989);
#3985 = LINE('',#3986,#3987);
#3986 = CARTESIAN_POINT('',(56.,0.));
#3987 = VECTOR('',#3988,1.);
#3988 = DIRECTION('',(0.,1.));
#3989 = ( GEOMETRIC_REPRESENTATION_CONTEXT(2) 
PARAMETRIC_REPRESENTATION_CONTEXT() REPRESENTATION_CONTEXT('2D SPACE',''
  ) );
#3990 = ORIENTED_EDGE('',*,*,#3991,.T.);
#3991 = EDGE_CURVE('',#3964,#3992,#3994,.T.);
#3992 = VERTEX_POINT('',#3993);
#3993 = CARTESIAN_POINT('',(20.5,84.,63.));
#3994 = SURFACE_CURVE('',#3995,(#3999,#4006),.PCURVE_S1.);
#3995 = LINE('',#3996,#3997);
#3996 = CARTESIAN_POINT('',(20.5,70.,63.));
#3997 = VECTOR('',#3998,1.);
#3998 = DIRECTION('',(-0.,1.,0.));
#3999 = PCURVE('',#2136,#4000);
#4000 = DEFINITIONAL_REPRESENTATION('',(#4001),#4005);
#4001 = LINE('',#4002,#4003);
#4002 = CARTESIAN_POINT('',(130.5,140.));
#4003 = VECTOR('',#4004,1.);
#4004 = DIRECTION('',(0.,1.));
#4005 = ( GEOMETRIC_REPRESENTATION_CONTEXT(2) 
PARAMETRIC_REPRESENTATION_CONTEXT() REPRESENTATION_CONTEXT('2D SPACE',''
  ) );
#4006 = PCURVE('',#4007,#4012);
#4007 = PLANE('',#4008);
#4008 = AXIS2_PLACEMENT_3D('',#4009,#4010,#4011);
#4009 = CARTESIAN_POINT('',(20.5,70.,7.));
#4010 = DIRECTION('',(1.,0.,-0.));
#4011 = DIRECTION('',(0.,0.,1.));
#4012 = DEFINITIONAL_REPRESENTATION('',(#4013),#4017);
#4013 = LINE('',#4014,#4015);
#4014 = CARTESIAN_POINT('',(56.,0.));
#4015 = VECTOR('',#4016,1.);
#4016 = DIRECTION('',(0.,-1.));
#4017 = ( GEOMETRIC_REPRESENTATION_CONTEXT(2) 
PARAMETRIC_REPRESENTATION_CONTEXT() REPRESENTATION_CONTEXT('2D SPACE',''
  ) );
#4018 = ORIENTED_EDGE('',*,*,#4019,.F.);
#4019 = EDGE_CURVE('',#4020,#3992,#4022,.T.);
#4020 = VERTEX_POINT('',#4021);
#4021 = CARTESIAN_POINT('',(17.5,84.,63.));
#4022 = SURFACE_CURVE('',#4023,(#4027,#4034),.PCURVE_S1.);
#4023 = LINE('',#4024,#4025);
#4024 = CARTESIAN_POINT('',(17.5,84.,63.));
#4025 = VECTOR('',#4026,1.);
#4026 = DIRECTION('',(1.,0.,-0.));
#4027 = PCURVE('',#2136,#4028);
#4028 = DEFINITIONAL_REPRESENTATION('',(#4029),#4033);
#4029 = LINE('',#4030,#4031);
#4030 = CARTESIAN_POINT('',(127.5,154.));
#4031 = VECTOR('',#4032,1.);
#4032 = DIRECTION('',(1.,0.));
#4033 = ( GEOMETRIC_REPRESENTATION_CONTEXT(2) 
PARAMETRIC_REPRESENTATION_CONTEXT() REPRESENTATION_CONTEXT('2D SPACE',''
  ) );
#4034 = PCURVE('',#4035,#4040);
#4035 = PLANE('',#4036);
#4036 = AXIS2_PLACEMENT_3D('',#4037,#4038,#4039);
#4037 = CARTESIAN_POINT('',(17.5,84.,7.));
#4038 = DIRECTION('',(-0.,1.,0.));
#4039 = DIRECTION('',(0.,0.,1.));
#4040 = DEFINITIONAL_REPRESENTATION('',(#4041),#4045);
#4041 = LINE('',#4042,#4043);
#4042 = CARTESIAN_POINT('',(56.,0.));
#4043 = VECTOR('',#4044,1.);
#4044 = DIRECTION('',(0.,1.));
#4045 = ( GEOMETRIC_REPRESENTATION_CONTEXT(2) 
PARAMETRIC_REPRESENTATION_CONTEXT() REPRESENTATION_CONTEXT('2D SPACE',''
  ) );
#4046 = ORIENTED_EDGE('',*,*,#4047,.F.);
#4047 = EDGE_CURVE('',#4048,#4020,#4050,.T.);
#4048 = VERTEX_POINT('',#4049);
#4049 = CARTESIAN_POINT('',(17.5,70.,63.));
#4050 = SURFACE_CURVE('',#4051,(#4055,#4062),.PCURVE_S1.);
#4051 = LINE('',#4052,#4053);
#4052 = CARTESIAN_POINT('',(17.5,70.,63.));
#4053 = VECTOR('',#4054,1.);
#4054 = DIRECTION('',(-0.,1.,0.));
#4055 = PCURVE('',#2136,#4056);
#4056 = DEFINITIONAL_REPRESENTATION('',(#4057),#4061);
#4057 = LINE('',#4058,#4059);
#4058 = CARTESIAN_POINT('',(127.5,140.));
#4059 = VECTOR('',#4060,1.);
#4060 = DIRECTION('',(0.,1.));
#4061 = ( GEOMETRIC_REPRESENTATION_CONTEXT(2) 
PARAMETRIC_REPRESENTATION_CONTEXT() REPRESENTATION_CONTEXT('2D SPACE',''
  ) );
#4062 = PCURVE('',#4063,#4068);
#4063 = PLANE('',#4064);
#4064 = AXIS2_PLACEMENT_3D('',#4065,#4066,#4067);
#4065 = CARTESIAN_POINT('',(17.5,70.,7.));
#4066 = DIRECTION('',(1.,0.,-0.));
#4067 = DIRECTION('',(0.,0.,1.));
#4068 = DEFINITIONAL_REPRESENTATION('',(#4069),#4073);
#4069 = LINE('',#4070,#4071);
#4070 = CARTESIAN_POINT('',(56.,0.));
#4071 = VECTOR('',#4072,1.);
#4072 = DIRECTION('',(0.,-1.));
#4073 = ( GEOMETRIC_REPRESENTATION_CONTEXT(2) 
PARAMETRIC_REPRESENTATION_CONTEXT() REPRESENTATION_CONTEXT('2D SPACE',''
  ) );
#4074 = ORIENTED_EDGE('',*,*,#4075,.F.);
#4075 = EDGE_CURVE('',#4076,#4048,#4078,.T.);
#4076 = VERTEX_POINT('',#4077);
#4077 = CARTESIAN_POINT('',(1.5,70.,63.));
#4078 = SURFACE_CURVE('',#4079,(#4083,#4090),.PCURVE_S1.);
#4079 = LINE('',#4080,#4081);
#4080 = CARTESIAN_POINT('',(-110.,70.,63.));
#4081 = VECTOR('',#4082,1.);
#4082 = DIRECTION('',(1.,0.,-0.));
#4083 = PCURVE('',#2136,#4084);
#4084 = DEFINITIONAL_REPRESENTATION('',(#4085),#4089);
#4085 = LINE('',#4086,#4087);
#4086 = CARTESIAN_POINT('',(0.,140.));
#4087 = VECTOR('',#4088,1.);
#4088 = DIRECTION('',(1.,0.));
#4089 = ( GEOMETRIC_REPRESENTATION_CONTEXT(2) 
PARAMETRIC_REPRESENTATION_CONTEXT() REPRESENTATION_CONTEXT('2D SPACE',''
  ) );
#4090 = PCURVE('',#4091,#4096);
#4091 = PLANE('',#4092);
#4092 = AXIS2_PLACEMENT_3D('',#4093,#4094,#4095);
#4093 = CARTESIAN_POINT('',(-110.,70.,7.));
#4094 = DIRECTION('',(-0.,1.,0.));
#4095 = DIRECTION('',(0.,0.,1.));
#4096 = DEFINITIONAL_REPRESENTATION('',(#4097),#4101);
#4097 = LINE('',#4098,#4099);
#4098 = CARTESIAN_POINT('',(56.,0.));
#4099 = VECTOR('',#4100,1.);
#4100 = DIRECTION('',(0.,1.));
#4101 = ( GEOMETRIC_REPRESENTATION_CONTEXT(2) 
PARAMETRIC_REPRESENTATION_CONTEXT() REPRESENTATION_CONTEXT('2D SPACE',''
  ) );
#4102 = ORIENTED_EDGE('',*,*,#4103,.T.);
#4103 = EDGE_CURVE('',#4076,#4104,#4106,.T.);
#4104 = VERTEX_POINT('',#4105);
#4105 = CARTESIAN_POINT('',(1.5,84.,63.));
#4106 = SURFACE_CURVE('',#4107,(#4111,#4118),.PCURVE_S1.);
#4107 = LINE('',#4108,#4109);
#4108 = CARTESIAN_POINT('',(1.5,70.,63.));
#4109 = VECTOR('',#4110,1.);
#4110 = DIRECTION('',(-0.,1.,0.));
#4111 = PCURVE('',#2136,#4112);
#4112 = DEFINITIONAL_REPRESENTATION('',(#4113),#4117);
#4113 = LINE('',#4114,#4115);
#4114 = CARTESIAN_POINT('',(111.5,140.));
#4115 = VECTOR('',#4116,1.);
#4116 = DIRECTION('',(0.,1.));
#4117 = ( GEOMETRIC_REPRESENTATION_CONTEXT(2) 
PARAMETRIC_REPRESENTATION_CONTEXT() REPRESENTATION_CONTEXT('2D SPACE',''
  ) );
#4118 = PCURVE('',#4119,#4124);
#4119 = PLANE('',#4120);
#4120 = AXIS2_PLACEMENT_3D('',#4121,#4122,#4123);
#4121 = CARTESIAN_POINT('',(1.5,70.,7.));
#4122 = DIRECTION('',(1.,0.,-0.));
#4123 = DIRECTION('',(0.,0.,1.));
#4124 = DEFINITIONAL_REPRESENTATION('',(#4125),#4129);
#4125 = LINE('',#4126,#4127);
#4126 = CARTESIAN_POINT('',(56.,0.));
#4127 = VECTOR('',#4128,1.);
#4128 = DIRECTION('',(0.,-1.));
#4129 = ( GEOMETRIC_REPRESENTATION_CONTEXT(2) 
PARAMETRIC_REPRESENTATION_CONTEXT() REPRESENTATION_CONTEXT('2D SPACE',''
  ) );
#4130 = ORIENTED_EDGE('',*,*,#4131,.F.);
#4131 = EDGE_CURVE('',#4132,#4104,#4134,.T.);
#4132 = VERTEX_POINT('',#4133);
#4133 = CARTESIAN_POINT('',(-1.5,84.,63.));
#4134 = SURFACE_CURVE('',#4135,(#4139,#4146),.PCURVE_S1.);
#4135 = LINE('',#4136,#4137);
#4136 = CARTESIAN_POINT('',(-1.5,84.,63.));
#4137 = VECTOR('',#4138,1.);
#4138 = DIRECTION('',(1.,0.,-0.));
#4139 = PCURVE('',#2136,#4140);
#4140 = DEFINITIONAL_REPRESENTATION('',(#4141),#4145);
#4141 = LINE('',#4142,#4143);
#4142 = CARTESIAN_POINT('',(108.5,154.));
#4143 = VECTOR('',#4144,1.);
#4144 = DIRECTION('',(1.,0.));
#4145 = ( GEOMETRIC_REPRESENTATION_CONTEXT(2) 
PARAMETRIC_REPRESENTATION_CONTEXT() REPRESENTATION_CONTEXT('2D SPACE',''
  ) );
#4146 = PCURVE('',#4147,#4152);
#4147 = PLANE('',#4148);
#4148 = AXIS2_PLACEMENT_3D('',#4149,#4150,#4151);
#4149 = CARTESIAN_POINT('',(-1.5,84.,7.));
#4150 = DIRECTION('',(-0.,1.,0.));
#4151 = DIRECTION('',(0.,0.,1.));
#4152 = DEFINITIONAL_REPRESENTATION('',(#4153),#4157);
#4153 = LINE('',#4154,#4155);
#4154 = CARTESIAN_POINT('',(56.,0.));
#4155 = VECTOR('',#4156,1.);
#4156 = DIRECTION('',(0.,1.));
#4157 = ( GEOMETRIC_REPRESENTATION_CONTEXT(2) 
PARAMETRIC_REPRESENTATION_CONTEXT() REPRESENTATION_CONTEXT('2D SPACE',''
  ) );
#4158 = ORIENTED_EDGE('',*,*,#4159,.F.);
#4159 = EDGE_CURVE('',#4160,#4132,#4162,.T.);
#4160 = VERTEX_POINT('',#4161);
#4161 = CARTESIAN_POINT('',(-1.5,70.,63.));
#4162 = SURFACE_CURVE('',#4163,(#4167,#4174),.PCURVE_S1.);
#4163 = LINE('',#4164,#4165);
#4164 = CARTESIAN_POINT('',(-1.5,70.,63.));
#4165 = VECTOR('',#4166,1.);
#4166 = DIRECTION('',(-0.,1.,0.));
#4167 = PCURVE('',#2136,#4168);
#4168 = DEFINITIONAL_REPRESENTATION('',(#4169),#4173);
#4169 = LINE('',#4170,#4171);
#4170 = CARTESIAN_POINT('',(108.5,140.));
#4171 = VECTOR('',#4172,1.);
#4172 = DIRECTION('',(0.,1.));
#4173 = ( GEOMETRIC_REPRESENTATION_CONTEXT(2) 
PARAMETRIC_REPRESENTATION_CONTEXT() REPRESENTATION_CONTEXT('2D SPACE',''
  ) );
#4174 = PCURVE('',#4175,#4180);
#4175 = PLANE('',#4176);
#4176 = AXIS2_PLACEMENT_3D('',#4177,#4178,#4179);
#4177 = CARTESIAN_POINT('',(-1.5,70.,7.));
#4178 = DIRECTION('',(1.,0.,-0.));
#4179 = DIRECTION('',(0.,0.,1.));
#4180 = DEFINITIONAL_REPRESENTATION('',(#4181),#4185);
#4181 = LINE('',#4182,#4183);
#4182 = CARTESIAN_POINT('',(56.,0.));
#4183 = VECTOR('',#4184,1.);
#4184 = DIRECTION('',(0.,-1.));
#4185 = ( GEOMETRIC_REPRESENTATION_CONTEXT(2) 
PARAMETRIC_REPRESENTATION_CONTEXT() REPRESENTATION_CONTEXT('2D SPACE',''
  ) );
#4186 = ORIENTED_EDGE('',*,*,#4187,.F.);
#4187 = EDGE_CURVE('',#4188,#4160,#4190,.T.);
#4188 = VERTEX_POINT('',#4189);
#4189 = CARTESIAN_POINT('',(-17.5,70.,63.));
#4190 = SURFACE_CURVE('',#4191,(#4195,#4202),.PCURVE_S1.);
#4191 = LINE('',#4192,#4193);
#4192 = CARTESIAN_POINT('',(-110.,70.,63.));
#4193 = VECTOR('',#4194,1.);
#4194 = DIRECTION('',(1.,0.,-0.));
#4195 = PCURVE('',#2136,#4196);
#4196 = DEFINITIONAL_REPRESENTATION('',(#4197),#4201);
#4197 = LINE('',#4198,#4199);
#4198 = CARTESIAN_POINT('',(0.,140.));
#4199 = VECTOR('',#4200,1.);
#4200 = DIRECTION('',(1.,0.));
#4201 = ( GEOMETRIC_REPRESENTATION_CONTEXT(2) 
PARAMETRIC_REPRESENTATION_CONTEXT() REPRESENTATION_CONTEXT('2D SPACE',''
  ) );
#4202 = PCURVE('',#4203,#4208);
#4203 = PLANE('',#4204);
#4204 = AXIS2_PLACEMENT_3D('',#4205,#4206,#4207);
#4205 = CARTESIAN_POINT('',(-110.,70.,7.));
#4206 = DIRECTION('',(-0.,1.,0.));
#4207 = DIRECTION('',(0.,0.,1.));
#4208 = DEFINITIONAL_REPRESENTATION('',(#4209),#4213);
#4209 = LINE('',#4210,#4211);
#4210 = CARTESIAN_POINT('',(56.,0.));
#4211 = VECTOR('',#4212,1.);
#4212 = DIRECTION('',(0.,1.));
#4213 = ( GEOMETRIC_REPRESENTATION_CONTEXT(2) 
PARAMETRIC_REPRESENTATION_CONTEXT() REPRESENTATION_CONTEXT('2D SPACE',''
  ) );
#4214 = ORIENTED_EDGE('',*,*,#4215,.T.);
#4215 = EDGE_CURVE('',#4188,#4216,#4218,.T.);
#4216 = VERTEX_POINT('',#4217);
#4217 = CARTESIAN_POINT('',(-17.5,84.,63.));
#4218 = SURFACE_CURVE('',#4219,(#4223,#4230),.PCURVE_S1.);
#4219 = LINE('',#4220,#4221);
#4220 = CARTESIAN_POINT('',(-17.5,70.,63.));
#4221 = VECTOR('',#4222,1.);
#4222 = DIRECTION('',(-0.,1.,0.));
#4223 = PCURVE('',#2136,#4224);
#4224 = DEFINITIONAL_REPRESENTATION('',(#4225),#4229);
#4225 = LINE('',#4226,#4227);
#4226 = CARTESIAN_POINT('',(92.5,140.));
#4227 = VECTOR('',#4228,1.);
#4228 = DIRECTION('',(0.,1.));
#4229 = ( GEOMETRIC_REPRESENTATION_CONTEXT(2) 
PARAMETRIC_REPRESENTATION_CONTEXT() REPRESENTATION_CONTEXT('2D SPACE',''
  ) );
#4230 = PCURVE('',#4231,#4236);
#4231 = PLANE('',#4232);
#4232 = AXIS2_PLACEMENT_3D('',#4233,#4234,#4235);
#4233 = CARTESIAN_POINT('',(-17.5,70.,7.));
#4234 = DIRECTION('',(1.,0.,-0.));
#4235 = DIRECTION('',(0.,0.,1.));
#4236 = DEFINITIONAL_REPRESENTATION('',(#4237),#4241);
#4237 = LINE('',#4238,#4239);
#4238 = CARTESIAN_POINT('',(56.,0.));
#4239 = VECTOR('',#4240,1.);
#4240 = DIRECTION('',(0.,-1.));
#4241 = ( GEOMETRIC_REPRESENTATION_CONTEXT(2) 
PARAMETRIC_REPRESENTATION_CONTEXT() REPRESENTATION_CONTEXT('2D SPACE',''
  ) );
#4242 = ORIENTED_EDGE('',*,*,#4243,.F.);
#4243 = EDGE_CURVE('',#4244,#4216,#4246,.T.);
#4244 = VERTEX_POINT('',#4245);
#4245 = CARTESIAN_POINT('',(-20.5,84.,63.));
#4246 = SURFACE_CURVE('',#4247,(#4251,#4258),.PCURVE_S1.);
#4247 = LINE('',#4248,#4249);
#4248 = CARTESIAN_POINT('',(-20.5,84.,63.));
#4249 = VECTOR('',#4250,1.);
#4250 = DIRECTION('',(1.,0.,-0.));
#4251 = PCURVE('',#2136,#4252);
#4252 = DEFINITIONAL_REPRESENTATION('',(#4253),#4257);
#4253 = LINE('',#4254,#4255);
#4254 = CARTESIAN_POINT('',(89.5,154.));
#4255 = VECTOR('',#4256,1.);
#4256 = DIRECTION('',(1.,0.));
#4257 = ( GEOMETRIC_REPRESENTATION_CONTEXT(2) 
PARAMETRIC_REPRESENTATION_CONTEXT() REPRESENTATION_CONTEXT('2D SPACE',''
  ) );
#4258 = PCURVE('',#4259,#4264);
#4259 = PLANE('',#4260);
#4260 = AXIS2_PLACEMENT_3D('',#4261,#4262,#4263);
#4261 = CARTESIAN_POINT('',(-20.5,84.,7.));
#4262 = DIRECTION('',(-0.,1.,0.));
#4263 = DIRECTION('',(0.,0.,1.));
#4264 = DEFINITIONAL_REPRESENTATION('',(#4265),#4269);
#4265 = LINE('',#4266,#4267);
#4266 = CARTESIAN_POINT('',(56.,0.));
#4267 = VECTOR('',#4268,1.);
#4268 = DIRECTION('',(0.,1.));
#4269 = ( GEOMETRIC_REPRESENTATION_CONTEXT(2) 
PARAMETRIC_REPRESENTATION_CONTEXT() REPRESENTATION_CONTEXT('2D SPACE',''
  ) );
#4270 = ORIENTED_EDGE('',*,*,#4271,.F.);
#4271 = EDGE_CURVE('',#4272,#4244,#4274,.T.);
#4272 = VERTEX_POINT('',#4273);
#4273 = CARTESIAN_POINT('',(-20.5,70.,63.));
#4274 = SURFACE_CURVE('',#4275,(#4279,#4286),.PCURVE_S1.);
#4275 = LINE('',#4276,#4277);
#4276 = CARTESIAN_POINT('',(-20.5,70.,63.));
#4277 = VECTOR('',#4278,1.);
#4278 = DIRECTION('',(-0.,1.,0.));
#4279 = PCURVE('',#2136,#4280);
#4280 = DEFINITIONAL_REPRESENTATION('',(#4281),#4285);
#4281 = LINE('',#4282,#4283);
#4282 = CARTESIAN_POINT('',(89.5,140.));
#4283 = VECTOR('',#4284,1.);
#4284 = DIRECTION('',(0.,1.));
#4285 = ( GEOMETRIC_REPRESENTATION_CONTEXT(2) 
PARAMETRIC_REPRESENTATION_CONTEXT() REPRESENTATION_CONTEXT('2D SPACE',''
  ) );
#4286 = PCURVE('',#4287,#4292);
#4287 = PLANE('',#4288);
#4288 = AXIS2_PLACEMENT_3D('',#4289,#4290,#4291);
#4289 = CARTESIAN_POINT('',(-20.5,70.,7.));
#4290 = DIRECTION('',(1.,0.,-0.));
#4291 = DIRECTION('',(0.,0.,1.));
#4292 = DEFINITIONAL_REPRESENTATION('',(#4293),#4297);
#4293 = LINE('',#4294,#4295);
#4294 = CARTESIAN_POINT('',(56.,0.));
#4295 = VECTOR('',#4296,1.);
#4296 = DIRECTION('',(0.,-1.));
#4297 = ( GEOMETRIC_REPRESENTATION_CONTEXT(2) 
PARAMETRIC_REPRESENTATION_CONTEXT() REPRESENTATION_CONTEXT('2D SPACE',''
  ) );
#4298 = ORIENTED_EDGE('',*,*,#4299,.F.);
#4299 = EDGE_CURVE('',#4300,#4272,#4302,.T.);
#4300 = VERTEX_POINT('',#4301);
#4301 = CARTESIAN_POINT('',(-36.5,70.,63.));
#4302 = SURFACE_CURVE('',#4303,(#4307,#4314),.PCURVE_S1.);
#4303 = LINE('',#4304,#4305);
#4304 = CARTESIAN_POINT('',(-110.,70.,63.));
#4305 = VECTOR('',#4306,1.);
#4306 = DIRECTION('',(1.,0.,-0.));
#4307 = PCURVE('',#2136,#4308);
#4308 = DEFINITIONAL_REPRESENTATION('',(#4309),#4313);
#4309 = LINE('',#4310,#4311);
#4310 = CARTESIAN_POINT('',(0.,140.));
#4311 = VECTOR('',#4312,1.);
#4312 = DIRECTION('',(1.,0.));
#4313 = ( GEOMETRIC_REPRESENTATION_CONTEXT(2) 
PARAMETRIC_REPRESENTATION_CONTEXT() REPRESENTATION_CONTEXT('2D SPACE',''
  ) );
#4314 = PCURVE('',#4315,#4320);
#4315 = PLANE('',#4316);
#4316 = AXIS2_PLACEMENT_3D('',#4317,#4318,#4319);
#4317 = CARTESIAN_POINT('',(-110.,70.,7.));
#4318 = DIRECTION('',(-0.,1.,0.));
#4319 = DIRECTION('',(0.,0.,1.));
#4320 = DEFINITIONAL_REPRESENTATION('',(#4321),#4325);
#4321 = LINE('',#4322,#4323);
#4322 = CARTESIAN_POINT('',(56.,0.));
#4323 = VECTOR('',#4324,1.);
#4324 = DIRECTION('',(0.,1.));
#4325 = ( GEOMETRIC_REPRESENTATION_CONTEXT(2) 
PARAMETRIC_REPRESENTATION_CONTEXT() REPRESENTATION_CONTEXT('2D SPACE',''
  ) );
#4326 = ORIENTED_EDGE('',*,*,#4327,.T.);
#4327 = EDGE_CURVE('',#4300,#4328,#4330,.T.);
#4328 = VERTEX_POINT('',#4329);
#4329 = CARTESIAN_POINT('',(-36.5,84.,63.));
#4330 = SURFACE_CURVE('',#4331,(#4335,#4342),.PCURVE_S1.);
#4331 = LINE('',#4332,#4333);
#4332 = CARTESIAN_POINT('',(-36.5,70.,63.));
#4333 = VECTOR('',#4334,1.);
#4334 = DIRECTION('',(-0.,1.,0.));
#4335 = PCURVE('',#2136,#4336);
#4336 = DEFINITIONAL_REPRESENTATION('',(#4337),#4341);
#4337 = LINE('',#4338,#4339);
#4338 = CARTESIAN_POINT('',(73.5,140.));
#4339 = VECTOR('',#4340,1.);
#4340 = DIRECTION('',(0.,1.));
#4341 = ( GEOMETRIC_REPRESENTATION_CONTEXT(2) 
PARAMETRIC_REPRESENTATION_CONTEXT() REPRESENTATION_CONTEXT('2D SPACE',''
  ) );
#4342 = PCURVE('',#4343,#4348);
#4343 = PLANE('',#4344);
#4344 = AXIS2_PLACEMENT_3D('',#4345,#4346,#4347);
#4345 = CARTESIAN_POINT('',(-36.5,70.,7.));
#4346 = DIRECTION('',(1.,0.,-0.));
#4347 = DIRECTION('',(0.,0.,1.));
#4348 = DEFINITIONAL_REPRESENTATION('',(#4349),#4353);
#4349 = LINE('',#4350,#4351);
#4350 = CARTESIAN_POINT('',(56.,0.));
#4351 = VECTOR('',#4352,1.);
#4352 = DIRECTION('',(0.,-1.));
#4353 = ( GEOMETRIC_REPRESENTATION_CONTEXT(2) 
PARAMETRIC_REPRESENTATION_CONTEXT() REPRESENTATION_CONTEXT('2D SPACE',''
  ) );
#4354 = ORIENTED_EDGE('',*,*,#4355,.F.);
#4355 = EDGE_CURVE('',#4356,#4328,#4358,.T.);
#4356 = VERTEX_POINT('',#4357);
#4357 = CARTESIAN_POINT('',(-39.5,84.,63.));
#4358 = SURFACE_CURVE('',#4359,(#4363,#4370),.PCURVE_S1.);
#4359 = LINE('',#4360,#4361);
#4360 = CARTESIAN_POINT('',(-39.5,84.,63.));
#4361 = VECTOR('',#4362,1.);
#4362 = DIRECTION('',(1.,0.,-0.));
#4363 = PCURVE('',#2136,#4364);
#4364 = DEFINITIONAL_REPRESENTATION('',(#4365),#4369);
#4365 = LINE('',#4366,#4367);
#4366 = CARTESIAN_POINT('',(70.5,154.));
#4367 = VECTOR('',#4368,1.);
#4368 = DIRECTION('',(1.,0.));
#4369 = ( GEOMETRIC_REPRESENTATION_CONTEXT(2) 
PARAMETRIC_REPRESENTATION_CONTEXT() REPRESENTATION_CONTEXT('2D SPACE',''
  ) );
#4370 = PCURVE('',#4371,#4376);
#4371 = PLANE('',#4372);
#4372 = AXIS2_PLACEMENT_3D('',#4373,#4374,#4375);
#4373 = CARTESIAN_POINT('',(-39.5,84.,7.));
#4374 = DIRECTION('',(-0.,1.,0.));
#4375 = DIRECTION('',(0.,0.,1.));
#4376 = DEFINITIONAL_REPRESENTATION('',(#4377),#4381);
#4377 = LINE('',#4378,#4379);
#4378 = CARTESIAN_POINT('',(56.,0.));
#4379 = VECTOR('',#4380,1.);
#4380 = DIRECTION('',(0.,1.));
#4381 = ( GEOMETRIC_REPRESENTATION_CONTEXT(2) 
PARAMETRIC_REPRESENTATION_CONTEXT() REPRESENTATION_CONTEXT('2D SPACE',''
  ) );
#4382 = ORIENTED_EDGE('',*,*,#4383,.F.);
#4383 = EDGE_CURVE('',#4384,#4356,#4386,.T.);
#4384 = VERTEX_POINT('',#4385);
#4385 = CARTESIAN_POINT('',(-39.5,70.,63.));
#4386 = SURFACE_CURVE('',#4387,(#4391,#4398),.PCURVE_S1.);
#4387 = LINE('',#4388,#4389);
#4388 = CARTESIAN_POINT('',(-39.5,70.,63.));
#4389 = VECTOR('',#4390,1.);
#4390 = DIRECTION('',(-0.,1.,0.));
#4391 = PCURVE('',#2136,#4392);
#4392 = DEFINITIONAL_REPRESENTATION('',(#4393),#4397);
#4393 = LINE('',#4394,#4395);
#4394 = CARTESIAN_POINT('',(70.5,140.));
#4395 = VECTOR('',#4396,1.);
#4396 = DIRECTION('',(0.,1.));
#4397 = ( GEOMETRIC_REPRESENTATION_CONTEXT(2) 
PARAMETRIC_REPRESENTATION_CONTEXT() REPRESENTATION_CONTEXT('2D SPACE',''
  ) );
#4398 = PCURVE('',#4399,#4404);
#4399 = PLANE('',#4400);
#4400 = AXIS2_PLACEMENT_3D('',#4401,#4402,#4403);
#4401 = CARTESIAN_POINT('',(-39.5,70.,7.));
#4402 = DIRECTION('',(1.,0.,-0.));
#4403 = DIRECTION('',(0.,0.,1.));
#4404 = DEFINITIONAL_REPRESENTATION('',(#4405),#4409);
#4405 = LINE('',#4406,#4407);
#4406 = CARTESIAN_POINT('',(56.,0.));
#4407 = VECTOR('',#4408,1.);
#4408 = DIRECTION('',(0.,-1.));
#4409 = ( GEOMETRIC_REPRESENTATION_CONTEXT(2) 
PARAMETRIC_REPRESENTATION_CONTEXT() REPRESENTATION_CONTEXT('2D SPACE',''
  ) );
#4410 = ORIENTED_EDGE('',*,*,#4411,.F.);
#4411 = EDGE_CURVE('',#4412,#4384,#4414,.T.);
#4412 = VERTEX_POINT('',#4413);
#4413 = CARTESIAN_POINT('',(-55.5,70.,63.));
#4414 = SURFACE_CURVE('',#4415,(#4419,#4426),.PCURVE_S1.);
#4415 = LINE('',#4416,#4417);
#4416 = CARTESIAN_POINT('',(-110.,70.,63.));
#4417 = VECTOR('',#4418,1.);
#4418 = DIRECTION('',(1.,0.,-0.));
#4419 = PCURVE('',#2136,#4420);
#4420 = DEFINITIONAL_REPRESENTATION('',(#4421),#4425);
#4421 = LINE('',#4422,#4423);
#4422 = CARTESIAN_POINT('',(0.,140.));
#4423 = VECTOR('',#4424,1.);
#4424 = DIRECTION('',(1.,0.));
#4425 = ( GEOMETRIC_REPRESENTATION_CONTEXT(2) 
PARAMETRIC_REPRESENTATION_CONTEXT() REPRESENTATION_CONTEXT('2D SPACE',''
  ) );
#4426 = PCURVE('',#4427,#4432);
#4427 = PLANE('',#4428);
#4428 = AXIS2_PLACEMENT_3D('',#4429,#4430,#4431);
#4429 = CARTESIAN_POINT('',(-110.,70.,7.));
#4430 = DIRECTION('',(-0.,1.,0.));
#4431 = DIRECTION('',(0.,0.,1.));
#4432 = DEFINITIONAL_REPRESENTATION('',(#4433),#4437);
#4433 = LINE('',#4434,#4435);
#4434 = CARTESIAN_POINT('',(56.,0.));
#4435 = VECTOR('',#4436,1.);
#4436 = DIRECTION('',(0.,1.));
#4437 = ( GEOMETRIC_REPRESENTATION_CONTEXT(2) 
PARAMETRIC_REPRESENTATION_CONTEXT() REPRESENTATION_CONTEXT('2D SPACE',''
  ) );
#4438 = ORIENTED_EDGE('',*,*,#4439,.T.);
#4439 = EDGE_CURVE('',#4412,#4440,#4442,.T.);
#4440 = VERTEX_POINT('',#4441);
#4441 = CARTESIAN_POINT('',(-55.5,84.,63.));
#4442 = SURFACE_CURVE('',#4443,(#4447,#4454),.PCURVE_S1.);
#4443 = LINE('',#4444,#4445);
#4444 = CARTESIAN_POINT('',(-55.5,70.,63.));
#4445 = VECTOR('',#4446,1.);
#4446 = DIRECTION('',(-0.,1.,0.));
#4447 = PCURVE('',#2136,#4448);
#4448 = DEFINITIONAL_REPRESENTATION('',(#4449),#4453);
#4449 = LINE('',#4450,#4451);
#4450 = CARTESIAN_POINT('',(54.5,140.));
#4451 = VECTOR('',#4452,1.);
#4452 = DIRECTION('',(0.,1.));
#4453 = ( GEOMETRIC_REPRESENTATION_CONTEXT(2) 
PARAMETRIC_REPRESENTATION_CONTEXT() REPRESENTATION_CONTEXT('2D SPACE',''
  ) );
#4454 = PCURVE('',#4455,#4460);
#4455 = PLANE('',#4456);
#4456 = AXIS2_PLACEMENT_3D('',#4457,#4458,#4459);
#4457 = CARTESIAN_POINT('',(-55.5,70.,7.));
#4458 = DIRECTION('',(1.,0.,-0.));
#4459 = DIRECTION('',(0.,0.,1.));
#4460 = DEFINITIONAL_REPRESENTATION('',(#4461),#4465);
#4461 = LINE('',#4462,#4463);
#4462 = CARTESIAN_POINT('',(56.,0.));
#4463 = VECTOR('',#4464,1.);
#4464 = DIRECTION('',(0.,-1.));
#4465 = ( GEOMETRIC_REPRESENTATION_CONTEXT(2) 
PARAMETRIC_REPRESENTATION_CONTEXT() REPRESENTATION_CONTEXT('2D SPACE',''
  ) );
#4466 = ORIENTED_EDGE('',*,*,#4467,.F.);
#4467 = EDGE_CURVE('',#4468,#4440,#4470,.T.);
#4468 = VERTEX_POINT('',#4469);
#4469 = CARTESIAN_POINT('',(-58.5,84.,63.));
#4470 = SURFACE_CURVE('',#4471,(#4475,#4482),.PCURVE_S1.);
#4471 = LINE('',#4472,#4473);
#4472 = CARTESIAN_POINT('',(-58.5,84.,63.));
#4473 = VECTOR('',#4474,1.);
#4474 = DIRECTION('',(1.,0.,-0.));
#4475 = PCURVE('',#2136,#4476);
#4476 = DEFINITIONAL_REPRESENTATION('',(#4477),#4481);
#4477 = LINE('',#4478,#4479);
#4478 = CARTESIAN_POINT('',(51.5,154.));
#4479 = VECTOR('',#4480,1.);
#4480 = DIRECTION('',(1.,0.));
#4481 = ( GEOMETRIC_REPRESENTATION_CONTEXT(2) 
PARAMETRIC_REPRESENTATION_CONTEXT() REPRESENTATION_CONTEXT('2D SPACE',''
  ) );
#4482 = PCURVE('',#4483,#4488);
#4483 = PLANE('',#4484);
#4484 = AXIS2_PLACEMENT_3D('',#4485,#4486,#4487);
#4485 = CARTESIAN_POINT('',(-58.5,84.,7.));
#4486 = DIRECTION('',(-0.,1.,0.));
#4487 = DIRECTION('',(0.,0.,1.));
#4488 = DEFINITIONAL_REPRESENTATION('',(#4489),#4493);
#4489 = LINE('',#4490,#4491);
#4490 = CARTESIAN_POINT('',(56.,0.));
#4491 = VECTOR('',#4492,1.);
#4492 = DIRECTION('',(0.,1.));
#4493 = ( GEOMETRIC_REPRESENTATION_CONTEXT(2) 
PARAMETRIC_REPRESENTATION_CONTEXT() REPRESENTATION_CONTEXT('2D SPACE',''
  ) );
#4494 = ORIENTED_EDGE('',*,*,#4495,.F.);
#4495 = EDGE_CURVE('',#4496,#4468,#4498,.T.);
#4496 = VERTEX_POINT('',#4497);
#4497 = CARTESIAN_POINT('',(-58.5,70.,63.));
#4498 = SURFACE_CURVE('',#4499,(#4503,#4510),.PCURVE_S1.);
#4499 = LINE('',#4500,#4501);
#4500 = CARTESIAN_POINT('',(-58.5,70.,63.));
#4501 = VECTOR('',#4502,1.);
#4502 = DIRECTION('',(-0.,1.,0.));
#4503 = PCURVE('',#2136,#4504);
#4504 = DEFINITIONAL_REPRESENTATION('',(#4505),#4509);
#4505 = LINE('',#4506,#4507);
#4506 = CARTESIAN_POINT('',(51.5,140.));
#4507 = VECTOR('',#4508,1.);
#4508 = DIRECTION('',(0.,1.));
#4509 = ( GEOMETRIC_REPRESENTATION_CONTEXT(2) 
PARAMETRIC_REPRESENTATION_CONTEXT() REPRESENTATION_CONTEXT('2D SPACE',''
  ) );
#4510 = PCURVE('',#4511,#4516);
#4511 = PLANE('',#4512);
#4512 = AXIS2_PLACEMENT_3D('',#4513,#4514,#4515);
#4513 = CARTESIAN_POINT('',(-58.5,70.,7.));
#4514 = DIRECTION('',(1.,0.,-0.));
#4515 = DIRECTION('',(0.,0.,1.));
#4516 = DEFINITIONAL_REPRESENTATION('',(#4517),#4521);
#4517 = LINE('',#4518,#4519);
#4518 = CARTESIAN_POINT('',(56.,0.));
#4519 = VECTOR('',#4520,1.);
#4520 = DIRECTION('',(0.,-1.));
#4521 = ( GEOMETRIC_REPRESENTATION_CONTEXT(2) 
PARAMETRIC_REPRESENTATION_CONTEXT() REPRESENTATION_CONTEXT('2D SPACE',''
  ) );
#4522 = ORIENTED_EDGE('',*,*,#4523,.F.);
#4523 = EDGE_CURVE('',#4524,#4496,#4526,.T.);
#4524 = VERTEX_POINT('',#4525);
#4525 = CARTESIAN_POINT('',(-74.5,70.,63.));
#4526 = SURFACE_CURVE('',#4527,(#4531,#4538),.PCURVE_S1.);
#4527 = LINE('',#4528,#4529);
#4528 = CARTESIAN_POINT('',(-110.,70.,63.));
#4529 = VECTOR('',#4530,1.);
#4530 = DIRECTION('',(1.,0.,-0.));
#4531 = PCURVE('',#2136,#4532);
#4532 = DEFINITIONAL_REPRESENTATION('',(#4533),#4537);
#4533 = LINE('',#4534,#4535);
#4534 = CARTESIAN_POINT('',(0.,140.));
#4535 = VECTOR('',#4536,1.);
#4536 = DIRECTION('',(1.,0.));
#4537 = ( GEOMETRIC_REPRESENTATION_CONTEXT(2) 
PARAMETRIC_REPRESENTATION_CONTEXT() REPRESENTATION_CONTEXT('2D SPACE',''
  ) );
#4538 = PCURVE('',#4539,#4544);
#4539 = PLANE('',#4540);
#4540 = AXIS2_PLACEMENT_3D('',#4541,#4542,#4543);
#4541 = CARTESIAN_POINT('',(-110.,70.,7.));
#4542 = DIRECTION('',(-0.,1.,0.));
#4543 = DIRECTION('',(0.,0.,1.));
#4544 = DEFINITIONAL_REPRESENTATION('',(#4545),#4549);
#4545 = LINE('',#4546,#4547);
#4546 = CARTESIAN_POINT('',(56.,0.));
#4547 = VECTOR('',#4548,1.);
#4548 = DIRECTION('',(0.,1.));
#4549 = ( GEOMETRIC_REPRESENTATION_CONTEXT(2) 
PARAMETRIC_REPRESENTATION_CONTEXT() REPRESENTATION_CONTEXT('2D SPACE',''
  ) );
#4550 = ORIENTED_EDGE('',*,*,#4551,.T.);
#4551 = EDGE_CURVE('',#4524,#4552,#4554,.T.);
#4552 = VERTEX_POINT('',#4553);
#4553 = CARTESIAN_POINT('',(-74.5,84.,63.));
#4554 = SURFACE_CURVE('',#4555,(#4559,#4566),.PCURVE_S1.);
#4555 = LINE('',#4556,#4557);
#4556 = CARTESIAN_POINT('',(-74.5,70.,63.));
#4557 = VECTOR('',#4558,1.);
#4558 = DIRECTION('',(-0.,1.,0.));
#4559 = PCURVE('',#2136,#4560);
#4560 = DEFINITIONAL_REPRESENTATION('',(#4561),#4565);
#4561 = LINE('',#4562,#4563);
#4562 = CARTESIAN_POINT('',(35.5,140.));
#4563 = VECTOR('',#4564,1.);
#4564 = DIRECTION('',(0.,1.));
#4565 = ( GEOMETRIC_REPRESENTATION_CONTEXT(2) 
PARAMETRIC_REPRESENTATION_CONTEXT() REPRESENTATION_CONTEXT('2D SPACE',''
  ) );
#4566 = PCURVE('',#4567,#4572);
#4567 = PLANE('',#4568);
#4568 = AXIS2_PLACEMENT_3D('',#4569,#4570,#4571);
#4569 = CARTESIAN_POINT('',(-74.5,70.,7.));
#4570 = DIRECTION('',(1.,0.,-0.));
#4571 = DIRECTION('',(0.,0.,1.));
#4572 = DEFINITIONAL_REPRESENTATION('',(#4573),#4577);
#4573 = LINE('',#4574,#4575);
#4574 = CARTESIAN_POINT('',(56.,0.));
#4575 = VECTOR('',#4576,1.);
#4576 = DIRECTION('',(0.,-1.));
#4577 = ( GEOMETRIC_REPRESENTATION_CONTEXT(2) 
PARAMETRIC_REPRESENTATION_CONTEXT() REPRESENTATION_CONTEXT('2D SPACE',''
  ) );
#4578 = ORIENTED_EDGE('',*,*,#4579,.F.);
#4579 = EDGE_CURVE('',#4580,#4552,#4582,.T.);
#4580 = VERTEX_POINT('',#4581);
#4581 = CARTESIAN_POINT('',(-77.5,84.,63.));
#4582 = SURFACE_CURVE('',#4583,(#4587,#4594),.PCURVE_S1.);
#4583 = LINE('',#4584,#4585);
#4584 = CARTESIAN_POINT('',(-77.5,84.,63.));
#4585 = VECTOR('',#4586,1.);
#4586 = DIRECTION('',(1.,0.,-0.));
#4587 = PCURVE('',#2136,#4588);
#4588 = DEFINITIONAL_REPRESENTATION('',(#4589),#4593);
#4589 = LINE('',#4590,#4591);
#4590 = CARTESIAN_POINT('',(32.5,154.));
#4591 = VECTOR('',#4592,1.);
#4592 = DIRECTION('',(1.,0.));
#4593 = ( GEOMETRIC_REPRESENTATION_CONTEXT(2) 
PARAMETRIC_REPRESENTATION_CONTEXT() REPRESENTATION_CONTEXT('2D SPACE',''
  ) );
#4594 = PCURVE('',#4595,#4600);
#4595 = PLANE('',#4596);
#4596 = AXIS2_PLACEMENT_3D('',#4597,#4598,#4599);
#4597 = CARTESIAN_POINT('',(-77.5,84.,7.));
#4598 = DIRECTION('',(-0.,1.,0.));
#4599 = DIRECTION('',(0.,0.,1.));
#4600 = DEFINITIONAL_REPRESENTATION('',(#4601),#4605);
#4601 = LINE('',#4602,#4603);
#4602 = CARTESIAN_POINT('',(56.,0.));
#4603 = VECTOR('',#4604,1.);
#4604 = DIRECTION('',(0.,1.));
#4605 = ( GEOMETRIC_REPRESENTATION_CONTEXT(2) 
PARAMETRIC_REPRESENTATION_CONTEXT() REPRESENTATION_CONTEXT('2D SPACE',''
  ) );
#4606 = ORIENTED_EDGE('',*,*,#4607,.F.);
#4607 = EDGE_CURVE('',#4608,#4580,#4610,.T.);
#4608 = VERTEX_POINT('',#4609);
#4609 = CARTESIAN_POINT('',(-77.5,70.,63.));
#4610 = SURFACE_CURVE('',#4611,(#4615,#4622),.PCURVE_S1.);
#4611 = LINE('',#4612,#4613);
#4612 = CARTESIAN_POINT('',(-77.5,70.,63.));
#4613 = VECTOR('',#4614,1.);
#4614 = DIRECTION('',(-0.,1.,0.));
#4615 = PCURVE('',#2136,#4616);
#4616 = DEFINITIONAL_REPRESENTATION('',(#4617),#4621);
#4617 = LINE('',#4618,#4619);
#4618 = CARTESIAN_POINT('',(32.5,140.));
#4619 = VECTOR('',#4620,1.);
#4620 = DIRECTION('',(0.,1.));
#4621 = ( GEOMETRIC_REPRESENTATION_CONTEXT(2) 
PARAMETRIC_REPRESENTATION_CONTEXT() REPRESENTATION_CONTEXT('2D SPACE',''
  ) );
#4622 = PCURVE('',#4623,#4628);
#4623 = PLANE('',#4624);
#4624 = AXIS2_PLACEMENT_3D('',#4625,#4626,#4627);
#4625 = CARTESIAN_POINT('',(-77.5,70.,7.));
#4626 = DIRECTION('',(1.,0.,-0.));
#4627 = DIRECTION('',(0.,0.,1.));
#4628 = DEFINITIONAL_REPRESENTATION('',(#4629),#4633);
#4629 = LINE('',#4630,#4631);
#4630 = CARTESIAN_POINT('',(56.,0.));
#4631 = VECTOR('',#4632,1.);
#4632 = DIRECTION('',(0.,-1.));
#4633 = ( GEOMETRIC_REPRESENTATION_CONTEXT(2) 
PARAMETRIC_REPRESENTATION_CONTEXT() REPRESENTATION_CONTEXT('2D SPACE',''
  ) );
#4634 = ORIENTED_EDGE('',*,*,#4635,.F.);
#4635 = EDGE_CURVE('',#4636,#4608,#4638,.T.);
#4636 = VERTEX_POINT('',#4637);
#4637 = CARTESIAN_POINT('',(-93.5,70.,63.));
#4638 = SURFACE_CURVE('',#4639,(#4643,#4650),.PCURVE_S1.);
#4639 = LINE('',#4640,#4641);
#4640 = CARTESIAN_POINT('',(-110.,70.,63.));
#4641 = VECTOR('',#4642,1.);
#4642 = DIRECTION('',(1.,0.,-0.));
#4643 = PCURVE('',#2136,#4644);
#4644 = DEFINITIONAL_REPRESENTATION('',(#4645),#4649);
#4645 = LINE('',#4646,#4647);
#4646 = CARTESIAN_POINT('',(0.,140.));
#4647 = VECTOR('',#4648,1.);
#4648 = DIRECTION('',(1.,0.));
#4649 = ( GEOMETRIC_REPRESENTATION_CONTEXT(2) 
PARAMETRIC_REPRESENTATION_CONTEXT() REPRESENTATION_CONTEXT('2D SPACE',''
  ) );
#4650 = PCURVE('',#4651,#4656);
#4651 = PLANE('',#4652);
#4652 = AXIS2_PLACEMENT_3D('',#4653,#4654,#4655);
#4653 = CARTESIAN_POINT('',(-110.,70.,7.));
#4654 = DIRECTION('',(-0.,1.,0.));
#4655 = DIRECTION('',(0.,0.,1.));
#4656 = DEFINITIONAL_REPRESENTATION('',(#4657),#4661);
#4657 = LINE('',#4658,#4659);
#4658 = CARTESIAN_POINT('',(56.,0.));
#4659 = VECTOR('',#4660,1.);
#4660 = DIRECTION('',(0.,1.));
#4661 = ( GEOMETRIC_REPRESENTATION_CONTEXT(2) 
PARAMETRIC_REPRESENTATION_CONTEXT() REPRESENTATION_CONTEXT('2D SPACE',''
  ) );
#4662 = ORIENTED_EDGE('',*,*,#4663,.T.);
#4663 = EDGE_CURVE('',#4636,#4664,#4666,.T.);
#4664 = VERTEX_POINT('',#4665);
#4665 = CARTESIAN_POINT('',(-93.5,84.,63.));
#4666 = SURFACE_CURVE('',#4667,(#4671,#4678),.PCURVE_S1.);
#4667 = LINE('',#4668,#4669);
#4668 = CARTESIAN_POINT('',(-93.5,70.,63.));
#4669 = VECTOR('',#4670,1.);
#4670 = DIRECTION('',(-0.,1.,0.));
#4671 = PCURVE('',#2136,#4672);
#4672 = DEFINITIONAL_REPRESENTATION('',(#4673),#4677);
#4673 = LINE('',#4674,#4675);
#4674 = CARTESIAN_POINT('',(16.5,140.));
#4675 = VECTOR('',#4676,1.);
#4676 = DIRECTION('',(0.,1.));
#4677 = ( GEOMETRIC_REPRESENTATION_CONTEXT(2) 
PARAMETRIC_REPRESENTATION_CONTEXT() REPRESENTATION_CONTEXT('2D SPACE',''
  ) );
#4678 = PCURVE('',#4679,#4684);
#4679 = PLANE('',#4680);
#4680 = AXIS2_PLACEMENT_3D('',#4681,#4682,#4683);
#4681 = CARTESIAN_POINT('',(-93.5,70.,7.));
#4682 = DIRECTION('',(1.,0.,-0.));
#4683 = DIRECTION('',(0.,0.,1.));
#4684 = DEFINITIONAL_REPRESENTATION('',(#4685),#4689);
#4685 = LINE('',#4686,#4687);
#4686 = CARTESIAN_POINT('',(56.,0.));
#4687 = VECTOR('',#4688,1.);
#4688 = DIRECTION('',(0.,-1.));
#4689 = ( GEOMETRIC_REPRESENTATION_CONTEXT(2) 
PARAMETRIC_REPRESENTATION_CONTEXT() REPRESENTATION_CONTEXT('2D SPACE',''
  ) );
#4690 = ORIENTED_EDGE('',*,*,#4691,.F.);
#4691 = EDGE_CURVE('',#4692,#4664,#4694,.T.);
#4692 = VERTEX_POINT('',#4693);
#4693 = CARTESIAN_POINT('',(-96.5,84.,63.));
#4694 = SURFACE_CURVE('',#4695,(#4699,#4706),.PCURVE_S1.);
#4695 = LINE('',#4696,#4697);
#4696 = CARTESIAN_POINT('',(-96.5,84.,63.));
#4697 = VECTOR('',#4698,1.);
#4698 = DIRECTION('',(1.,0.,-0.));
#4699 = PCURVE('',#2136,#4700);
#4700 = DEFINITIONAL_REPRESENTATION('',(#4701),#4705);
#4701 = LINE('',#4702,#4703);
#4702 = CARTESIAN_POINT('',(13.5,154.));
#4703 = VECTOR('',#4704,1.);
#4704 = DIRECTION('',(1.,0.));
#4705 = ( GEOMETRIC_REPRESENTATION_CONTEXT(2) 
PARAMETRIC_REPRESENTATION_CONTEXT() REPRESENTATION_CONTEXT('2D SPACE',''
  ) );
#4706 = PCURVE('',#4707,#4712);
#4707 = PLANE('',#4708);
#4708 = AXIS2_PLACEMENT_3D('',#4709,#4710,#4711);
#4709 = CARTESIAN_POINT('',(-96.5,84.,7.));
#4710 = DIRECTION('',(-0.,1.,0.));
#4711 = DIRECTION('',(0.,0.,1.));
#4712 = DEFINITIONAL_REPRESENTATION('',(#4713),#4717);
#4713 = LINE('',#4714,#4715);
#4714 = CARTESIAN_POINT('',(56.,0.));
#4715 = VECTOR('',#4716,1.);
#4716 = DIRECTION('',(0.,1.));
#4717 = ( GEOMETRIC_REPRESENTATION_CONTEXT(2) 
PARAMETRIC_REPRESENTATION_CONTEXT() REPRESENTATION_CONTEXT('2D SPACE',''
  ) );
#4718 = ORIENTED_EDGE('',*,*,#4719,.F.);
#4719 = EDGE_CURVE('',#4720,#4692,#4722,.T.);
#4720 = VERTEX_POINT('',#4721);
#4721 = CARTESIAN_POINT('',(-96.5,70.,63.));
#4722 = SURFACE_CURVE('',#4723,(#4727,#4734),.PCURVE_S1.);
#4723 = LINE('',#4724,#4725);
#4724 = CARTESIAN_POINT('',(-96.5,70.,63.));
#4725 = VECTOR('',#4726,1.);
#4726 = DIRECTION('',(-0.,1.,0.));
#4727 = PCURVE('',#2136,#4728);
#4728 = DEFINITIONAL_REPRESENTATION('',(#4729),#4733);
#4729 = LINE('',#4730,#4731);
#4730 = CARTESIAN_POINT('',(13.5,140.));
#4731 = VECTOR('',#4732,1.);
#4732 = DIRECTION('',(0.,1.));
#4733 = ( GEOMETRIC_REPRESENTATION_CONTEXT(2) 
PARAMETRIC_REPRESENTATION_CONTEXT() REPRESENTATION_CONTEXT('2D SPACE',''
  ) );
#4734 = PCURVE('',#4735,#4740);
#4735 = PLANE('',#4736);
#4736 = AXIS2_PLACEMENT_3D('',#4737,#4738,#4739);
#4737 = CARTESIAN_POINT('',(-96.5,70.,7.));
#4738 = DIRECTION('',(1.,0.,-0.));
#4739 = DIRECTION('',(0.,0.,1.));
#4740 = DEFINITIONAL_REPRESENTATION('',(#4741),#4745);
#4741 = LINE('',#4742,#4743);
#4742 = CARTESIAN_POINT('',(56.,0.));
#4743 = VECTOR('',#4744,1.);
#4744 = DIRECTION('',(0.,-1.));
#4745 = ( GEOMETRIC_REPRESENTATION_CONTEXT(2) 
PARAMETRIC_REPRESENTATION_CONTEXT() REPRESENTATION_CONTEXT('2D SPACE',''
  ) );
#4746 = ORIENTED_EDGE('',*,*,#4747,.F.);
#4747 = EDGE_CURVE('',#2095,#4720,#4748,.T.);
#4748 = SURFACE_CURVE('',#4749,(#4753,#4760),.PCURVE_S1.);
#4749 = LINE('',#4750,#4751);
#4750 = CARTESIAN_POINT('',(-110.,70.,63.));
#4751 = VECTOR('',#4752,1.);
#4752 = DIRECTION('',(1.,0.,-0.));
#4753 = PCURVE('',#2136,#4754);
#4754 = DEFINITIONAL_REPRESENTATION('',(#4755),#4759);
#4755 = LINE('',#4756,#4757);
#4756 = CARTESIAN_POINT('',(0.,140.));
#4757 = VECTOR('',#4758,1.);
#4758 = DIRECTION('',(1.,0.));
#4759 = ( GEOMETRIC_REPRESENTATION_CONTEXT(2) 
PARAMETRIC_REPRESENTATION_CONTEXT() REPRESENTATION_CONTEXT('2D SPACE',''
  ) );
#4760 = PCURVE('',#2110,#4761);
#4761 = DEFINITIONAL_REPRESENTATION('',(#4762),#4766);
#4762 = LINE('',#4763,#4764);
#4763 = CARTESIAN_POINT('',(56.,0.));
#4764 = VECTOR('',#4765,1.);
#4765 = DIRECTION('',(0.,1.));
#4766 = ( GEOMETRIC_REPRESENTATION_CONTEXT(2) 
PARAMETRIC_REPRESENTATION_CONTEXT() REPRESENTATION_CONTEXT('2D SPACE',''
  ) );
#4767 = FACE_BOUND('',#4768,.T.);
#4768 = EDGE_LOOP('',(#4769));
#4769 = ORIENTED_EDGE('',*,*,#4770,.F.);
#4770 = EDGE_CURVE('',#4771,#4771,#4773,.T.);
#4771 = VERTEX_POINT('',#4772);
#4772 = CARTESIAN_POINT('',(-100.85,-62.5,63.));
#4773 = SURFACE_CURVE('',#4774,(#4779,#4786),.PCURVE_S1.);
#4774 = CIRCLE('',#4775,1.65);
#4775 = AXIS2_PLACEMENT_3D('',#4776,#4777,#4778);
#4776 = CARTESIAN_POINT('',(-102.5,-62.5,63.));
#4777 = DIRECTION('',(0.,0.,1.));
#4778 = DIRECTION('',(1.,0.,-0.));
#4779 = PCURVE('',#2136,#4780);
#4780 = DEFINITIONAL_REPRESENTATION('',(#4781),#4785);
#4781 = CIRCLE('',#4782,1.65);
#4782 = AXIS2_PLACEMENT_2D('',#4783,#4784);
#4783 = CARTESIAN_POINT('',(7.5,7.5));
#4784 = DIRECTION('',(1.,0.));
#4785 = ( GEOMETRIC_REPRESENTATION_CONTEXT(2) 
PARAMETRIC_REPRESENTATION_CONTEXT() REPRESENTATION_CONTEXT('2D SPACE',''
  ) );
#4786 = PCURVE('',#4787,#4792);
#4787 = CYLINDRICAL_SURFACE('',#4788,1.65);
#4788 = AXIS2_PLACEMENT_3D('',#4789,#4790,#4791);
#4789 = CARTESIAN_POINT('',(-102.5,-62.5,6.));
#4790 = DIRECTION('',(0.,0.,1.));
#4791 = DIRECTION('',(1.,0.,-0.));
#4792 = DEFINITIONAL_REPRESENTATION('',(#4793),#4797);
#4793 = LINE('',#4794,#4795);
#4794 = CARTESIAN_POINT('',(0.,57.));
#4795 = VECTOR('',#4796,1.);
#4796 = DIRECTION('',(1.,0.));
#4797 = ( GEOMETRIC_REPRESENTATION_CONTEXT(2) 
PARAMETRIC_REPRESENTATION_CONTEXT() REPRESENTATION_CONTEXT('2D SPACE',''
  ) );
#4798 = FACE_BOUND('',#4799,.T.);
#4799 = EDGE_LOOP('',(#4800));
#4800 = ORIENTED_EDGE('',*,*,#4801,.F.);
#4801 = EDGE_CURVE('',#4802,#4802,#4804,.T.);
#4802 = VERTEX_POINT('',#4803);
#4803 = CARTESIAN_POINT('',(104.15,-62.5,63.));
#4804 = SURFACE_CURVE('',#4805,(#4810,#4817),.PCURVE_S1.);
#4805 = CIRCLE('',#4806,1.65);
#4806 = AXIS2_PLACEMENT_3D('',#4807,#4808,#4809);
#4807 = CARTESIAN_POINT('',(102.5,-62.5,63.));
#4808 = DIRECTION('',(0.,0.,1.));
#4809 = DIRECTION('',(1.,0.,-0.));
#4810 = PCURVE('',#2136,#4811);
#4811 = DEFINITIONAL_REPRESENTATION('',(#4812),#4816);
#4812 = CIRCLE('',#4813,1.65);
#4813 = AXIS2_PLACEMENT_2D('',#4814,#4815);
#4814 = CARTESIAN_POINT('',(212.5,7.5));
#4815 = DIRECTION('',(1.,0.));
#4816 = ( GEOMETRIC_REPRESENTATION_CONTEXT(2) 
PARAMETRIC_REPRESENTATION_CONTEXT() REPRESENTATION_CONTEXT('2D SPACE',''
  ) );
#4817 = PCURVE('',#4818,#4823);
#4818 = CYLINDRICAL_SURFACE('',#4819,1.65);
#4819 = AXIS2_PLACEMENT_3D('',#4820,#4821,#4822);
#4820 = CARTESIAN_POINT('',(102.5,-62.5,6.));
#4821 = DIRECTION('',(0.,0.,1.));
#4822 = DIRECTION('',(1.,0.,-0.));
#4823 = DEFINITIONAL_REPRESENTATION('',(#4824),#4828);
#4824 = LINE('',#4825,#4826);
#4825 = CARTESIAN_POINT('',(0.,57.));
#4826 = VECTOR('',#4827,1.);
#4827 = DIRECTION('',(1.,0.));
#4828 = ( GEOMETRIC_REPRESENTATION_CONTEXT(2) 
PARAMETRIC_REPRESENTATION_CONTEXT() REPRESENTATION_CONTEXT('2D SPACE',''
  ) );
#4829 = FACE_BOUND('',#4830,.T.);
#4830 = EDGE_LOOP('',(#4831,#4860,#4893,#4920,#4953,#4980,#5009,#5036));
#4831 = ORIENTED_EDGE('',*,*,#4832,.T.);
#4832 = EDGE_CURVE('',#4833,#4835,#4837,.T.);
#4833 = VERTEX_POINT('',#4834);
#4834 = CARTESIAN_POINT('',(102.49999996412,-67.,63.));
#4835 = VERTEX_POINT('',#4836);
#4836 = CARTESIAN_POINT('',(-102.5,-67.,63.));
#4837 = SURFACE_CURVE('',#4838,(#4842,#4849),.PCURVE_S1.);
#4838 = LINE('',#4839,#4840);
#4839 = CARTESIAN_POINT('',(-108.5,-67.,63.));
#4840 = VECTOR('',#4841,1.);
#4841 = DIRECTION('',(-1.,-0.,0.));
#4842 = PCURVE('',#2136,#4843);
#4843 = DEFINITIONAL_REPRESENTATION('',(#4844),#4848);
#4844 = LINE('',#4845,#4846);
#4845 = CARTESIAN_POINT('',(1.5,3.));
#4846 = VECTOR('',#4847,1.);
#4847 = DIRECTION('',(-1.,0.));
#4848 = ( GEOMETRIC_REPRESENTATION_CONTEXT(2) 
PARAMETRIC_REPRESENTATION_CONTEXT() REPRESENTATION_CONTEXT('2D SPACE',''
  ) );
#4849 = PCURVE('',#4850,#4855);
#4850 = PLANE('',#4851);
#4851 = AXIS2_PLACEMENT_3D('',#4852,#4853,#4854);
#4852 = CARTESIAN_POINT('',(-107.,-67.,6.));
#4853 = DIRECTION('',(-0.,1.,0.));
#4854 = DIRECTION('',(0.,0.,1.));
#4855 = DEFINITIONAL_REPRESENTATION('',(#4856),#4859);
#4856 = B_SPLINE_CURVE_WITH_KNOTS('',1,(#4857,#4858),.UNSPECIFIED.,.F.,
  .F.,(2,2),(-215.5,-1.5),.PIECEWISE_BEZIER_KNOTS.);
#4857 = CARTESIAN_POINT('',(57.,214.));
#4858 = CARTESIAN_POINT('',(57.,0.));
#4859 = ( GEOMETRIC_REPRESENTATION_CONTEXT(2) 
PARAMETRIC_REPRESENTATION_CONTEXT() REPRESENTATION_CONTEXT('2D SPACE',''
  ) );
#4860 = ORIENTED_EDGE('',*,*,#4861,.F.);
#4861 = EDGE_CURVE('',#4862,#4835,#4864,.T.);
#4862 = VERTEX_POINT('',#4863);
#4863 = CARTESIAN_POINT('',(-107.,-62.5,63.));
#4864 = SURFACE_CURVE('',#4865,(#4870,#4881),.PCURVE_S1.);
#4865 = CIRCLE('',#4866,4.5);
#4866 = AXIS2_PLACEMENT_3D('',#4867,#4868,#4869);
#4867 = CARTESIAN_POINT('',(-102.5,-62.5,63.));
#4868 = DIRECTION('',(0.,0.,-1.));
#4869 = DIRECTION('',(-1.,1.578983857245E-15,0.));
#4870 = PCURVE('',#2136,#4871);
#4871 = DEFINITIONAL_REPRESENTATION('',(#4872),#4880);
#4872 = ( BOUNDED_CURVE() B_SPLINE_CURVE(2,(#4873,#4874,#4875,#4876,
#4877,#4878,#4879),.UNSPECIFIED.,.T.,.F.) B_SPLINE_CURVE_WITH_KNOTS((1,2
    ,2,2,2,1),(-2.094395102393,0.,2.094395102393,4.188790204786,
6.28318530718,8.377580409573),.UNSPECIFIED.) CURVE() 
GEOMETRIC_REPRESENTATION_ITEM() RATIONAL_B_SPLINE_CURVE((1.,0.5,1.,0.5,
1.,0.5,1.)) REPRESENTATION_ITEM('') );
#4873 = CARTESIAN_POINT('',(3.,7.5));
#4874 = CARTESIAN_POINT('',(3.,15.29422863406));
#4875 = CARTESIAN_POINT('',(9.75,11.39711431703));
#4876 = CARTESIAN_POINT('',(16.5,7.5));
#4877 = CARTESIAN_POINT('',(9.75,3.60288568297));
#4878 = CARTESIAN_POINT('',(3.,-0.29422863406));
#4879 = CARTESIAN_POINT('',(3.,7.5));
#4880 = ( GEOMETRIC_REPRESENTATION_CONTEXT(2) 
PARAMETRIC_REPRESENTATION_CONTEXT() REPRESENTATION_CONTEXT('2D SPACE',''
  ) );
#4881 = PCURVE('',#4882,#4887);
#4882 = CYLINDRICAL_SURFACE('',#4883,4.5);
#4883 = AXIS2_PLACEMENT_3D('',#4884,#4885,#4886);
#4884 = CARTESIAN_POINT('',(-102.5,-62.5,7.));
#4885 = DIRECTION('',(0.,0.,1.));
#4886 = DIRECTION('',(1.,0.,-0.));
#4887 = DEFINITIONAL_REPRESENTATION('',(#4888),#4892);
#4888 = LINE('',#4889,#4890);
#4889 = CARTESIAN_POINT('',(9.424777960769,56.));
#4890 = VECTOR('',#4891,1.);
#4891 = DIRECTION('',(-1.,-0.));
#4892 = ( GEOMETRIC_REPRESENTATION_CONTEXT(2) 
PARAMETRIC_REPRESENTATION_CONTEXT() REPRESENTATION_CONTEXT('2D SPACE',''
  ) );
#4893 = ORIENTED_EDGE('',*,*,#4894,.T.);
#4894 = EDGE_CURVE('',#4862,#4895,#4897,.T.);
#4895 = VERTEX_POINT('',#4896);
#4896 = CARTESIAN_POINT('',(-107.,62.499999964123,63.));
#4897 = SURFACE_CURVE('',#4898,(#4902,#4909),.PCURVE_S1.);
#4898 = LINE('',#4899,#4900);
#4899 = CARTESIAN_POINT('',(-107.,-68.5,63.));
#4900 = VECTOR('',#4901,1.);
#4901 = DIRECTION('',(-0.,1.,0.));
#4902 = PCURVE('',#2136,#4903);
#4903 = DEFINITIONAL_REPRESENTATION('',(#4904),#4908);
#4904 = LINE('',#4905,#4906);
#4905 = CARTESIAN_POINT('',(3.,1.5));
#4906 = VECTOR('',#4907,1.);
#4907 = DIRECTION('',(0.,1.));
#4908 = ( GEOMETRIC_REPRESENTATION_CONTEXT(2) 
PARAMETRIC_REPRESENTATION_CONTEXT() REPRESENTATION_CONTEXT('2D SPACE',''
  ) );
#4909 = PCURVE('',#4910,#4915);
#4910 = PLANE('',#4911);
#4911 = AXIS2_PLACEMENT_3D('',#4912,#4913,#4914);
#4912 = CARTESIAN_POINT('',(-107.,-67.,6.));
#4913 = DIRECTION('',(1.,0.,-0.));
#4914 = DIRECTION('',(0.,0.,1.));
#4915 = DEFINITIONAL_REPRESENTATION('',(#4916),#4919);
#4916 = B_SPLINE_CURVE_WITH_KNOTS('',1,(#4917,#4918),.UNSPECIFIED.,.F.,
  .F.,(2,2),(1.5,135.5),.PIECEWISE_BEZIER_KNOTS.);
#4917 = CARTESIAN_POINT('',(57.,0.));
#4918 = CARTESIAN_POINT('',(57.,-134.));
#4919 = ( GEOMETRIC_REPRESENTATION_CONTEXT(2) 
PARAMETRIC_REPRESENTATION_CONTEXT() REPRESENTATION_CONTEXT('2D SPACE',''
  ) );
#4920 = ORIENTED_EDGE('',*,*,#4921,.F.);
#4921 = EDGE_CURVE('',#4922,#4895,#4924,.T.);
#4922 = VERTEX_POINT('',#4923);
#4923 = CARTESIAN_POINT('',(-102.5,67.,63.));
#4924 = SURFACE_CURVE('',#4925,(#4930,#4941),.PCURVE_S1.);
#4925 = CIRCLE('',#4926,4.5);
#4926 = AXIS2_PLACEMENT_3D('',#4927,#4928,#4929);
#4927 = CARTESIAN_POINT('',(-102.5,62.5,63.));
#4928 = DIRECTION('',(0.,0.,-1.));
#4929 = DIRECTION('',(3.157967714489E-14,1.,0.));
#4930 = PCURVE('',#2136,#4931);
#4931 = DEFINITIONAL_REPRESENTATION('',(#4932),#4940);
#4932 = ( BOUNDED_CURVE() B_SPLINE_CURVE(2,(#4933,#4934,#4935,#4936,
#4937,#4938,#4939),.UNSPECIFIED.,.T.,.F.) B_SPLINE_CURVE_WITH_KNOTS((1,2
    ,2,2,2,1),(-2.094395102393,0.,2.094395102393,4.188790204786,
6.28318530718,8.377580409573),.UNSPECIFIED.) CURVE() 
GEOMETRIC_REPRESENTATION_ITEM() RATIONAL_B_SPLINE_CURVE((1.,0.5,1.,0.5,
1.,0.5,1.)) REPRESENTATION_ITEM('') );
#4933 = CARTESIAN_POINT('',(7.5,137.));
#4934 = CARTESIAN_POINT('',(15.29422863406,137.));
#4935 = CARTESIAN_POINT('',(11.39711431703,130.25));
#4936 = CARTESIAN_POINT('',(7.5,123.5));
#4937 = CARTESIAN_POINT('',(3.60288568297,130.25));
#4938 = CARTESIAN_POINT('',(-0.29422863406,137.));
#4939 = CARTESIAN_POINT('',(7.5,137.));
#4940 = ( GEOMETRIC_REPRESENTATION_CONTEXT(2) 
PARAMETRIC_REPRESENTATION_CONTEXT() REPRESENTATION_CONTEXT('2D SPACE',''
  ) );
#4941 = PCURVE('',#4942,#4947);
#4942 = CYLINDRICAL_SURFACE('',#4943,4.5);
#4943 = AXIS2_PLACEMENT_3D('',#4944,#4945,#4946);
#4944 = CARTESIAN_POINT('',(-102.5,62.5,7.));
#4945 = DIRECTION('',(0.,0.,1.));
#4946 = DIRECTION('',(1.,0.,-0.));
#4947 = DEFINITIONAL_REPRESENTATION('',(#4948),#4952);
#4948 = LINE('',#4949,#4950);
#4949 = CARTESIAN_POINT('',(7.853981633974,56.));
#4950 = VECTOR('',#4951,1.);
#4951 = DIRECTION('',(-1.,-0.));
#4952 = ( GEOMETRIC_REPRESENTATION_CONTEXT(2) 
PARAMETRIC_REPRESENTATION_CONTEXT() REPRESENTATION_CONTEXT('2D SPACE',''
  ) );
#4953 = ORIENTED_EDGE('',*,*,#4954,.F.);
#4954 = EDGE_CURVE('',#4955,#4922,#4957,.T.);
#4955 = VERTEX_POINT('',#4956);
#4956 = CARTESIAN_POINT('',(102.5,67.,63.));
#4957 = SURFACE_CURVE('',#4958,(#4962,#4969),.PCURVE_S1.);
#4958 = LINE('',#4959,#4960);
#4959 = CARTESIAN_POINT('',(-108.5,67.,63.));
#4960 = VECTOR('',#4961,1.);
#4961 = DIRECTION('',(-1.,-0.,0.));
#4962 = PCURVE('',#2136,#4963);
#4963 = DEFINITIONAL_REPRESENTATION('',(#4964),#4968);
#4964 = LINE('',#4965,#4966);
#4965 = CARTESIAN_POINT('',(1.5,137.));
#4966 = VECTOR('',#4967,1.);
#4967 = DIRECTION('',(-1.,0.));
#4968 = ( GEOMETRIC_REPRESENTATION_CONTEXT(2) 
PARAMETRIC_REPRESENTATION_CONTEXT() REPRESENTATION_CONTEXT('2D SPACE',''
  ) );
#4969 = PCURVE('',#4970,#4975);
#4970 = PLANE('',#4971);
#4971 = AXIS2_PLACEMENT_3D('',#4972,#4973,#4974);
#4972 = CARTESIAN_POINT('',(-107.,67.,6.));
#4973 = DIRECTION('',(-0.,1.,0.));
#4974 = DIRECTION('',(0.,0.,1.));
#4975 = DEFINITIONAL_REPRESENTATION('',(#4976),#4979);
#4976 = B_SPLINE_CURVE_WITH_KNOTS('',1,(#4977,#4978),.UNSPECIFIED.,.F.,
  .F.,(2,2),(-215.5,-1.5),.PIECEWISE_BEZIER_KNOTS.);
#4977 = CARTESIAN_POINT('',(57.,214.));
#4978 = CARTESIAN_POINT('',(57.,0.));
#4979 = ( GEOMETRIC_REPRESENTATION_CONTEXT(2) 
PARAMETRIC_REPRESENTATION_CONTEXT() REPRESENTATION_CONTEXT('2D SPACE',''
  ) );
#4980 = ORIENTED_EDGE('',*,*,#4981,.T.);
#4981 = EDGE_CURVE('',#4955,#4982,#4984,.T.);
#4982 = VERTEX_POINT('',#4983);
#4983 = CARTESIAN_POINT('',(107.,62.5,63.));
#4984 = SURFACE_CURVE('',#4985,(#4990,#4997),.PCURVE_S1.);
#4985 = CIRCLE('',#4986,4.5);
#4986 = AXIS2_PLACEMENT_3D('',#4987,#4988,#4989);
#4987 = CARTESIAN_POINT('',(102.5,62.5,63.));
#4988 = DIRECTION('',(0.,0.,1.));
#4989 = DIRECTION('',(1.,0.,-0.));
#4990 = PCURVE('',#2136,#4991);
#4991 = DEFINITIONAL_REPRESENTATION('',(#4992),#4996);
#4992 = CIRCLE('',#4993,4.5);
#4993 = AXIS2_PLACEMENT_2D('',#4994,#4995);
#4994 = CARTESIAN_POINT('',(212.5,132.5));
#4995 = DIRECTION('',(1.,0.));
#4996 = ( GEOMETRIC_REPRESENTATION_CONTEXT(2) 
PARAMETRIC_REPRESENTATION_CONTEXT() REPRESENTATION_CONTEXT('2D SPACE',''
  ) );
#4997 = PCURVE('',#4998,#5003);
#4998 = CYLINDRICAL_SURFACE('',#4999,4.5);
#4999 = AXIS2_PLACEMENT_3D('',#5000,#5001,#5002);
#5000 = CARTESIAN_POINT('',(102.5,62.5,7.));
#5001 = DIRECTION('',(0.,0.,1.));
#5002 = DIRECTION('',(1.,0.,-0.));
#5003 = DEFINITIONAL_REPRESENTATION('',(#5004),#5008);
#5004 = LINE('',#5005,#5006);
#5005 = CARTESIAN_POINT('',(0.,56.));
#5006 = VECTOR('',#5007,1.);
#5007 = DIRECTION('',(1.,0.));
#5008 = ( GEOMETRIC_REPRESENTATION_CONTEXT(2) 
PARAMETRIC_REPRESENTATION_CONTEXT() REPRESENTATION_CONTEXT('2D SPACE',''
  ) );
#5009 = ORIENTED_EDGE('',*,*,#5010,.F.);
#5010 = EDGE_CURVE('',#5011,#4982,#5013,.T.);
#5011 = VERTEX_POINT('',#5012);
#5012 = CARTESIAN_POINT('',(107.,-62.5,63.));
#5013 = SURFACE_CURVE('',#5014,(#5018,#5025),.PCURVE_S1.);
#5014 = LINE('',#5015,#5016);
#5015 = CARTESIAN_POINT('',(107.,-68.5,63.));
#5016 = VECTOR('',#5017,1.);
#5017 = DIRECTION('',(-0.,1.,0.));
#5018 = PCURVE('',#2136,#5019);
#5019 = DEFINITIONAL_REPRESENTATION('',(#5020),#5024);
#5020 = LINE('',#5021,#5022);
#5021 = CARTESIAN_POINT('',(217.,1.5));
#5022 = VECTOR('',#5023,1.);
#5023 = DIRECTION('',(0.,1.));
#5024 = ( GEOMETRIC_REPRESENTATION_CONTEXT(2) 
PARAMETRIC_REPRESENTATION_CONTEXT() REPRESENTATION_CONTEXT('2D SPACE',''
  ) );
#5025 = PCURVE('',#5026,#5031);
#5026 = PLANE('',#5027);
#5027 = AXIS2_PLACEMENT_3D('',#5028,#5029,#5030);
#5028 = CARTESIAN_POINT('',(107.,-67.,6.));
#5029 = DIRECTION('',(1.,0.,-0.));
#5030 = DIRECTION('',(0.,0.,1.));
#5031 = DEFINITIONAL_REPRESENTATION('',(#5032),#5035);
#5032 = B_SPLINE_CURVE_WITH_KNOTS('',1,(#5033,#5034),.UNSPECIFIED.,.F.,
  .F.,(2,2),(1.5,135.5),.PIECEWISE_BEZIER_KNOTS.);
#5033 = CARTESIAN_POINT('',(57.,0.));
#5034 = CARTESIAN_POINT('',(57.,-134.));
#5035 = ( GEOMETRIC_REPRESENTATION_CONTEXT(2) 
PARAMETRIC_REPRESENTATION_CONTEXT() REPRESENTATION_CONTEXT('2D SPACE',''
  ) );
#5036 = ORIENTED_EDGE('',*,*,#5037,.T.);
#5037 = EDGE_CURVE('',#5011,#4833,#5038,.T.);
#5038 = SURFACE_CURVE('',#5039,(#5044,#5051),.PCURVE_S1.);
#5039 = CIRCLE('',#5040,4.5);
#5040 = AXIS2_PLACEMENT_3D('',#5041,#5042,#5043);
#5041 = CARTESIAN_POINT('',(102.5,-62.5,63.));
#5042 = DIRECTION('',(0.,0.,1.));
#5043 = DIRECTION('',(1.,0.,-0.));
#5044 = PCURVE('',#2136,#5045);
#5045 = DEFINITIONAL_REPRESENTATION('',(#5046),#5050);
#5046 = CIRCLE('',#5047,4.5);
#5047 = AXIS2_PLACEMENT_2D('',#5048,#5049);
#5048 = CARTESIAN_POINT('',(212.5,7.5));
#5049 = DIRECTION('',(1.,0.));
#5050 = ( GEOMETRIC_REPRESENTATION_CONTEXT(2) 
PARAMETRIC_REPRESENTATION_CONTEXT() REPRESENTATION_CONTEXT('2D SPACE',''
  ) );
#5051 = PCURVE('',#5052,#5057);
#5052 = CYLINDRICAL_SURFACE('',#5053,4.5);
#5053 = AXIS2_PLACEMENT_3D('',#5054,#5055,#5056);
#5054 = CARTESIAN_POINT('',(102.5,-62.5,7.));
#5055 = DIRECTION('',(0.,0.,1.));
#5056 = DIRECTION('',(1.,0.,-0.));
#5057 = DEFINITIONAL_REPRESENTATION('',(#5058),#5062);
#5058 = LINE('',#5059,#5060);
#5059 = CARTESIAN_POINT('',(0.,56.));
#5060 = VECTOR('',#5061,1.);
#5061 = DIRECTION('',(1.,0.));
#5062 = ( GEOMETRIC_REPRESENTATION_CONTEXT(2) 
PARAMETRIC_REPRESENTATION_CONTEXT() REPRESENTATION_CONTEXT('2D SPACE',''
  ) );
#5063 = FACE_BOUND('',#5064,.T.);
#5064 = EDGE_LOOP('',(#5065));
#5065 = ORIENTED_EDGE('',*,*,#5066,.F.);
#5066 = EDGE_CURVE('',#5067,#5067,#5069,.T.);
#5067 = VERTEX_POINT('',#5068);
#5068 = CARTESIAN_POINT('',(-100.85,62.5,63.));
#5069 = SURFACE_CURVE('',#5070,(#5075,#5082),.PCURVE_S1.);
#5070 = CIRCLE('',#5071,1.65);
#5071 = AXIS2_PLACEMENT_3D('',#5072,#5073,#5074);
#5072 = CARTESIAN_POINT('',(-102.5,62.5,63.));
#5073 = DIRECTION('',(0.,0.,1.));
#5074 = DIRECTION('',(1.,0.,-0.));
#5075 = PCURVE('',#2136,#5076);
#5076 = DEFINITIONAL_REPRESENTATION('',(#5077),#5081);
#5077 = CIRCLE('',#5078,1.65);
#5078 = AXIS2_PLACEMENT_2D('',#5079,#5080);
#5079 = CARTESIAN_POINT('',(7.5,132.5));
#5080 = DIRECTION('',(1.,0.));
#5081 = ( GEOMETRIC_REPRESENTATION_CONTEXT(2) 
PARAMETRIC_REPRESENTATION_CONTEXT() REPRESENTATION_CONTEXT('2D SPACE',''
  ) );
#5082 = PCURVE('',#5083,#5088);
#5083 = CYLINDRICAL_SURFACE('',#5084,1.65);
#5084 = AXIS2_PLACEMENT_3D('',#5085,#5086,#5087);
#5085 = CARTESIAN_POINT('',(-102.5,62.5,6.));
#5086 = DIRECTION('',(0.,0.,1.));
#5087 = DIRECTION('',(1.,0.,-0.));
#5088 = DEFINITIONAL_REPRESENTATION('',(#5089),#5093);
#5089 = LINE('',#5090,#5091);
#5090 = CARTESIAN_POINT('',(0.,57.));
#5091 = VECTOR('',#5092,1.);
#5092 = DIRECTION('',(1.,0.));
#5093 = ( GEOMETRIC_REPRESENTATION_CONTEXT(2) 
PARAMETRIC_REPRESENTATION_CONTEXT() REPRESENTATION_CONTEXT('2D SPACE',''
  ) );
#5094 = FACE_BOUND('',#5095,.T.);
#5095 = EDGE_LOOP('',(#5096));
#5096 = ORIENTED_EDGE('',*,*,#5097,.F.);
#5097 = EDGE_CURVE('',#5098,#5098,#5100,.T.);
#5098 = VERTEX_POINT('',#5099);
#5099 = CARTESIAN_POINT('',(104.15,62.5,63.));
#5100 = SURFACE_CURVE('',#5101,(#5106,#5113),.PCURVE_S1.);
#5101 = CIRCLE('',#5102,1.65);
#5102 = AXIS2_PLACEMENT_3D('',#5103,#5104,#5105);
#5103 = CARTESIAN_POINT('',(102.5,62.5,63.));
#5104 = DIRECTION('',(0.,0.,1.));
#5105 = DIRECTION('',(1.,0.,-0.));
#5106 = PCURVE('',#2136,#5107);
#5107 = DEFINITIONAL_REPRESENTATION('',(#5108),#5112);
#5108 = CIRCLE('',#5109,1.65);
#5109 = AXIS2_PLACEMENT_2D('',#5110,#5111);
#5110 = CARTESIAN_POINT('',(212.5,132.5));
#5111 = DIRECTION('',(1.,0.));
#5112 = ( GEOMETRIC_REPRESENTATION_CONTEXT(2) 
PARAMETRIC_REPRESENTATION_CONTEXT() REPRESENTATION_CONTEXT('2D SPACE',''
  ) );
#5113 = PCURVE('',#5114,#5119);
#5114 = CYLINDRICAL_SURFACE('',#5115,1.65);
#5115 = AXIS2_PLACEMENT_3D('',#5116,#5117,#5118);
#5116 = CARTESIAN_POINT('',(102.5,62.5,6.));
#5117 = DIRECTION('',(0.,0.,1.));
#5118 = DIRECTION('',(1.,0.,-0.));
#5119 = DEFINITIONAL_REPRESENTATION('',(#5120),#5124);
#5120 = LINE('',#5121,#5122);
#5121 = CARTESIAN_POINT('',(0.,57.));
#5122 = VECTOR('',#5123,1.);
#5123 = DIRECTION('',(1.,0.));
#5124 = ( GEOMETRIC_REPRESENTATION_CONTEXT(2) 
PARAMETRIC_REPRESENTATION_CONTEXT() REPRESENTATION_CONTEXT('2D SPACE',''
  ) );
#5125 = ADVANCED_FACE('',(#5126,#7198,#7224,#7250,#7436,#7462),#2082,.F.
  );
#5126 = FACE_BOUND('',#5127,.F.);
#5127 = EDGE_LOOP('',(#5128,#5129,#5130,#5153,#5176,#5199,#5222,#5245,
    #5268,#5291,#5314,#5337,#5360,#5383,#5406,#5429,#5452,#5475,#5498,
    #5521,#5544,#5567,#5590,#5613,#5636,#5659,#5682,#5705,#5728,#5751,
    #5774,#5797,#5820,#5843,#5866,#5889,#5912,#5935,#5958,#5981,#6004,
    #6027,#6050,#6073,#6096,#6119,#6142,#6165,#6188,#6211,#6234,#6257,
    #6280,#6303,#6326,#6349,#6372,#6395,#6418,#6441,#6464,#6487,#6510,
    #6533,#6556,#6579,#6602,#6625,#6648,#6671,#6694,#6717,#6740,#6763,
    #6786,#6809,#6832,#6855,#6878,#6901,#6924,#6947,#6970,#6993,#7016,
    #7039,#7062,#7085,#7108,#7131,#7154,#7177));
#5128 = ORIENTED_EDGE('',*,*,#2066,.F.);
#5129 = ORIENTED_EDGE('',*,*,#2182,.T.);
#5130 = ORIENTED_EDGE('',*,*,#5131,.F.);
#5131 = EDGE_CURVE('',#5132,#2183,#5134,.T.);
#5132 = VERTEX_POINT('',#5133);
#5133 = CARTESIAN_POINT('',(-96.5,-84.,7.));
#5134 = SURFACE_CURVE('',#5135,(#5139,#5146),.PCURVE_S1.);
#5135 = LINE('',#5136,#5137);
#5136 = CARTESIAN_POINT('',(-96.5,-84.,7.));
#5137 = VECTOR('',#5138,1.);
#5138 = DIRECTION('',(-0.,1.,0.));
#5139 = PCURVE('',#2082,#5140);
#5140 = DEFINITIONAL_REPRESENTATION('',(#5141),#5145);
#5141 = LINE('',#5142,#5143);
#5142 = CARTESIAN_POINT('',(13.5,-14.));
#5143 = VECTOR('',#5144,1.);
#5144 = DIRECTION('',(0.,1.));
#5145 = ( GEOMETRIC_REPRESENTATION_CONTEXT(2) 
PARAMETRIC_REPRESENTATION_CONTEXT() REPRESENTATION_CONTEXT('2D SPACE',''
  ) );
#5146 = PCURVE('',#2243,#5147);
#5147 = DEFINITIONAL_REPRESENTATION('',(#5148),#5152);
#5148 = LINE('',#5149,#5150);
#5149 = CARTESIAN_POINT('',(0.,0.));
#5150 = VECTOR('',#5151,1.);
#5151 = DIRECTION('',(0.,-1.));
#5152 = ( GEOMETRIC_REPRESENTATION_CONTEXT(2) 
PARAMETRIC_REPRESENTATION_CONTEXT() REPRESENTATION_CONTEXT('2D SPACE',''
  ) );
#5153 = ORIENTED_EDGE('',*,*,#5154,.T.);
#5154 = EDGE_CURVE('',#5132,#5155,#5157,.T.);
#5155 = VERTEX_POINT('',#5156);
#5156 = CARTESIAN_POINT('',(-93.5,-84.,7.));
#5157 = SURFACE_CURVE('',#5158,(#5162,#5169),.PCURVE_S1.);
#5158 = LINE('',#5159,#5160);
#5159 = CARTESIAN_POINT('',(-96.5,-84.,7.));
#5160 = VECTOR('',#5161,1.);
#5161 = DIRECTION('',(1.,0.,-0.));
#5162 = PCURVE('',#2082,#5163);
#5163 = DEFINITIONAL_REPRESENTATION('',(#5164),#5168);
#5164 = LINE('',#5165,#5166);
#5165 = CARTESIAN_POINT('',(13.5,-14.));
#5166 = VECTOR('',#5167,1.);
#5167 = DIRECTION('',(1.,0.));
#5168 = ( GEOMETRIC_REPRESENTATION_CONTEXT(2) 
PARAMETRIC_REPRESENTATION_CONTEXT() REPRESENTATION_CONTEXT('2D SPACE',''
  ) );
#5169 = PCURVE('',#2299,#5170);
#5170 = DEFINITIONAL_REPRESENTATION('',(#5171),#5175);
#5171 = LINE('',#5172,#5173);
#5172 = CARTESIAN_POINT('',(0.,0.));
#5173 = VECTOR('',#5174,1.);
#5174 = DIRECTION('',(0.,1.));
#5175 = ( GEOMETRIC_REPRESENTATION_CONTEXT(2) 
PARAMETRIC_REPRESENTATION_CONTEXT() REPRESENTATION_CONTEXT('2D SPACE',''
  ) );
#5176 = ORIENTED_EDGE('',*,*,#5177,.T.);
#5177 = EDGE_CURVE('',#5155,#5178,#5180,.T.);
#5178 = VERTEX_POINT('',#5179);
#5179 = CARTESIAN_POINT('',(-93.5,-70.,7.));
#5180 = SURFACE_CURVE('',#5181,(#5185,#5192),.PCURVE_S1.);
#5181 = LINE('',#5182,#5183);
#5182 = CARTESIAN_POINT('',(-93.5,-84.,7.));
#5183 = VECTOR('',#5184,1.);
#5184 = DIRECTION('',(-0.,1.,0.));
#5185 = PCURVE('',#2082,#5186);
#5186 = DEFINITIONAL_REPRESENTATION('',(#5187),#5191);
#5187 = LINE('',#5188,#5189);
#5188 = CARTESIAN_POINT('',(16.5,-14.));
#5189 = VECTOR('',#5190,1.);
#5190 = DIRECTION('',(0.,1.));
#5191 = ( GEOMETRIC_REPRESENTATION_CONTEXT(2) 
PARAMETRIC_REPRESENTATION_CONTEXT() REPRESENTATION_CONTEXT('2D SPACE',''
  ) );
#5192 = PCURVE('',#2327,#5193);
#5193 = DEFINITIONAL_REPRESENTATION('',(#5194),#5198);
#5194 = LINE('',#5195,#5196);
#5195 = CARTESIAN_POINT('',(0.,0.));
#5196 = VECTOR('',#5197,1.);
#5197 = DIRECTION('',(0.,-1.));
#5198 = ( GEOMETRIC_REPRESENTATION_CONTEXT(2) 
PARAMETRIC_REPRESENTATION_CONTEXT() REPRESENTATION_CONTEXT('2D SPACE',''
  ) );
#5199 = ORIENTED_EDGE('',*,*,#5200,.T.);
#5200 = EDGE_CURVE('',#5178,#5201,#5203,.T.);
#5201 = VERTEX_POINT('',#5202);
#5202 = CARTESIAN_POINT('',(-77.5,-70.,7.));
#5203 = SURFACE_CURVE('',#5204,(#5208,#5215),.PCURVE_S1.);
#5204 = LINE('',#5205,#5206);
#5205 = CARTESIAN_POINT('',(-110.,-70.,7.));
#5206 = VECTOR('',#5207,1.);
#5207 = DIRECTION('',(1.,0.,-0.));
#5208 = PCURVE('',#2082,#5209);
#5209 = DEFINITIONAL_REPRESENTATION('',(#5210),#5214);
#5210 = LINE('',#5211,#5212);
#5211 = CARTESIAN_POINT('',(0.,0.));
#5212 = VECTOR('',#5213,1.);
#5213 = DIRECTION('',(1.,0.));
#5214 = ( GEOMETRIC_REPRESENTATION_CONTEXT(2) 
PARAMETRIC_REPRESENTATION_CONTEXT() REPRESENTATION_CONTEXT('2D SPACE',''
  ) );
#5215 = PCURVE('',#2355,#5216);
#5216 = DEFINITIONAL_REPRESENTATION('',(#5217),#5221);
#5217 = LINE('',#5218,#5219);
#5218 = CARTESIAN_POINT('',(0.,0.));
#5219 = VECTOR('',#5220,1.);
#5220 = DIRECTION('',(0.,1.));
#5221 = ( GEOMETRIC_REPRESENTATION_CONTEXT(2) 
PARAMETRIC_REPRESENTATION_CONTEXT() REPRESENTATION_CONTEXT('2D SPACE',''
  ) );
#5222 = ORIENTED_EDGE('',*,*,#5223,.F.);
#5223 = EDGE_CURVE('',#5224,#5201,#5226,.T.);
#5224 = VERTEX_POINT('',#5225);
#5225 = CARTESIAN_POINT('',(-77.5,-84.,7.));
#5226 = SURFACE_CURVE('',#5227,(#5231,#5238),.PCURVE_S1.);
#5227 = LINE('',#5228,#5229);
#5228 = CARTESIAN_POINT('',(-77.5,-84.,7.));
#5229 = VECTOR('',#5230,1.);
#5230 = DIRECTION('',(-0.,1.,0.));
#5231 = PCURVE('',#2082,#5232);
#5232 = DEFINITIONAL_REPRESENTATION('',(#5233),#5237);
#5233 = LINE('',#5234,#5235);
#5234 = CARTESIAN_POINT('',(32.5,-14.));
#5235 = VECTOR('',#5236,1.);
#5236 = DIRECTION('',(0.,1.));
#5237 = ( GEOMETRIC_REPRESENTATION_CONTEXT(2) 
PARAMETRIC_REPRESENTATION_CONTEXT() REPRESENTATION_CONTEXT('2D SPACE',''
  ) );
#5238 = PCURVE('',#2383,#5239);
#5239 = DEFINITIONAL_REPRESENTATION('',(#5240),#5244);
#5240 = LINE('',#5241,#5242);
#5241 = CARTESIAN_POINT('',(0.,0.));
#5242 = VECTOR('',#5243,1.);
#5243 = DIRECTION('',(0.,-1.));
#5244 = ( GEOMETRIC_REPRESENTATION_CONTEXT(2) 
PARAMETRIC_REPRESENTATION_CONTEXT() REPRESENTATION_CONTEXT('2D SPACE',''
  ) );
#5245 = ORIENTED_EDGE('',*,*,#5246,.T.);
#5246 = EDGE_CURVE('',#5224,#5247,#5249,.T.);
#5247 = VERTEX_POINT('',#5248);
#5248 = CARTESIAN_POINT('',(-74.5,-84.,7.));
#5249 = SURFACE_CURVE('',#5250,(#5254,#5261),.PCURVE_S1.);
#5250 = LINE('',#5251,#5252);
#5251 = CARTESIAN_POINT('',(-77.5,-84.,7.));
#5252 = VECTOR('',#5253,1.);
#5253 = DIRECTION('',(1.,0.,-0.));
#5254 = PCURVE('',#2082,#5255);
#5255 = DEFINITIONAL_REPRESENTATION('',(#5256),#5260);
#5256 = LINE('',#5257,#5258);
#5257 = CARTESIAN_POINT('',(32.5,-14.));
#5258 = VECTOR('',#5259,1.);
#5259 = DIRECTION('',(1.,0.));
#5260 = ( GEOMETRIC_REPRESENTATION_CONTEXT(2) 
PARAMETRIC_REPRESENTATION_CONTEXT() REPRESENTATION_CONTEXT('2D SPACE',''
  ) );
#5261 = PCURVE('',#2411,#5262);
#5262 = DEFINITIONAL_REPRESENTATION('',(#5263),#5267);
#5263 = LINE('',#5264,#5265);
#5264 = CARTESIAN_POINT('',(0.,0.));
#5265 = VECTOR('',#5266,1.);
#5266 = DIRECTION('',(0.,1.));
#5267 = ( GEOMETRIC_REPRESENTATION_CONTEXT(2) 
PARAMETRIC_REPRESENTATION_CONTEXT() REPRESENTATION_CONTEXT('2D SPACE',''
  ) );
#5268 = ORIENTED_EDGE('',*,*,#5269,.T.);
#5269 = EDGE_CURVE('',#5247,#5270,#5272,.T.);
#5270 = VERTEX_POINT('',#5271);
#5271 = CARTESIAN_POINT('',(-74.5,-70.,7.));
#5272 = SURFACE_CURVE('',#5273,(#5277,#5284),.PCURVE_S1.);
#5273 = LINE('',#5274,#5275);
#5274 = CARTESIAN_POINT('',(-74.5,-84.,7.));
#5275 = VECTOR('',#5276,1.);
#5276 = DIRECTION('',(-0.,1.,0.));
#5277 = PCURVE('',#2082,#5278);
#5278 = DEFINITIONAL_REPRESENTATION('',(#5279),#5283);
#5279 = LINE('',#5280,#5281);
#5280 = CARTESIAN_POINT('',(35.5,-14.));
#5281 = VECTOR('',#5282,1.);
#5282 = DIRECTION('',(0.,1.));
#5283 = ( GEOMETRIC_REPRESENTATION_CONTEXT(2) 
PARAMETRIC_REPRESENTATION_CONTEXT() REPRESENTATION_CONTEXT('2D SPACE',''
  ) );
#5284 = PCURVE('',#2439,#5285);
#5285 = DEFINITIONAL_REPRESENTATION('',(#5286),#5290);
#5286 = LINE('',#5287,#5288);
#5287 = CARTESIAN_POINT('',(0.,0.));
#5288 = VECTOR('',#5289,1.);
#5289 = DIRECTION('',(0.,-1.));
#5290 = ( GEOMETRIC_REPRESENTATION_CONTEXT(2) 
PARAMETRIC_REPRESENTATION_CONTEXT() REPRESENTATION_CONTEXT('2D SPACE',''
  ) );
#5291 = ORIENTED_EDGE('',*,*,#5292,.T.);
#5292 = EDGE_CURVE('',#5270,#5293,#5295,.T.);
#5293 = VERTEX_POINT('',#5294);
#5294 = CARTESIAN_POINT('',(-58.5,-70.,7.));
#5295 = SURFACE_CURVE('',#5296,(#5300,#5307),.PCURVE_S1.);
#5296 = LINE('',#5297,#5298);
#5297 = CARTESIAN_POINT('',(-110.,-70.,7.));
#5298 = VECTOR('',#5299,1.);
#5299 = DIRECTION('',(1.,0.,-0.));
#5300 = PCURVE('',#2082,#5301);
#5301 = DEFINITIONAL_REPRESENTATION('',(#5302),#5306);
#5302 = LINE('',#5303,#5304);
#5303 = CARTESIAN_POINT('',(0.,0.));
#5304 = VECTOR('',#5305,1.);
#5305 = DIRECTION('',(1.,0.));
#5306 = ( GEOMETRIC_REPRESENTATION_CONTEXT(2) 
PARAMETRIC_REPRESENTATION_CONTEXT() REPRESENTATION_CONTEXT('2D SPACE',''
  ) );
#5307 = PCURVE('',#2467,#5308);
#5308 = DEFINITIONAL_REPRESENTATION('',(#5309),#5313);
#5309 = LINE('',#5310,#5311);
#5310 = CARTESIAN_POINT('',(0.,0.));
#5311 = VECTOR('',#5312,1.);
#5312 = DIRECTION('',(0.,1.));
#5313 = ( GEOMETRIC_REPRESENTATION_CONTEXT(2) 
PARAMETRIC_REPRESENTATION_CONTEXT() REPRESENTATION_CONTEXT('2D SPACE',''
  ) );
#5314 = ORIENTED_EDGE('',*,*,#5315,.F.);
#5315 = EDGE_CURVE('',#5316,#5293,#5318,.T.);
#5316 = VERTEX_POINT('',#5317);
#5317 = CARTESIAN_POINT('',(-58.5,-84.,7.));
#5318 = SURFACE_CURVE('',#5319,(#5323,#5330),.PCURVE_S1.);
#5319 = LINE('',#5320,#5321);
#5320 = CARTESIAN_POINT('',(-58.5,-84.,7.));
#5321 = VECTOR('',#5322,1.);
#5322 = DIRECTION('',(-0.,1.,0.));
#5323 = PCURVE('',#2082,#5324);
#5324 = DEFINITIONAL_REPRESENTATION('',(#5325),#5329);
#5325 = LINE('',#5326,#5327);
#5326 = CARTESIAN_POINT('',(51.5,-14.));
#5327 = VECTOR('',#5328,1.);
#5328 = DIRECTION('',(0.,1.));
#5329 = ( GEOMETRIC_REPRESENTATION_CONTEXT(2) 
PARAMETRIC_REPRESENTATION_CONTEXT() REPRESENTATION_CONTEXT('2D SPACE',''
  ) );
#5330 = PCURVE('',#2495,#5331);
#5331 = DEFINITIONAL_REPRESENTATION('',(#5332),#5336);
#5332 = LINE('',#5333,#5334);
#5333 = CARTESIAN_POINT('',(0.,0.));
#5334 = VECTOR('',#5335,1.);
#5335 = DIRECTION('',(0.,-1.));
#5336 = ( GEOMETRIC_REPRESENTATION_CONTEXT(2) 
PARAMETRIC_REPRESENTATION_CONTEXT() REPRESENTATION_CONTEXT('2D SPACE',''
  ) );
#5337 = ORIENTED_EDGE('',*,*,#5338,.T.);
#5338 = EDGE_CURVE('',#5316,#5339,#5341,.T.);
#5339 = VERTEX_POINT('',#5340);
#5340 = CARTESIAN_POINT('',(-55.5,-84.,7.));
#5341 = SURFACE_CURVE('',#5342,(#5346,#5353),.PCURVE_S1.);
#5342 = LINE('',#5343,#5344);
#5343 = CARTESIAN_POINT('',(-58.5,-84.,7.));
#5344 = VECTOR('',#5345,1.);
#5345 = DIRECTION('',(1.,0.,-0.));
#5346 = PCURVE('',#2082,#5347);
#5347 = DEFINITIONAL_REPRESENTATION('',(#5348),#5352);
#5348 = LINE('',#5349,#5350);
#5349 = CARTESIAN_POINT('',(51.5,-14.));
#5350 = VECTOR('',#5351,1.);
#5351 = DIRECTION('',(1.,0.));
#5352 = ( GEOMETRIC_REPRESENTATION_CONTEXT(2) 
PARAMETRIC_REPRESENTATION_CONTEXT() REPRESENTATION_CONTEXT('2D SPACE',''
  ) );
#5353 = PCURVE('',#2523,#5354);
#5354 = DEFINITIONAL_REPRESENTATION('',(#5355),#5359);
#5355 = LINE('',#5356,#5357);
#5356 = CARTESIAN_POINT('',(0.,0.));
#5357 = VECTOR('',#5358,1.);
#5358 = DIRECTION('',(0.,1.));
#5359 = ( GEOMETRIC_REPRESENTATION_CONTEXT(2) 
PARAMETRIC_REPRESENTATION_CONTEXT() REPRESENTATION_CONTEXT('2D SPACE',''
  ) );
#5360 = ORIENTED_EDGE('',*,*,#5361,.T.);
#5361 = EDGE_CURVE('',#5339,#5362,#5364,.T.);
#5362 = VERTEX_POINT('',#5363);
#5363 = CARTESIAN_POINT('',(-55.5,-70.,7.));
#5364 = SURFACE_CURVE('',#5365,(#5369,#5376),.PCURVE_S1.);
#5365 = LINE('',#5366,#5367);
#5366 = CARTESIAN_POINT('',(-55.5,-84.,7.));
#5367 = VECTOR('',#5368,1.);
#5368 = DIRECTION('',(-0.,1.,0.));
#5369 = PCURVE('',#2082,#5370);
#5370 = DEFINITIONAL_REPRESENTATION('',(#5371),#5375);
#5371 = LINE('',#5372,#5373);
#5372 = CARTESIAN_POINT('',(54.5,-14.));
#5373 = VECTOR('',#5374,1.);
#5374 = DIRECTION('',(0.,1.));
#5375 = ( GEOMETRIC_REPRESENTATION_CONTEXT(2) 
PARAMETRIC_REPRESENTATION_CONTEXT() REPRESENTATION_CONTEXT('2D SPACE',''
  ) );
#5376 = PCURVE('',#2551,#5377);
#5377 = DEFINITIONAL_REPRESENTATION('',(#5378),#5382);
#5378 = LINE('',#5379,#5380);
#5379 = CARTESIAN_POINT('',(0.,0.));
#5380 = VECTOR('',#5381,1.);
#5381 = DIRECTION('',(0.,-1.));
#5382 = ( GEOMETRIC_REPRESENTATION_CONTEXT(2) 
PARAMETRIC_REPRESENTATION_CONTEXT() REPRESENTATION_CONTEXT('2D SPACE',''
  ) );
#5383 = ORIENTED_EDGE('',*,*,#5384,.T.);
#5384 = EDGE_CURVE('',#5362,#5385,#5387,.T.);
#5385 = VERTEX_POINT('',#5386);
#5386 = CARTESIAN_POINT('',(-39.5,-70.,7.));
#5387 = SURFACE_CURVE('',#5388,(#5392,#5399),.PCURVE_S1.);
#5388 = LINE('',#5389,#5390);
#5389 = CARTESIAN_POINT('',(-110.,-70.,7.));
#5390 = VECTOR('',#5391,1.);
#5391 = DIRECTION('',(1.,0.,-0.));
#5392 = PCURVE('',#2082,#5393);
#5393 = DEFINITIONAL_REPRESENTATION('',(#5394),#5398);
#5394 = LINE('',#5395,#5396);
#5395 = CARTESIAN_POINT('',(0.,0.));
#5396 = VECTOR('',#5397,1.);
#5397 = DIRECTION('',(1.,0.));
#5398 = ( GEOMETRIC_REPRESENTATION_CONTEXT(2) 
PARAMETRIC_REPRESENTATION_CONTEXT() REPRESENTATION_CONTEXT('2D SPACE',''
  ) );
#5399 = PCURVE('',#2579,#5400);
#5400 = DEFINITIONAL_REPRESENTATION('',(#5401),#5405);
#5401 = LINE('',#5402,#5403);
#5402 = CARTESIAN_POINT('',(0.,0.));
#5403 = VECTOR('',#5404,1.);
#5404 = DIRECTION('',(0.,1.));
#5405 = ( GEOMETRIC_REPRESENTATION_CONTEXT(2) 
PARAMETRIC_REPRESENTATION_CONTEXT() REPRESENTATION_CONTEXT('2D SPACE',''
  ) );
#5406 = ORIENTED_EDGE('',*,*,#5407,.F.);
#5407 = EDGE_CURVE('',#5408,#5385,#5410,.T.);
#5408 = VERTEX_POINT('',#5409);
#5409 = CARTESIAN_POINT('',(-39.5,-84.,7.));
#5410 = SURFACE_CURVE('',#5411,(#5415,#5422),.PCURVE_S1.);
#5411 = LINE('',#5412,#5413);
#5412 = CARTESIAN_POINT('',(-39.5,-84.,7.));
#5413 = VECTOR('',#5414,1.);
#5414 = DIRECTION('',(-0.,1.,0.));
#5415 = PCURVE('',#2082,#5416);
#5416 = DEFINITIONAL_REPRESENTATION('',(#5417),#5421);
#5417 = LINE('',#5418,#5419);
#5418 = CARTESIAN_POINT('',(70.5,-14.));
#5419 = VECTOR('',#5420,1.);
#5420 = DIRECTION('',(0.,1.));
#5421 = ( GEOMETRIC_REPRESENTATION_CONTEXT(2) 
PARAMETRIC_REPRESENTATION_CONTEXT() REPRESENTATION_CONTEXT('2D SPACE',''
  ) );
#5422 = PCURVE('',#2607,#5423);
#5423 = DEFINITIONAL_REPRESENTATION('',(#5424),#5428);
#5424 = LINE('',#5425,#5426);
#5425 = CARTESIAN_POINT('',(0.,0.));
#5426 = VECTOR('',#5427,1.);
#5427 = DIRECTION('',(0.,-1.));
#5428 = ( GEOMETRIC_REPRESENTATION_CONTEXT(2) 
PARAMETRIC_REPRESENTATION_CONTEXT() REPRESENTATION_CONTEXT('2D SPACE',''
  ) );
#5429 = ORIENTED_EDGE('',*,*,#5430,.T.);
#5430 = EDGE_CURVE('',#5408,#5431,#5433,.T.);
#5431 = VERTEX_POINT('',#5432);
#5432 = CARTESIAN_POINT('',(-36.5,-84.,7.));
#5433 = SURFACE_CURVE('',#5434,(#5438,#5445),.PCURVE_S1.);
#5434 = LINE('',#5435,#5436);
#5435 = CARTESIAN_POINT('',(-39.5,-84.,7.));
#5436 = VECTOR('',#5437,1.);
#5437 = DIRECTION('',(1.,0.,-0.));
#5438 = PCURVE('',#2082,#5439);
#5439 = DEFINITIONAL_REPRESENTATION('',(#5440),#5444);
#5440 = LINE('',#5441,#5442);
#5441 = CARTESIAN_POINT('',(70.5,-14.));
#5442 = VECTOR('',#5443,1.);
#5443 = DIRECTION('',(1.,0.));
#5444 = ( GEOMETRIC_REPRESENTATION_CONTEXT(2) 
PARAMETRIC_REPRESENTATION_CONTEXT() REPRESENTATION_CONTEXT('2D SPACE',''
  ) );
#5445 = PCURVE('',#2635,#5446);
#5446 = DEFINITIONAL_REPRESENTATION('',(#5447),#5451);
#5447 = LINE('',#5448,#5449);
#5448 = CARTESIAN_POINT('',(0.,0.));
#5449 = VECTOR('',#5450,1.);
#5450 = DIRECTION('',(0.,1.));
#5451 = ( GEOMETRIC_REPRESENTATION_CONTEXT(2) 
PARAMETRIC_REPRESENTATION_CONTEXT() REPRESENTATION_CONTEXT('2D SPACE',''
  ) );
#5452 = ORIENTED_EDGE('',*,*,#5453,.T.);
#5453 = EDGE_CURVE('',#5431,#5454,#5456,.T.);
#5454 = VERTEX_POINT('',#5455);
#5455 = CARTESIAN_POINT('',(-36.5,-70.,7.));
#5456 = SURFACE_CURVE('',#5457,(#5461,#5468),.PCURVE_S1.);
#5457 = LINE('',#5458,#5459);
#5458 = CARTESIAN_POINT('',(-36.5,-84.,7.));
#5459 = VECTOR('',#5460,1.);
#5460 = DIRECTION('',(-0.,1.,0.));
#5461 = PCURVE('',#2082,#5462);
#5462 = DEFINITIONAL_REPRESENTATION('',(#5463),#5467);
#5463 = LINE('',#5464,#5465);
#5464 = CARTESIAN_POINT('',(73.5,-14.));
#5465 = VECTOR('',#5466,1.);
#5466 = DIRECTION('',(0.,1.));
#5467 = ( GEOMETRIC_REPRESENTATION_CONTEXT(2) 
PARAMETRIC_REPRESENTATION_CONTEXT() REPRESENTATION_CONTEXT('2D SPACE',''
  ) );
#5468 = PCURVE('',#2663,#5469);
#5469 = DEFINITIONAL_REPRESENTATION('',(#5470),#5474);
#5470 = LINE('',#5471,#5472);
#5471 = CARTESIAN_POINT('',(0.,0.));
#5472 = VECTOR('',#5473,1.);
#5473 = DIRECTION('',(0.,-1.));
#5474 = ( GEOMETRIC_REPRESENTATION_CONTEXT(2) 
PARAMETRIC_REPRESENTATION_CONTEXT() REPRESENTATION_CONTEXT('2D SPACE',''
  ) );
#5475 = ORIENTED_EDGE('',*,*,#5476,.T.);
#5476 = EDGE_CURVE('',#5454,#5477,#5479,.T.);
#5477 = VERTEX_POINT('',#5478);
#5478 = CARTESIAN_POINT('',(-20.5,-70.,7.));
#5479 = SURFACE_CURVE('',#5480,(#5484,#5491),.PCURVE_S1.);
#5480 = LINE('',#5481,#5482);
#5481 = CARTESIAN_POINT('',(-110.,-70.,7.));
#5482 = VECTOR('',#5483,1.);
#5483 = DIRECTION('',(1.,0.,-0.));
#5484 = PCURVE('',#2082,#5485);
#5485 = DEFINITIONAL_REPRESENTATION('',(#5486),#5490);
#5486 = LINE('',#5487,#5488);
#5487 = CARTESIAN_POINT('',(0.,0.));
#5488 = VECTOR('',#5489,1.);
#5489 = DIRECTION('',(1.,0.));
#5490 = ( GEOMETRIC_REPRESENTATION_CONTEXT(2) 
PARAMETRIC_REPRESENTATION_CONTEXT() REPRESENTATION_CONTEXT('2D SPACE',''
  ) );
#5491 = PCURVE('',#2691,#5492);
#5492 = DEFINITIONAL_REPRESENTATION('',(#5493),#5497);
#5493 = LINE('',#5494,#5495);
#5494 = CARTESIAN_POINT('',(0.,0.));
#5495 = VECTOR('',#5496,1.);
#5496 = DIRECTION('',(0.,1.));
#5497 = ( GEOMETRIC_REPRESENTATION_CONTEXT(2) 
PARAMETRIC_REPRESENTATION_CONTEXT() REPRESENTATION_CONTEXT('2D SPACE',''
  ) );
#5498 = ORIENTED_EDGE('',*,*,#5499,.F.);
#5499 = EDGE_CURVE('',#5500,#5477,#5502,.T.);
#5500 = VERTEX_POINT('',#5501);
#5501 = CARTESIAN_POINT('',(-20.5,-84.,7.));
#5502 = SURFACE_CURVE('',#5503,(#5507,#5514),.PCURVE_S1.);
#5503 = LINE('',#5504,#5505);
#5504 = CARTESIAN_POINT('',(-20.5,-84.,7.));
#5505 = VECTOR('',#5506,1.);
#5506 = DIRECTION('',(-0.,1.,0.));
#5507 = PCURVE('',#2082,#5508);
#5508 = DEFINITIONAL_REPRESENTATION('',(#5509),#5513);
#5509 = LINE('',#5510,#5511);
#5510 = CARTESIAN_POINT('',(89.5,-14.));
#5511 = VECTOR('',#5512,1.);
#5512 = DIRECTION('',(0.,1.));
#5513 = ( GEOMETRIC_REPRESENTATION_CONTEXT(2) 
PARAMETRIC_REPRESENTATION_CONTEXT() REPRESENTATION_CONTEXT('2D SPACE',''
  ) );
#5514 = PCURVE('',#2719,#5515);
#5515 = DEFINITIONAL_REPRESENTATION('',(#5516),#5520);
#5516 = LINE('',#5517,#5518);
#5517 = CARTESIAN_POINT('',(0.,0.));
#5518 = VECTOR('',#5519,1.);
#5519 = DIRECTION('',(0.,-1.));
#5520 = ( GEOMETRIC_REPRESENTATION_CONTEXT(2) 
PARAMETRIC_REPRESENTATION_CONTEXT() REPRESENTATION_CONTEXT('2D SPACE',''
  ) );
#5521 = ORIENTED_EDGE('',*,*,#5522,.T.);
#5522 = EDGE_CURVE('',#5500,#5523,#5525,.T.);
#5523 = VERTEX_POINT('',#5524);
#5524 = CARTESIAN_POINT('',(-17.5,-84.,7.));
#5525 = SURFACE_CURVE('',#5526,(#5530,#5537),.PCURVE_S1.);
#5526 = LINE('',#5527,#5528);
#5527 = CARTESIAN_POINT('',(-20.5,-84.,7.));
#5528 = VECTOR('',#5529,1.);
#5529 = DIRECTION('',(1.,0.,-0.));
#5530 = PCURVE('',#2082,#5531);
#5531 = DEFINITIONAL_REPRESENTATION('',(#5532),#5536);
#5532 = LINE('',#5533,#5534);
#5533 = CARTESIAN_POINT('',(89.5,-14.));
#5534 = VECTOR('',#5535,1.);
#5535 = DIRECTION('',(1.,0.));
#5536 = ( GEOMETRIC_REPRESENTATION_CONTEXT(2) 
PARAMETRIC_REPRESENTATION_CONTEXT() REPRESENTATION_CONTEXT('2D SPACE',''
  ) );
#5537 = PCURVE('',#2747,#5538);
#5538 = DEFINITIONAL_REPRESENTATION('',(#5539),#5543);
#5539 = LINE('',#5540,#5541);
#5540 = CARTESIAN_POINT('',(0.,0.));
#5541 = VECTOR('',#5542,1.);
#5542 = DIRECTION('',(0.,1.));
#5543 = ( GEOMETRIC_REPRESENTATION_CONTEXT(2) 
PARAMETRIC_REPRESENTATION_CONTEXT() REPRESENTATION_CONTEXT('2D SPACE',''
  ) );
#5544 = ORIENTED_EDGE('',*,*,#5545,.T.);
#5545 = EDGE_CURVE('',#5523,#5546,#5548,.T.);
#5546 = VERTEX_POINT('',#5547);
#5547 = CARTESIAN_POINT('',(-17.5,-70.,7.));
#5548 = SURFACE_CURVE('',#5549,(#5553,#5560),.PCURVE_S1.);
#5549 = LINE('',#5550,#5551);
#5550 = CARTESIAN_POINT('',(-17.5,-84.,7.));
#5551 = VECTOR('',#5552,1.);
#5552 = DIRECTION('',(-0.,1.,0.));
#5553 = PCURVE('',#2082,#5554);
#5554 = DEFINITIONAL_REPRESENTATION('',(#5555),#5559);
#5555 = LINE('',#5556,#5557);
#5556 = CARTESIAN_POINT('',(92.5,-14.));
#5557 = VECTOR('',#5558,1.);
#5558 = DIRECTION('',(0.,1.));
#5559 = ( GEOMETRIC_REPRESENTATION_CONTEXT(2) 
PARAMETRIC_REPRESENTATION_CONTEXT() REPRESENTATION_CONTEXT('2D SPACE',''
  ) );
#5560 = PCURVE('',#2775,#5561);
#5561 = DEFINITIONAL_REPRESENTATION('',(#5562),#5566);
#5562 = LINE('',#5563,#5564);
#5563 = CARTESIAN_POINT('',(0.,0.));
#5564 = VECTOR('',#5565,1.);
#5565 = DIRECTION('',(0.,-1.));
#5566 = ( GEOMETRIC_REPRESENTATION_CONTEXT(2) 
PARAMETRIC_REPRESENTATION_CONTEXT() REPRESENTATION_CONTEXT('2D SPACE',''
  ) );
#5567 = ORIENTED_EDGE('',*,*,#5568,.T.);
#5568 = EDGE_CURVE('',#5546,#5569,#5571,.T.);
#5569 = VERTEX_POINT('',#5570);
#5570 = CARTESIAN_POINT('',(-1.5,-70.,7.));
#5571 = SURFACE_CURVE('',#5572,(#5576,#5583),.PCURVE_S1.);
#5572 = LINE('',#5573,#5574);
#5573 = CARTESIAN_POINT('',(-110.,-70.,7.));
#5574 = VECTOR('',#5575,1.);
#5575 = DIRECTION('',(1.,0.,-0.));
#5576 = PCURVE('',#2082,#5577);
#5577 = DEFINITIONAL_REPRESENTATION('',(#5578),#5582);
#5578 = LINE('',#5579,#5580);
#5579 = CARTESIAN_POINT('',(0.,0.));
#5580 = VECTOR('',#5581,1.);
#5581 = DIRECTION('',(1.,0.));
#5582 = ( GEOMETRIC_REPRESENTATION_CONTEXT(2) 
PARAMETRIC_REPRESENTATION_CONTEXT() REPRESENTATION_CONTEXT('2D SPACE',''
  ) );
#5583 = PCURVE('',#2803,#5584);
#5584 = DEFINITIONAL_REPRESENTATION('',(#5585),#5589);
#5585 = LINE('',#5586,#5587);
#5586 = CARTESIAN_POINT('',(0.,0.));
#5587 = VECTOR('',#5588,1.);
#5588 = DIRECTION('',(0.,1.));
#5589 = ( GEOMETRIC_REPRESENTATION_CONTEXT(2) 
PARAMETRIC_REPRESENTATION_CONTEXT() REPRESENTATION_CONTEXT('2D SPACE',''
  ) );
#5590 = ORIENTED_EDGE('',*,*,#5591,.F.);
#5591 = EDGE_CURVE('',#5592,#5569,#5594,.T.);
#5592 = VERTEX_POINT('',#5593);
#5593 = CARTESIAN_POINT('',(-1.5,-84.,7.));
#5594 = SURFACE_CURVE('',#5595,(#5599,#5606),.PCURVE_S1.);
#5595 = LINE('',#5596,#5597);
#5596 = CARTESIAN_POINT('',(-1.5,-84.,7.));
#5597 = VECTOR('',#5598,1.);
#5598 = DIRECTION('',(-0.,1.,0.));
#5599 = PCURVE('',#2082,#5600);
#5600 = DEFINITIONAL_REPRESENTATION('',(#5601),#5605);
#5601 = LINE('',#5602,#5603);
#5602 = CARTESIAN_POINT('',(108.5,-14.));
#5603 = VECTOR('',#5604,1.);
#5604 = DIRECTION('',(0.,1.));
#5605 = ( GEOMETRIC_REPRESENTATION_CONTEXT(2) 
PARAMETRIC_REPRESENTATION_CONTEXT() REPRESENTATION_CONTEXT('2D SPACE',''
  ) );
#5606 = PCURVE('',#2831,#5607);
#5607 = DEFINITIONAL_REPRESENTATION('',(#5608),#5612);
#5608 = LINE('',#5609,#5610);
#5609 = CARTESIAN_POINT('',(0.,0.));
#5610 = VECTOR('',#5611,1.);
#5611 = DIRECTION('',(0.,-1.));
#5612 = ( GEOMETRIC_REPRESENTATION_CONTEXT(2) 
PARAMETRIC_REPRESENTATION_CONTEXT() REPRESENTATION_CONTEXT('2D SPACE',''
  ) );
#5613 = ORIENTED_EDGE('',*,*,#5614,.T.);
#5614 = EDGE_CURVE('',#5592,#5615,#5617,.T.);
#5615 = VERTEX_POINT('',#5616);
#5616 = CARTESIAN_POINT('',(1.5,-84.,7.));
#5617 = SURFACE_CURVE('',#5618,(#5622,#5629),.PCURVE_S1.);
#5618 = LINE('',#5619,#5620);
#5619 = CARTESIAN_POINT('',(-1.5,-84.,7.));
#5620 = VECTOR('',#5621,1.);
#5621 = DIRECTION('',(1.,0.,-0.));
#5622 = PCURVE('',#2082,#5623);
#5623 = DEFINITIONAL_REPRESENTATION('',(#5624),#5628);
#5624 = LINE('',#5625,#5626);
#5625 = CARTESIAN_POINT('',(108.5,-14.));
#5626 = VECTOR('',#5627,1.);
#5627 = DIRECTION('',(1.,0.));
#5628 = ( GEOMETRIC_REPRESENTATION_CONTEXT(2) 
PARAMETRIC_REPRESENTATION_CONTEXT() REPRESENTATION_CONTEXT('2D SPACE',''
  ) );
#5629 = PCURVE('',#2859,#5630);
#5630 = DEFINITIONAL_REPRESENTATION('',(#5631),#5635);
#5631 = LINE('',#5632,#5633);
#5632 = CARTESIAN_POINT('',(0.,0.));
#5633 = VECTOR('',#5634,1.);
#5634 = DIRECTION('',(0.,1.));
#5635 = ( GEOMETRIC_REPRESENTATION_CONTEXT(2) 
PARAMETRIC_REPRESENTATION_CONTEXT() REPRESENTATION_CONTEXT('2D SPACE',''
  ) );
#5636 = ORIENTED_EDGE('',*,*,#5637,.T.);
#5637 = EDGE_CURVE('',#5615,#5638,#5640,.T.);
#5638 = VERTEX_POINT('',#5639);
#5639 = CARTESIAN_POINT('',(1.5,-70.,7.));
#5640 = SURFACE_CURVE('',#5641,(#5645,#5652),.PCURVE_S1.);
#5641 = LINE('',#5642,#5643);
#5642 = CARTESIAN_POINT('',(1.5,-84.,7.));
#5643 = VECTOR('',#5644,1.);
#5644 = DIRECTION('',(-0.,1.,0.));
#5645 = PCURVE('',#2082,#5646);
#5646 = DEFINITIONAL_REPRESENTATION('',(#5647),#5651);
#5647 = LINE('',#5648,#5649);
#5648 = CARTESIAN_POINT('',(111.5,-14.));
#5649 = VECTOR('',#5650,1.);
#5650 = DIRECTION('',(0.,1.));
#5651 = ( GEOMETRIC_REPRESENTATION_CONTEXT(2) 
PARAMETRIC_REPRESENTATION_CONTEXT() REPRESENTATION_CONTEXT('2D SPACE',''
  ) );
#5652 = PCURVE('',#2887,#5653);
#5653 = DEFINITIONAL_REPRESENTATION('',(#5654),#5658);
#5654 = LINE('',#5655,#5656);
#5655 = CARTESIAN_POINT('',(0.,0.));
#5656 = VECTOR('',#5657,1.);
#5657 = DIRECTION('',(0.,-1.));
#5658 = ( GEOMETRIC_REPRESENTATION_CONTEXT(2) 
PARAMETRIC_REPRESENTATION_CONTEXT() REPRESENTATION_CONTEXT('2D SPACE',''
  ) );
#5659 = ORIENTED_EDGE('',*,*,#5660,.T.);
#5660 = EDGE_CURVE('',#5638,#5661,#5663,.T.);
#5661 = VERTEX_POINT('',#5662);
#5662 = CARTESIAN_POINT('',(17.5,-70.,7.));
#5663 = SURFACE_CURVE('',#5664,(#5668,#5675),.PCURVE_S1.);
#5664 = LINE('',#5665,#5666);
#5665 = CARTESIAN_POINT('',(-110.,-70.,7.));
#5666 = VECTOR('',#5667,1.);
#5667 = DIRECTION('',(1.,0.,-0.));
#5668 = PCURVE('',#2082,#5669);
#5669 = DEFINITIONAL_REPRESENTATION('',(#5670),#5674);
#5670 = LINE('',#5671,#5672);
#5671 = CARTESIAN_POINT('',(0.,0.));
#5672 = VECTOR('',#5673,1.);
#5673 = DIRECTION('',(1.,0.));
#5674 = ( GEOMETRIC_REPRESENTATION_CONTEXT(2) 
PARAMETRIC_REPRESENTATION_CONTEXT() REPRESENTATION_CONTEXT('2D SPACE',''
  ) );
#5675 = PCURVE('',#2915,#5676);
#5676 = DEFINITIONAL_REPRESENTATION('',(#5677),#5681);
#5677 = LINE('',#5678,#5679);
#5678 = CARTESIAN_POINT('',(0.,0.));
#5679 = VECTOR('',#5680,1.);
#5680 = DIRECTION('',(0.,1.));
#5681 = ( GEOMETRIC_REPRESENTATION_CONTEXT(2) 
PARAMETRIC_REPRESENTATION_CONTEXT() REPRESENTATION_CONTEXT('2D SPACE',''
  ) );
#5682 = ORIENTED_EDGE('',*,*,#5683,.F.);
#5683 = EDGE_CURVE('',#5684,#5661,#5686,.T.);
#5684 = VERTEX_POINT('',#5685);
#5685 = CARTESIAN_POINT('',(17.5,-84.,7.));
#5686 = SURFACE_CURVE('',#5687,(#5691,#5698),.PCURVE_S1.);
#5687 = LINE('',#5688,#5689);
#5688 = CARTESIAN_POINT('',(17.5,-84.,7.));
#5689 = VECTOR('',#5690,1.);
#5690 = DIRECTION('',(-0.,1.,0.));
#5691 = PCURVE('',#2082,#5692);
#5692 = DEFINITIONAL_REPRESENTATION('',(#5693),#5697);
#5693 = LINE('',#5694,#5695);
#5694 = CARTESIAN_POINT('',(127.5,-14.));
#5695 = VECTOR('',#5696,1.);
#5696 = DIRECTION('',(0.,1.));
#5697 = ( GEOMETRIC_REPRESENTATION_CONTEXT(2) 
PARAMETRIC_REPRESENTATION_CONTEXT() REPRESENTATION_CONTEXT('2D SPACE',''
  ) );
#5698 = PCURVE('',#2943,#5699);
#5699 = DEFINITIONAL_REPRESENTATION('',(#5700),#5704);
#5700 = LINE('',#5701,#5702);
#5701 = CARTESIAN_POINT('',(0.,0.));
#5702 = VECTOR('',#5703,1.);
#5703 = DIRECTION('',(0.,-1.));
#5704 = ( GEOMETRIC_REPRESENTATION_CONTEXT(2) 
PARAMETRIC_REPRESENTATION_CONTEXT() REPRESENTATION_CONTEXT('2D SPACE',''
  ) );
#5705 = ORIENTED_EDGE('',*,*,#5706,.T.);
#5706 = EDGE_CURVE('',#5684,#5707,#5709,.T.);
#5707 = VERTEX_POINT('',#5708);
#5708 = CARTESIAN_POINT('',(20.5,-84.,7.));
#5709 = SURFACE_CURVE('',#5710,(#5714,#5721),.PCURVE_S1.);
#5710 = LINE('',#5711,#5712);
#5711 = CARTESIAN_POINT('',(17.5,-84.,7.));
#5712 = VECTOR('',#5713,1.);
#5713 = DIRECTION('',(1.,0.,-0.));
#5714 = PCURVE('',#2082,#5715);
#5715 = DEFINITIONAL_REPRESENTATION('',(#5716),#5720);
#5716 = LINE('',#5717,#5718);
#5717 = CARTESIAN_POINT('',(127.5,-14.));
#5718 = VECTOR('',#5719,1.);
#5719 = DIRECTION('',(1.,0.));
#5720 = ( GEOMETRIC_REPRESENTATION_CONTEXT(2) 
PARAMETRIC_REPRESENTATION_CONTEXT() REPRESENTATION_CONTEXT('2D SPACE',''
  ) );
#5721 = PCURVE('',#2971,#5722);
#5722 = DEFINITIONAL_REPRESENTATION('',(#5723),#5727);
#5723 = LINE('',#5724,#5725);
#5724 = CARTESIAN_POINT('',(0.,0.));
#5725 = VECTOR('',#5726,1.);
#5726 = DIRECTION('',(0.,1.));
#5727 = ( GEOMETRIC_REPRESENTATION_CONTEXT(2) 
PARAMETRIC_REPRESENTATION_CONTEXT() REPRESENTATION_CONTEXT('2D SPACE',''
  ) );
#5728 = ORIENTED_EDGE('',*,*,#5729,.T.);
#5729 = EDGE_CURVE('',#5707,#5730,#5732,.T.);
#5730 = VERTEX_POINT('',#5731);
#5731 = CARTESIAN_POINT('',(20.5,-70.,7.));
#5732 = SURFACE_CURVE('',#5733,(#5737,#5744),.PCURVE_S1.);
#5733 = LINE('',#5734,#5735);
#5734 = CARTESIAN_POINT('',(20.5,-84.,7.));
#5735 = VECTOR('',#5736,1.);
#5736 = DIRECTION('',(-0.,1.,0.));
#5737 = PCURVE('',#2082,#5738);
#5738 = DEFINITIONAL_REPRESENTATION('',(#5739),#5743);
#5739 = LINE('',#5740,#5741);
#5740 = CARTESIAN_POINT('',(130.5,-14.));
#5741 = VECTOR('',#5742,1.);
#5742 = DIRECTION('',(0.,1.));
#5743 = ( GEOMETRIC_REPRESENTATION_CONTEXT(2) 
PARAMETRIC_REPRESENTATION_CONTEXT() REPRESENTATION_CONTEXT('2D SPACE',''
  ) );
#5744 = PCURVE('',#2999,#5745);
#5745 = DEFINITIONAL_REPRESENTATION('',(#5746),#5750);
#5746 = LINE('',#5747,#5748);
#5747 = CARTESIAN_POINT('',(0.,0.));
#5748 = VECTOR('',#5749,1.);
#5749 = DIRECTION('',(0.,-1.));
#5750 = ( GEOMETRIC_REPRESENTATION_CONTEXT(2) 
PARAMETRIC_REPRESENTATION_CONTEXT() REPRESENTATION_CONTEXT('2D SPACE',''
  ) );
#5751 = ORIENTED_EDGE('',*,*,#5752,.T.);
#5752 = EDGE_CURVE('',#5730,#5753,#5755,.T.);
#5753 = VERTEX_POINT('',#5754);
#5754 = CARTESIAN_POINT('',(36.5,-70.,7.));
#5755 = SURFACE_CURVE('',#5756,(#5760,#5767),.PCURVE_S1.);
#5756 = LINE('',#5757,#5758);
#5757 = CARTESIAN_POINT('',(-110.,-70.,7.));
#5758 = VECTOR('',#5759,1.);
#5759 = DIRECTION('',(1.,0.,-0.));
#5760 = PCURVE('',#2082,#5761);
#5761 = DEFINITIONAL_REPRESENTATION('',(#5762),#5766);
#5762 = LINE('',#5763,#5764);
#5763 = CARTESIAN_POINT('',(0.,0.));
#5764 = VECTOR('',#5765,1.);
#5765 = DIRECTION('',(1.,0.));
#5766 = ( GEOMETRIC_REPRESENTATION_CONTEXT(2) 
PARAMETRIC_REPRESENTATION_CONTEXT() REPRESENTATION_CONTEXT('2D SPACE',''
  ) );
#5767 = PCURVE('',#3027,#5768);
#5768 = DEFINITIONAL_REPRESENTATION('',(#5769),#5773);
#5769 = LINE('',#5770,#5771);
#5770 = CARTESIAN_POINT('',(0.,0.));
#5771 = VECTOR('',#5772,1.);
#5772 = DIRECTION('',(0.,1.));
#5773 = ( GEOMETRIC_REPRESENTATION_CONTEXT(2) 
PARAMETRIC_REPRESENTATION_CONTEXT() REPRESENTATION_CONTEXT('2D SPACE',''
  ) );
#5774 = ORIENTED_EDGE('',*,*,#5775,.F.);
#5775 = EDGE_CURVE('',#5776,#5753,#5778,.T.);
#5776 = VERTEX_POINT('',#5777);
#5777 = CARTESIAN_POINT('',(36.5,-84.,7.));
#5778 = SURFACE_CURVE('',#5779,(#5783,#5790),.PCURVE_S1.);
#5779 = LINE('',#5780,#5781);
#5780 = CARTESIAN_POINT('',(36.5,-84.,7.));
#5781 = VECTOR('',#5782,1.);
#5782 = DIRECTION('',(-0.,1.,0.));
#5783 = PCURVE('',#2082,#5784);
#5784 = DEFINITIONAL_REPRESENTATION('',(#5785),#5789);
#5785 = LINE('',#5786,#5787);
#5786 = CARTESIAN_POINT('',(146.5,-14.));
#5787 = VECTOR('',#5788,1.);
#5788 = DIRECTION('',(0.,1.));
#5789 = ( GEOMETRIC_REPRESENTATION_CONTEXT(2) 
PARAMETRIC_REPRESENTATION_CONTEXT() REPRESENTATION_CONTEXT('2D SPACE',''
  ) );
#5790 = PCURVE('',#3055,#5791);
#5791 = DEFINITIONAL_REPRESENTATION('',(#5792),#5796);
#5792 = LINE('',#5793,#5794);
#5793 = CARTESIAN_POINT('',(0.,0.));
#5794 = VECTOR('',#5795,1.);
#5795 = DIRECTION('',(0.,-1.));
#5796 = ( GEOMETRIC_REPRESENTATION_CONTEXT(2) 
PARAMETRIC_REPRESENTATION_CONTEXT() REPRESENTATION_CONTEXT('2D SPACE',''
  ) );
#5797 = ORIENTED_EDGE('',*,*,#5798,.T.);
#5798 = EDGE_CURVE('',#5776,#5799,#5801,.T.);
#5799 = VERTEX_POINT('',#5800);
#5800 = CARTESIAN_POINT('',(39.5,-84.,7.));
#5801 = SURFACE_CURVE('',#5802,(#5806,#5813),.PCURVE_S1.);
#5802 = LINE('',#5803,#5804);
#5803 = CARTESIAN_POINT('',(36.5,-84.,7.));
#5804 = VECTOR('',#5805,1.);
#5805 = DIRECTION('',(1.,0.,-0.));
#5806 = PCURVE('',#2082,#5807);
#5807 = DEFINITIONAL_REPRESENTATION('',(#5808),#5812);
#5808 = LINE('',#5809,#5810);
#5809 = CARTESIAN_POINT('',(146.5,-14.));
#5810 = VECTOR('',#5811,1.);
#5811 = DIRECTION('',(1.,0.));
#5812 = ( GEOMETRIC_REPRESENTATION_CONTEXT(2) 
PARAMETRIC_REPRESENTATION_CONTEXT() REPRESENTATION_CONTEXT('2D SPACE',''
  ) );
#5813 = PCURVE('',#3083,#5814);
#5814 = DEFINITIONAL_REPRESENTATION('',(#5815),#5819);
#5815 = LINE('',#5816,#5817);
#5816 = CARTESIAN_POINT('',(0.,0.));
#5817 = VECTOR('',#5818,1.);
#5818 = DIRECTION('',(0.,1.));
#5819 = ( GEOMETRIC_REPRESENTATION_CONTEXT(2) 
PARAMETRIC_REPRESENTATION_CONTEXT() REPRESENTATION_CONTEXT('2D SPACE',''
  ) );
#5820 = ORIENTED_EDGE('',*,*,#5821,.T.);
#5821 = EDGE_CURVE('',#5799,#5822,#5824,.T.);
#5822 = VERTEX_POINT('',#5823);
#5823 = CARTESIAN_POINT('',(39.5,-70.,7.));
#5824 = SURFACE_CURVE('',#5825,(#5829,#5836),.PCURVE_S1.);
#5825 = LINE('',#5826,#5827);
#5826 = CARTESIAN_POINT('',(39.5,-84.,7.));
#5827 = VECTOR('',#5828,1.);
#5828 = DIRECTION('',(-0.,1.,0.));
#5829 = PCURVE('',#2082,#5830);
#5830 = DEFINITIONAL_REPRESENTATION('',(#5831),#5835);
#5831 = LINE('',#5832,#5833);
#5832 = CARTESIAN_POINT('',(149.5,-14.));
#5833 = VECTOR('',#5834,1.);
#5834 = DIRECTION('',(0.,1.));
#5835 = ( GEOMETRIC_REPRESENTATION_CONTEXT(2) 
PARAMETRIC_REPRESENTATION_CONTEXT() REPRESENTATION_CONTEXT('2D SPACE',''
  ) );
#5836 = PCURVE('',#3111,#5837);
#5837 = DEFINITIONAL_REPRESENTATION('',(#5838),#5842);
#5838 = LINE('',#5839,#5840);
#5839 = CARTESIAN_POINT('',(0.,0.));
#5840 = VECTOR('',#5841,1.);
#5841 = DIRECTION('',(0.,-1.));
#5842 = ( GEOMETRIC_REPRESENTATION_CONTEXT(2) 
PARAMETRIC_REPRESENTATION_CONTEXT() REPRESENTATION_CONTEXT('2D SPACE',''
  ) );
#5843 = ORIENTED_EDGE('',*,*,#5844,.T.);
#5844 = EDGE_CURVE('',#5822,#5845,#5847,.T.);
#5845 = VERTEX_POINT('',#5846);
#5846 = CARTESIAN_POINT('',(55.5,-70.,7.));
#5847 = SURFACE_CURVE('',#5848,(#5852,#5859),.PCURVE_S1.);
#5848 = LINE('',#5849,#5850);
#5849 = CARTESIAN_POINT('',(-110.,-70.,7.));
#5850 = VECTOR('',#5851,1.);
#5851 = DIRECTION('',(1.,0.,-0.));
#5852 = PCURVE('',#2082,#5853);
#5853 = DEFINITIONAL_REPRESENTATION('',(#5854),#5858);
#5854 = LINE('',#5855,#5856);
#5855 = CARTESIAN_POINT('',(0.,0.));
#5856 = VECTOR('',#5857,1.);
#5857 = DIRECTION('',(1.,0.));
#5858 = ( GEOMETRIC_REPRESENTATION_CONTEXT(2) 
PARAMETRIC_REPRESENTATION_CONTEXT() REPRESENTATION_CONTEXT('2D SPACE',''
  ) );
#5859 = PCURVE('',#3139,#5860);
#5860 = DEFINITIONAL_REPRESENTATION('',(#5861),#5865);
#5861 = LINE('',#5862,#5863);
#5862 = CARTESIAN_POINT('',(0.,0.));
#5863 = VECTOR('',#5864,1.);
#5864 = DIRECTION('',(0.,1.));
#5865 = ( GEOMETRIC_REPRESENTATION_CONTEXT(2) 
PARAMETRIC_REPRESENTATION_CONTEXT() REPRESENTATION_CONTEXT('2D SPACE',''
  ) );
#5866 = ORIENTED_EDGE('',*,*,#5867,.F.);
#5867 = EDGE_CURVE('',#5868,#5845,#5870,.T.);
#5868 = VERTEX_POINT('',#5869);
#5869 = CARTESIAN_POINT('',(55.5,-84.,7.));
#5870 = SURFACE_CURVE('',#5871,(#5875,#5882),.PCURVE_S1.);
#5871 = LINE('',#5872,#5873);
#5872 = CARTESIAN_POINT('',(55.5,-84.,7.));
#5873 = VECTOR('',#5874,1.);
#5874 = DIRECTION('',(-0.,1.,0.));
#5875 = PCURVE('',#2082,#5876);
#5876 = DEFINITIONAL_REPRESENTATION('',(#5877),#5881);
#5877 = LINE('',#5878,#5879);
#5878 = CARTESIAN_POINT('',(165.5,-14.));
#5879 = VECTOR('',#5880,1.);
#5880 = DIRECTION('',(0.,1.));
#5881 = ( GEOMETRIC_REPRESENTATION_CONTEXT(2) 
PARAMETRIC_REPRESENTATION_CONTEXT() REPRESENTATION_CONTEXT('2D SPACE',''
  ) );
#5882 = PCURVE('',#3167,#5883);
#5883 = DEFINITIONAL_REPRESENTATION('',(#5884),#5888);
#5884 = LINE('',#5885,#5886);
#5885 = CARTESIAN_POINT('',(0.,0.));
#5886 = VECTOR('',#5887,1.);
#5887 = DIRECTION('',(0.,-1.));
#5888 = ( GEOMETRIC_REPRESENTATION_CONTEXT(2) 
PARAMETRIC_REPRESENTATION_CONTEXT() REPRESENTATION_CONTEXT('2D SPACE',''
  ) );
#5889 = ORIENTED_EDGE('',*,*,#5890,.T.);
#5890 = EDGE_CURVE('',#5868,#5891,#5893,.T.);
#5891 = VERTEX_POINT('',#5892);
#5892 = CARTESIAN_POINT('',(58.5,-84.,7.));
#5893 = SURFACE_CURVE('',#5894,(#5898,#5905),.PCURVE_S1.);
#5894 = LINE('',#5895,#5896);
#5895 = CARTESIAN_POINT('',(55.5,-84.,7.));
#5896 = VECTOR('',#5897,1.);
#5897 = DIRECTION('',(1.,0.,-0.));
#5898 = PCURVE('',#2082,#5899);
#5899 = DEFINITIONAL_REPRESENTATION('',(#5900),#5904);
#5900 = LINE('',#5901,#5902);
#5901 = CARTESIAN_POINT('',(165.5,-14.));
#5902 = VECTOR('',#5903,1.);
#5903 = DIRECTION('',(1.,0.));
#5904 = ( GEOMETRIC_REPRESENTATION_CONTEXT(2) 
PARAMETRIC_REPRESENTATION_CONTEXT() REPRESENTATION_CONTEXT('2D SPACE',''
  ) );
#5905 = PCURVE('',#3195,#5906);
#5906 = DEFINITIONAL_REPRESENTATION('',(#5907),#5911);
#5907 = LINE('',#5908,#5909);
#5908 = CARTESIAN_POINT('',(0.,0.));
#5909 = VECTOR('',#5910,1.);
#5910 = DIRECTION('',(0.,1.));
#5911 = ( GEOMETRIC_REPRESENTATION_CONTEXT(2) 
PARAMETRIC_REPRESENTATION_CONTEXT() REPRESENTATION_CONTEXT('2D SPACE',''
  ) );
#5912 = ORIENTED_EDGE('',*,*,#5913,.T.);
#5913 = EDGE_CURVE('',#5891,#5914,#5916,.T.);
#5914 = VERTEX_POINT('',#5915);
#5915 = CARTESIAN_POINT('',(58.5,-70.,7.));
#5916 = SURFACE_CURVE('',#5917,(#5921,#5928),.PCURVE_S1.);
#5917 = LINE('',#5918,#5919);
#5918 = CARTESIAN_POINT('',(58.5,-84.,7.));
#5919 = VECTOR('',#5920,1.);
#5920 = DIRECTION('',(-0.,1.,0.));
#5921 = PCURVE('',#2082,#5922);
#5922 = DEFINITIONAL_REPRESENTATION('',(#5923),#5927);
#5923 = LINE('',#5924,#5925);
#5924 = CARTESIAN_POINT('',(168.5,-14.));
#5925 = VECTOR('',#5926,1.);
#5926 = DIRECTION('',(0.,1.));
#5927 = ( GEOMETRIC_REPRESENTATION_CONTEXT(2) 
PARAMETRIC_REPRESENTATION_CONTEXT() REPRESENTATION_CONTEXT('2D SPACE',''
  ) );
#5928 = PCURVE('',#3223,#5929);
#5929 = DEFINITIONAL_REPRESENTATION('',(#5930),#5934);
#5930 = LINE('',#5931,#5932);
#5931 = CARTESIAN_POINT('',(0.,0.));
#5932 = VECTOR('',#5933,1.);
#5933 = DIRECTION('',(0.,-1.));
#5934 = ( GEOMETRIC_REPRESENTATION_CONTEXT(2) 
PARAMETRIC_REPRESENTATION_CONTEXT() REPRESENTATION_CONTEXT('2D SPACE',''
  ) );
#5935 = ORIENTED_EDGE('',*,*,#5936,.T.);
#5936 = EDGE_CURVE('',#5914,#5937,#5939,.T.);
#5937 = VERTEX_POINT('',#5938);
#5938 = CARTESIAN_POINT('',(74.5,-70.,7.));
#5939 = SURFACE_CURVE('',#5940,(#5944,#5951),.PCURVE_S1.);
#5940 = LINE('',#5941,#5942);
#5941 = CARTESIAN_POINT('',(-110.,-70.,7.));
#5942 = VECTOR('',#5943,1.);
#5943 = DIRECTION('',(1.,0.,-0.));
#5944 = PCURVE('',#2082,#5945);
#5945 = DEFINITIONAL_REPRESENTATION('',(#5946),#5950);
#5946 = LINE('',#5947,#5948);
#5947 = CARTESIAN_POINT('',(0.,0.));
#5948 = VECTOR('',#5949,1.);
#5949 = DIRECTION('',(1.,0.));
#5950 = ( GEOMETRIC_REPRESENTATION_CONTEXT(2) 
PARAMETRIC_REPRESENTATION_CONTEXT() REPRESENTATION_CONTEXT('2D SPACE',''
  ) );
#5951 = PCURVE('',#3251,#5952);
#5952 = DEFINITIONAL_REPRESENTATION('',(#5953),#5957);
#5953 = LINE('',#5954,#5955);
#5954 = CARTESIAN_POINT('',(0.,0.));
#5955 = VECTOR('',#5956,1.);
#5956 = DIRECTION('',(0.,1.));
#5957 = ( GEOMETRIC_REPRESENTATION_CONTEXT(2) 
PARAMETRIC_REPRESENTATION_CONTEXT() REPRESENTATION_CONTEXT('2D SPACE',''
  ) );
#5958 = ORIENTED_EDGE('',*,*,#5959,.F.);
#5959 = EDGE_CURVE('',#5960,#5937,#5962,.T.);
#5960 = VERTEX_POINT('',#5961);
#5961 = CARTESIAN_POINT('',(74.5,-84.,7.));
#5962 = SURFACE_CURVE('',#5963,(#5967,#5974),.PCURVE_S1.);
#5963 = LINE('',#5964,#5965);
#5964 = CARTESIAN_POINT('',(74.5,-84.,7.));
#5965 = VECTOR('',#5966,1.);
#5966 = DIRECTION('',(-0.,1.,0.));
#5967 = PCURVE('',#2082,#5968);
#5968 = DEFINITIONAL_REPRESENTATION('',(#5969),#5973);
#5969 = LINE('',#5970,#5971);
#5970 = CARTESIAN_POINT('',(184.5,-14.));
#5971 = VECTOR('',#5972,1.);
#5972 = DIRECTION('',(0.,1.));
#5973 = ( GEOMETRIC_REPRESENTATION_CONTEXT(2) 
PARAMETRIC_REPRESENTATION_CONTEXT() REPRESENTATION_CONTEXT('2D SPACE',''
  ) );
#5974 = PCURVE('',#3279,#5975);
#5975 = DEFINITIONAL_REPRESENTATION('',(#5976),#5980);
#5976 = LINE('',#5977,#5978);
#5977 = CARTESIAN_POINT('',(0.,0.));
#5978 = VECTOR('',#5979,1.);
#5979 = DIRECTION('',(0.,-1.));
#5980 = ( GEOMETRIC_REPRESENTATION_CONTEXT(2) 
PARAMETRIC_REPRESENTATION_CONTEXT() REPRESENTATION_CONTEXT('2D SPACE',''
  ) );
#5981 = ORIENTED_EDGE('',*,*,#5982,.T.);
#5982 = EDGE_CURVE('',#5960,#5983,#5985,.T.);
#5983 = VERTEX_POINT('',#5984);
#5984 = CARTESIAN_POINT('',(77.5,-84.,7.));
#5985 = SURFACE_CURVE('',#5986,(#5990,#5997),.PCURVE_S1.);
#5986 = LINE('',#5987,#5988);
#5987 = CARTESIAN_POINT('',(74.5,-84.,7.));
#5988 = VECTOR('',#5989,1.);
#5989 = DIRECTION('',(1.,0.,-0.));
#5990 = PCURVE('',#2082,#5991);
#5991 = DEFINITIONAL_REPRESENTATION('',(#5992),#5996);
#5992 = LINE('',#5993,#5994);
#5993 = CARTESIAN_POINT('',(184.5,-14.));
#5994 = VECTOR('',#5995,1.);
#5995 = DIRECTION('',(1.,0.));
#5996 = ( GEOMETRIC_REPRESENTATION_CONTEXT(2) 
PARAMETRIC_REPRESENTATION_CONTEXT() REPRESENTATION_CONTEXT('2D SPACE',''
  ) );
#5997 = PCURVE('',#3307,#5998);
#5998 = DEFINITIONAL_REPRESENTATION('',(#5999),#6003);
#5999 = LINE('',#6000,#6001);
#6000 = CARTESIAN_POINT('',(0.,0.));
#6001 = VECTOR('',#6002,1.);
#6002 = DIRECTION('',(0.,1.));
#6003 = ( GEOMETRIC_REPRESENTATION_CONTEXT(2) 
PARAMETRIC_REPRESENTATION_CONTEXT() REPRESENTATION_CONTEXT('2D SPACE',''
  ) );
#6004 = ORIENTED_EDGE('',*,*,#6005,.T.);
#6005 = EDGE_CURVE('',#5983,#6006,#6008,.T.);
#6006 = VERTEX_POINT('',#6007);
#6007 = CARTESIAN_POINT('',(77.5,-70.,7.));
#6008 = SURFACE_CURVE('',#6009,(#6013,#6020),.PCURVE_S1.);
#6009 = LINE('',#6010,#6011);
#6010 = CARTESIAN_POINT('',(77.5,-84.,7.));
#6011 = VECTOR('',#6012,1.);
#6012 = DIRECTION('',(-0.,1.,0.));
#6013 = PCURVE('',#2082,#6014);
#6014 = DEFINITIONAL_REPRESENTATION('',(#6015),#6019);
#6015 = LINE('',#6016,#6017);
#6016 = CARTESIAN_POINT('',(187.5,-14.));
#6017 = VECTOR('',#6018,1.);
#6018 = DIRECTION('',(0.,1.));
#6019 = ( GEOMETRIC_REPRESENTATION_CONTEXT(2) 
PARAMETRIC_REPRESENTATION_CONTEXT() REPRESENTATION_CONTEXT('2D SPACE',''
  ) );
#6020 = PCURVE('',#3335,#6021);
#6021 = DEFINITIONAL_REPRESENTATION('',(#6022),#6026);
#6022 = LINE('',#6023,#6024);
#6023 = CARTESIAN_POINT('',(0.,0.));
#6024 = VECTOR('',#6025,1.);
#6025 = DIRECTION('',(0.,-1.));
#6026 = ( GEOMETRIC_REPRESENTATION_CONTEXT(2) 
PARAMETRIC_REPRESENTATION_CONTEXT() REPRESENTATION_CONTEXT('2D SPACE',''
  ) );
#6027 = ORIENTED_EDGE('',*,*,#6028,.T.);
#6028 = EDGE_CURVE('',#6006,#6029,#6031,.T.);
#6029 = VERTEX_POINT('',#6030);
#6030 = CARTESIAN_POINT('',(93.5,-70.,7.));
#6031 = SURFACE_CURVE('',#6032,(#6036,#6043),.PCURVE_S1.);
#6032 = LINE('',#6033,#6034);
#6033 = CARTESIAN_POINT('',(-110.,-70.,7.));
#6034 = VECTOR('',#6035,1.);
#6035 = DIRECTION('',(1.,0.,-0.));
#6036 = PCURVE('',#2082,#6037);
#6037 = DEFINITIONAL_REPRESENTATION('',(#6038),#6042);
#6038 = LINE('',#6039,#6040);
#6039 = CARTESIAN_POINT('',(0.,0.));
#6040 = VECTOR('',#6041,1.);
#6041 = DIRECTION('',(1.,0.));
#6042 = ( GEOMETRIC_REPRESENTATION_CONTEXT(2) 
PARAMETRIC_REPRESENTATION_CONTEXT() REPRESENTATION_CONTEXT('2D SPACE',''
  ) );
#6043 = PCURVE('',#3363,#6044);
#6044 = DEFINITIONAL_REPRESENTATION('',(#6045),#6049);
#6045 = LINE('',#6046,#6047);
#6046 = CARTESIAN_POINT('',(0.,0.));
#6047 = VECTOR('',#6048,1.);
#6048 = DIRECTION('',(0.,1.));
#6049 = ( GEOMETRIC_REPRESENTATION_CONTEXT(2) 
PARAMETRIC_REPRESENTATION_CONTEXT() REPRESENTATION_CONTEXT('2D SPACE',''
  ) );
#6050 = ORIENTED_EDGE('',*,*,#6051,.F.);
#6051 = EDGE_CURVE('',#6052,#6029,#6054,.T.);
#6052 = VERTEX_POINT('',#6053);
#6053 = CARTESIAN_POINT('',(93.5,-84.,7.));
#6054 = SURFACE_CURVE('',#6055,(#6059,#6066),.PCURVE_S1.);
#6055 = LINE('',#6056,#6057);
#6056 = CARTESIAN_POINT('',(93.5,-84.,7.));
#6057 = VECTOR('',#6058,1.);
#6058 = DIRECTION('',(-0.,1.,0.));
#6059 = PCURVE('',#2082,#6060);
#6060 = DEFINITIONAL_REPRESENTATION('',(#6061),#6065);
#6061 = LINE('',#6062,#6063);
#6062 = CARTESIAN_POINT('',(203.5,-14.));
#6063 = VECTOR('',#6064,1.);
#6064 = DIRECTION('',(0.,1.));
#6065 = ( GEOMETRIC_REPRESENTATION_CONTEXT(2) 
PARAMETRIC_REPRESENTATION_CONTEXT() REPRESENTATION_CONTEXT('2D SPACE',''
  ) );
#6066 = PCURVE('',#3391,#6067);
#6067 = DEFINITIONAL_REPRESENTATION('',(#6068),#6072);
#6068 = LINE('',#6069,#6070);
#6069 = CARTESIAN_POINT('',(0.,0.));
#6070 = VECTOR('',#6071,1.);
#6071 = DIRECTION('',(0.,-1.));
#6072 = ( GEOMETRIC_REPRESENTATION_CONTEXT(2) 
PARAMETRIC_REPRESENTATION_CONTEXT() REPRESENTATION_CONTEXT('2D SPACE',''
  ) );
#6073 = ORIENTED_EDGE('',*,*,#6074,.T.);
#6074 = EDGE_CURVE('',#6052,#6075,#6077,.T.);
#6075 = VERTEX_POINT('',#6076);
#6076 = CARTESIAN_POINT('',(96.5,-84.,7.));
#6077 = SURFACE_CURVE('',#6078,(#6082,#6089),.PCURVE_S1.);
#6078 = LINE('',#6079,#6080);
#6079 = CARTESIAN_POINT('',(93.5,-84.,7.));
#6080 = VECTOR('',#6081,1.);
#6081 = DIRECTION('',(1.,0.,-0.));
#6082 = PCURVE('',#2082,#6083);
#6083 = DEFINITIONAL_REPRESENTATION('',(#6084),#6088);
#6084 = LINE('',#6085,#6086);
#6085 = CARTESIAN_POINT('',(203.5,-14.));
#6086 = VECTOR('',#6087,1.);
#6087 = DIRECTION('',(1.,0.));
#6088 = ( GEOMETRIC_REPRESENTATION_CONTEXT(2) 
PARAMETRIC_REPRESENTATION_CONTEXT() REPRESENTATION_CONTEXT('2D SPACE',''
  ) );
#6089 = PCURVE('',#3419,#6090);
#6090 = DEFINITIONAL_REPRESENTATION('',(#6091),#6095);
#6091 = LINE('',#6092,#6093);
#6092 = CARTESIAN_POINT('',(0.,0.));
#6093 = VECTOR('',#6094,1.);
#6094 = DIRECTION('',(0.,1.));
#6095 = ( GEOMETRIC_REPRESENTATION_CONTEXT(2) 
PARAMETRIC_REPRESENTATION_CONTEXT() REPRESENTATION_CONTEXT('2D SPACE',''
  ) );
#6096 = ORIENTED_EDGE('',*,*,#6097,.T.);
#6097 = EDGE_CURVE('',#6075,#6098,#6100,.T.);
#6098 = VERTEX_POINT('',#6099);
#6099 = CARTESIAN_POINT('',(96.5,-70.,7.));
#6100 = SURFACE_CURVE('',#6101,(#6105,#6112),.PCURVE_S1.);
#6101 = LINE('',#6102,#6103);
#6102 = CARTESIAN_POINT('',(96.5,-84.,7.));
#6103 = VECTOR('',#6104,1.);
#6104 = DIRECTION('',(-0.,1.,0.));
#6105 = PCURVE('',#2082,#6106);
#6106 = DEFINITIONAL_REPRESENTATION('',(#6107),#6111);
#6107 = LINE('',#6108,#6109);
#6108 = CARTESIAN_POINT('',(206.5,-14.));
#6109 = VECTOR('',#6110,1.);
#6110 = DIRECTION('',(0.,1.));
#6111 = ( GEOMETRIC_REPRESENTATION_CONTEXT(2) 
PARAMETRIC_REPRESENTATION_CONTEXT() REPRESENTATION_CONTEXT('2D SPACE',''
  ) );
#6112 = PCURVE('',#3447,#6113);
#6113 = DEFINITIONAL_REPRESENTATION('',(#6114),#6118);
#6114 = LINE('',#6115,#6116);
#6115 = CARTESIAN_POINT('',(0.,0.));
#6116 = VECTOR('',#6117,1.);
#6117 = DIRECTION('',(0.,-1.));
#6118 = ( GEOMETRIC_REPRESENTATION_CONTEXT(2) 
PARAMETRIC_REPRESENTATION_CONTEXT() REPRESENTATION_CONTEXT('2D SPACE',''
  ) );
#6119 = ORIENTED_EDGE('',*,*,#6120,.T.);
#6120 = EDGE_CURVE('',#6098,#6121,#6123,.T.);
#6121 = VERTEX_POINT('',#6122);
#6122 = CARTESIAN_POINT('',(110.,-70.,7.));
#6123 = SURFACE_CURVE('',#6124,(#6128,#6135),.PCURVE_S1.);
#6124 = LINE('',#6125,#6126);
#6125 = CARTESIAN_POINT('',(-110.,-70.,7.));
#6126 = VECTOR('',#6127,1.);
#6127 = DIRECTION('',(1.,0.,-0.));
#6128 = PCURVE('',#2082,#6129);
#6129 = DEFINITIONAL_REPRESENTATION('',(#6130),#6134);
#6130 = LINE('',#6131,#6132);
#6131 = CARTESIAN_POINT('',(0.,0.));
#6132 = VECTOR('',#6133,1.);
#6133 = DIRECTION('',(1.,0.));
#6134 = ( GEOMETRIC_REPRESENTATION_CONTEXT(2) 
PARAMETRIC_REPRESENTATION_CONTEXT() REPRESENTATION_CONTEXT('2D SPACE',''
  ) );
#6135 = PCURVE('',#3475,#6136);
#6136 = DEFINITIONAL_REPRESENTATION('',(#6137),#6141);
#6137 = LINE('',#6138,#6139);
#6138 = CARTESIAN_POINT('',(0.,0.));
#6139 = VECTOR('',#6140,1.);
#6140 = DIRECTION('',(0.,1.));
#6141 = ( GEOMETRIC_REPRESENTATION_CONTEXT(2) 
PARAMETRIC_REPRESENTATION_CONTEXT() REPRESENTATION_CONTEXT('2D SPACE',''
  ) );
#6142 = ORIENTED_EDGE('',*,*,#6143,.T.);
#6143 = EDGE_CURVE('',#6121,#6144,#6146,.T.);
#6144 = VERTEX_POINT('',#6145);
#6145 = CARTESIAN_POINT('',(110.,70.,7.));
#6146 = SURFACE_CURVE('',#6147,(#6151,#6158),.PCURVE_S1.);
#6147 = LINE('',#6148,#6149);
#6148 = CARTESIAN_POINT('',(110.,-70.,7.));
#6149 = VECTOR('',#6150,1.);
#6150 = DIRECTION('',(-0.,1.,0.));
#6151 = PCURVE('',#2082,#6152);
#6152 = DEFINITIONAL_REPRESENTATION('',(#6153),#6157);
#6153 = LINE('',#6154,#6155);
#6154 = CARTESIAN_POINT('',(220.,0.));
#6155 = VECTOR('',#6156,1.);
#6156 = DIRECTION('',(0.,1.));
#6157 = ( GEOMETRIC_REPRESENTATION_CONTEXT(2) 
PARAMETRIC_REPRESENTATION_CONTEXT() REPRESENTATION_CONTEXT('2D SPACE',''
  ) );
#6158 = PCURVE('',#3503,#6159);
#6159 = DEFINITIONAL_REPRESENTATION('',(#6160),#6164);
#6160 = LINE('',#6161,#6162);
#6161 = CARTESIAN_POINT('',(0.,0.));
#6162 = VECTOR('',#6163,1.);
#6163 = DIRECTION('',(0.,-1.));
#6164 = ( GEOMETRIC_REPRESENTATION_CONTEXT(2) 
PARAMETRIC_REPRESENTATION_CONTEXT() REPRESENTATION_CONTEXT('2D SPACE',''
  ) );
#6165 = ORIENTED_EDGE('',*,*,#6166,.F.);
#6166 = EDGE_CURVE('',#6167,#6144,#6169,.T.);
#6167 = VERTEX_POINT('',#6168);
#6168 = CARTESIAN_POINT('',(96.5,70.,7.));
#6169 = SURFACE_CURVE('',#6170,(#6174,#6181),.PCURVE_S1.);
#6170 = LINE('',#6171,#6172);
#6171 = CARTESIAN_POINT('',(-110.,70.,7.));
#6172 = VECTOR('',#6173,1.);
#6173 = DIRECTION('',(1.,0.,-0.));
#6174 = PCURVE('',#2082,#6175);
#6175 = DEFINITIONAL_REPRESENTATION('',(#6176),#6180);
#6176 = LINE('',#6177,#6178);
#6177 = CARTESIAN_POINT('',(0.,140.));
#6178 = VECTOR('',#6179,1.);
#6179 = DIRECTION('',(1.,0.));
#6180 = ( GEOMETRIC_REPRESENTATION_CONTEXT(2) 
PARAMETRIC_REPRESENTATION_CONTEXT() REPRESENTATION_CONTEXT('2D SPACE',''
  ) );
#6181 = PCURVE('',#3531,#6182);
#6182 = DEFINITIONAL_REPRESENTATION('',(#6183),#6187);
#6183 = LINE('',#6184,#6185);
#6184 = CARTESIAN_POINT('',(0.,0.));
#6185 = VECTOR('',#6186,1.);
#6186 = DIRECTION('',(0.,1.));
#6187 = ( GEOMETRIC_REPRESENTATION_CONTEXT(2) 
PARAMETRIC_REPRESENTATION_CONTEXT() REPRESENTATION_CONTEXT('2D SPACE',''
  ) );
#6188 = ORIENTED_EDGE('',*,*,#6189,.T.);
#6189 = EDGE_CURVE('',#6167,#6190,#6192,.T.);
#6190 = VERTEX_POINT('',#6191);
#6191 = CARTESIAN_POINT('',(96.5,84.,7.));
#6192 = SURFACE_CURVE('',#6193,(#6197,#6204),.PCURVE_S1.);
#6193 = LINE('',#6194,#6195);
#6194 = CARTESIAN_POINT('',(96.5,70.,7.));
#6195 = VECTOR('',#6196,1.);
#6196 = DIRECTION('',(-0.,1.,0.));
#6197 = PCURVE('',#2082,#6198);
#6198 = DEFINITIONAL_REPRESENTATION('',(#6199),#6203);
#6199 = LINE('',#6200,#6201);
#6200 = CARTESIAN_POINT('',(206.5,140.));
#6201 = VECTOR('',#6202,1.);
#6202 = DIRECTION('',(0.,1.));
#6203 = ( GEOMETRIC_REPRESENTATION_CONTEXT(2) 
PARAMETRIC_REPRESENTATION_CONTEXT() REPRESENTATION_CONTEXT('2D SPACE',''
  ) );
#6204 = PCURVE('',#3559,#6205);
#6205 = DEFINITIONAL_REPRESENTATION('',(#6206),#6210);
#6206 = LINE('',#6207,#6208);
#6207 = CARTESIAN_POINT('',(0.,0.));
#6208 = VECTOR('',#6209,1.);
#6209 = DIRECTION('',(0.,-1.));
#6210 = ( GEOMETRIC_REPRESENTATION_CONTEXT(2) 
PARAMETRIC_REPRESENTATION_CONTEXT() REPRESENTATION_CONTEXT('2D SPACE',''
  ) );
#6211 = ORIENTED_EDGE('',*,*,#6212,.F.);
#6212 = EDGE_CURVE('',#6213,#6190,#6215,.T.);
#6213 = VERTEX_POINT('',#6214);
#6214 = CARTESIAN_POINT('',(93.5,84.,7.));
#6215 = SURFACE_CURVE('',#6216,(#6220,#6227),.PCURVE_S1.);
#6216 = LINE('',#6217,#6218);
#6217 = CARTESIAN_POINT('',(93.5,84.,7.));
#6218 = VECTOR('',#6219,1.);
#6219 = DIRECTION('',(1.,0.,-0.));
#6220 = PCURVE('',#2082,#6221);
#6221 = DEFINITIONAL_REPRESENTATION('',(#6222),#6226);
#6222 = LINE('',#6223,#6224);
#6223 = CARTESIAN_POINT('',(203.5,154.));
#6224 = VECTOR('',#6225,1.);
#6225 = DIRECTION('',(1.,0.));
#6226 = ( GEOMETRIC_REPRESENTATION_CONTEXT(2) 
PARAMETRIC_REPRESENTATION_CONTEXT() REPRESENTATION_CONTEXT('2D SPACE',''
  ) );
#6227 = PCURVE('',#3587,#6228);
#6228 = DEFINITIONAL_REPRESENTATION('',(#6229),#6233);
#6229 = LINE('',#6230,#6231);
#6230 = CARTESIAN_POINT('',(0.,0.));
#6231 = VECTOR('',#6232,1.);
#6232 = DIRECTION('',(0.,1.));
#6233 = ( GEOMETRIC_REPRESENTATION_CONTEXT(2) 
PARAMETRIC_REPRESENTATION_CONTEXT() REPRESENTATION_CONTEXT('2D SPACE',''
  ) );
#6234 = ORIENTED_EDGE('',*,*,#6235,.F.);
#6235 = EDGE_CURVE('',#6236,#6213,#6238,.T.);
#6236 = VERTEX_POINT('',#6237);
#6237 = CARTESIAN_POINT('',(93.5,70.,7.));
#6238 = SURFACE_CURVE('',#6239,(#6243,#6250),.PCURVE_S1.);
#6239 = LINE('',#6240,#6241);
#6240 = CARTESIAN_POINT('',(93.5,70.,7.));
#6241 = VECTOR('',#6242,1.);
#6242 = DIRECTION('',(-0.,1.,0.));
#6243 = PCURVE('',#2082,#6244);
#6244 = DEFINITIONAL_REPRESENTATION('',(#6245),#6249);
#6245 = LINE('',#6246,#6247);
#6246 = CARTESIAN_POINT('',(203.5,140.));
#6247 = VECTOR('',#6248,1.);
#6248 = DIRECTION('',(0.,1.));
#6249 = ( GEOMETRIC_REPRESENTATION_CONTEXT(2) 
PARAMETRIC_REPRESENTATION_CONTEXT() REPRESENTATION_CONTEXT('2D SPACE',''
  ) );
#6250 = PCURVE('',#3615,#6251);
#6251 = DEFINITIONAL_REPRESENTATION('',(#6252),#6256);
#6252 = LINE('',#6253,#6254);
#6253 = CARTESIAN_POINT('',(0.,0.));
#6254 = VECTOR('',#6255,1.);
#6255 = DIRECTION('',(0.,-1.));
#6256 = ( GEOMETRIC_REPRESENTATION_CONTEXT(2) 
PARAMETRIC_REPRESENTATION_CONTEXT() REPRESENTATION_CONTEXT('2D SPACE',''
  ) );
#6257 = ORIENTED_EDGE('',*,*,#6258,.F.);
#6258 = EDGE_CURVE('',#6259,#6236,#6261,.T.);
#6259 = VERTEX_POINT('',#6260);
#6260 = CARTESIAN_POINT('',(77.5,70.,7.));
#6261 = SURFACE_CURVE('',#6262,(#6266,#6273),.PCURVE_S1.);
#6262 = LINE('',#6263,#6264);
#6263 = CARTESIAN_POINT('',(-110.,70.,7.));
#6264 = VECTOR('',#6265,1.);
#6265 = DIRECTION('',(1.,0.,-0.));
#6266 = PCURVE('',#2082,#6267);
#6267 = DEFINITIONAL_REPRESENTATION('',(#6268),#6272);
#6268 = LINE('',#6269,#6270);
#6269 = CARTESIAN_POINT('',(0.,140.));
#6270 = VECTOR('',#6271,1.);
#6271 = DIRECTION('',(1.,0.));
#6272 = ( GEOMETRIC_REPRESENTATION_CONTEXT(2) 
PARAMETRIC_REPRESENTATION_CONTEXT() REPRESENTATION_CONTEXT('2D SPACE',''
  ) );
#6273 = PCURVE('',#3643,#6274);
#6274 = DEFINITIONAL_REPRESENTATION('',(#6275),#6279);
#6275 = LINE('',#6276,#6277);
#6276 = CARTESIAN_POINT('',(0.,0.));
#6277 = VECTOR('',#6278,1.);
#6278 = DIRECTION('',(0.,1.));
#6279 = ( GEOMETRIC_REPRESENTATION_CONTEXT(2) 
PARAMETRIC_REPRESENTATION_CONTEXT() REPRESENTATION_CONTEXT('2D SPACE',''
  ) );
#6280 = ORIENTED_EDGE('',*,*,#6281,.T.);
#6281 = EDGE_CURVE('',#6259,#6282,#6284,.T.);
#6282 = VERTEX_POINT('',#6283);
#6283 = CARTESIAN_POINT('',(77.5,84.,7.));
#6284 = SURFACE_CURVE('',#6285,(#6289,#6296),.PCURVE_S1.);
#6285 = LINE('',#6286,#6287);
#6286 = CARTESIAN_POINT('',(77.5,70.,7.));
#6287 = VECTOR('',#6288,1.);
#6288 = DIRECTION('',(-0.,1.,0.));
#6289 = PCURVE('',#2082,#6290);
#6290 = DEFINITIONAL_REPRESENTATION('',(#6291),#6295);
#6291 = LINE('',#6292,#6293);
#6292 = CARTESIAN_POINT('',(187.5,140.));
#6293 = VECTOR('',#6294,1.);
#6294 = DIRECTION('',(0.,1.));
#6295 = ( GEOMETRIC_REPRESENTATION_CONTEXT(2) 
PARAMETRIC_REPRESENTATION_CONTEXT() REPRESENTATION_CONTEXT('2D SPACE',''
  ) );
#6296 = PCURVE('',#3671,#6297);
#6297 = DEFINITIONAL_REPRESENTATION('',(#6298),#6302);
#6298 = LINE('',#6299,#6300);
#6299 = CARTESIAN_POINT('',(0.,0.));
#6300 = VECTOR('',#6301,1.);
#6301 = DIRECTION('',(0.,-1.));
#6302 = ( GEOMETRIC_REPRESENTATION_CONTEXT(2) 
PARAMETRIC_REPRESENTATION_CONTEXT() REPRESENTATION_CONTEXT('2D SPACE',''
  ) );
#6303 = ORIENTED_EDGE('',*,*,#6304,.F.);
#6304 = EDGE_CURVE('',#6305,#6282,#6307,.T.);
#6305 = VERTEX_POINT('',#6306);
#6306 = CARTESIAN_POINT('',(74.5,84.,7.));
#6307 = SURFACE_CURVE('',#6308,(#6312,#6319),.PCURVE_S1.);
#6308 = LINE('',#6309,#6310);
#6309 = CARTESIAN_POINT('',(74.5,84.,7.));
#6310 = VECTOR('',#6311,1.);
#6311 = DIRECTION('',(1.,0.,-0.));
#6312 = PCURVE('',#2082,#6313);
#6313 = DEFINITIONAL_REPRESENTATION('',(#6314),#6318);
#6314 = LINE('',#6315,#6316);
#6315 = CARTESIAN_POINT('',(184.5,154.));
#6316 = VECTOR('',#6317,1.);
#6317 = DIRECTION('',(1.,0.));
#6318 = ( GEOMETRIC_REPRESENTATION_CONTEXT(2) 
PARAMETRIC_REPRESENTATION_CONTEXT() REPRESENTATION_CONTEXT('2D SPACE',''
  ) );
#6319 = PCURVE('',#3699,#6320);
#6320 = DEFINITIONAL_REPRESENTATION('',(#6321),#6325);
#6321 = LINE('',#6322,#6323);
#6322 = CARTESIAN_POINT('',(0.,0.));
#6323 = VECTOR('',#6324,1.);
#6324 = DIRECTION('',(0.,1.));
#6325 = ( GEOMETRIC_REPRESENTATION_CONTEXT(2) 
PARAMETRIC_REPRESENTATION_CONTEXT() REPRESENTATION_CONTEXT('2D SPACE',''
  ) );
#6326 = ORIENTED_EDGE('',*,*,#6327,.F.);
#6327 = EDGE_CURVE('',#6328,#6305,#6330,.T.);
#6328 = VERTEX_POINT('',#6329);
#6329 = CARTESIAN_POINT('',(74.5,70.,7.));
#6330 = SURFACE_CURVE('',#6331,(#6335,#6342),.PCURVE_S1.);
#6331 = LINE('',#6332,#6333);
#6332 = CARTESIAN_POINT('',(74.5,70.,7.));
#6333 = VECTOR('',#6334,1.);
#6334 = DIRECTION('',(-0.,1.,0.));
#6335 = PCURVE('',#2082,#6336);
#6336 = DEFINITIONAL_REPRESENTATION('',(#6337),#6341);
#6337 = LINE('',#6338,#6339);
#6338 = CARTESIAN_POINT('',(184.5,140.));
#6339 = VECTOR('',#6340,1.);
#6340 = DIRECTION('',(0.,1.));
#6341 = ( GEOMETRIC_REPRESENTATION_CONTEXT(2) 
PARAMETRIC_REPRESENTATION_CONTEXT() REPRESENTATION_CONTEXT('2D SPACE',''
  ) );
#6342 = PCURVE('',#3727,#6343);
#6343 = DEFINITIONAL_REPRESENTATION('',(#6344),#6348);
#6344 = LINE('',#6345,#6346);
#6345 = CARTESIAN_POINT('',(0.,0.));
#6346 = VECTOR('',#6347,1.);
#6347 = DIRECTION('',(0.,-1.));
#6348 = ( GEOMETRIC_REPRESENTATION_CONTEXT(2) 
PARAMETRIC_REPRESENTATION_CONTEXT() REPRESENTATION_CONTEXT('2D SPACE',''
  ) );
#6349 = ORIENTED_EDGE('',*,*,#6350,.F.);
#6350 = EDGE_CURVE('',#6351,#6328,#6353,.T.);
#6351 = VERTEX_POINT('',#6352);
#6352 = CARTESIAN_POINT('',(58.5,70.,7.));
#6353 = SURFACE_CURVE('',#6354,(#6358,#6365),.PCURVE_S1.);
#6354 = LINE('',#6355,#6356);
#6355 = CARTESIAN_POINT('',(-110.,70.,7.));
#6356 = VECTOR('',#6357,1.);
#6357 = DIRECTION('',(1.,0.,-0.));
#6358 = PCURVE('',#2082,#6359);
#6359 = DEFINITIONAL_REPRESENTATION('',(#6360),#6364);
#6360 = LINE('',#6361,#6362);
#6361 = CARTESIAN_POINT('',(0.,140.));
#6362 = VECTOR('',#6363,1.);
#6363 = DIRECTION('',(1.,0.));
#6364 = ( GEOMETRIC_REPRESENTATION_CONTEXT(2) 
PARAMETRIC_REPRESENTATION_CONTEXT() REPRESENTATION_CONTEXT('2D SPACE',''
  ) );
#6365 = PCURVE('',#3755,#6366);
#6366 = DEFINITIONAL_REPRESENTATION('',(#6367),#6371);
#6367 = LINE('',#6368,#6369);
#6368 = CARTESIAN_POINT('',(0.,0.));
#6369 = VECTOR('',#6370,1.);
#6370 = DIRECTION('',(0.,1.));
#6371 = ( GEOMETRIC_REPRESENTATION_CONTEXT(2) 
PARAMETRIC_REPRESENTATION_CONTEXT() REPRESENTATION_CONTEXT('2D SPACE',''
  ) );
#6372 = ORIENTED_EDGE('',*,*,#6373,.T.);
#6373 = EDGE_CURVE('',#6351,#6374,#6376,.T.);
#6374 = VERTEX_POINT('',#6375);
#6375 = CARTESIAN_POINT('',(58.5,84.,7.));
#6376 = SURFACE_CURVE('',#6377,(#6381,#6388),.PCURVE_S1.);
#6377 = LINE('',#6378,#6379);
#6378 = CARTESIAN_POINT('',(58.5,70.,7.));
#6379 = VECTOR('',#6380,1.);
#6380 = DIRECTION('',(-0.,1.,0.));
#6381 = PCURVE('',#2082,#6382);
#6382 = DEFINITIONAL_REPRESENTATION('',(#6383),#6387);
#6383 = LINE('',#6384,#6385);
#6384 = CARTESIAN_POINT('',(168.5,140.));
#6385 = VECTOR('',#6386,1.);
#6386 = DIRECTION('',(0.,1.));
#6387 = ( GEOMETRIC_REPRESENTATION_CONTEXT(2) 
PARAMETRIC_REPRESENTATION_CONTEXT() REPRESENTATION_CONTEXT('2D SPACE',''
  ) );
#6388 = PCURVE('',#3783,#6389);
#6389 = DEFINITIONAL_REPRESENTATION('',(#6390),#6394);
#6390 = LINE('',#6391,#6392);
#6391 = CARTESIAN_POINT('',(0.,0.));
#6392 = VECTOR('',#6393,1.);
#6393 = DIRECTION('',(0.,-1.));
#6394 = ( GEOMETRIC_REPRESENTATION_CONTEXT(2) 
PARAMETRIC_REPRESENTATION_CONTEXT() REPRESENTATION_CONTEXT('2D SPACE',''
  ) );
#6395 = ORIENTED_EDGE('',*,*,#6396,.F.);
#6396 = EDGE_CURVE('',#6397,#6374,#6399,.T.);
#6397 = VERTEX_POINT('',#6398);
#6398 = CARTESIAN_POINT('',(55.5,84.,7.));
#6399 = SURFACE_CURVE('',#6400,(#6404,#6411),.PCURVE_S1.);
#6400 = LINE('',#6401,#6402);
#6401 = CARTESIAN_POINT('',(55.5,84.,7.));
#6402 = VECTOR('',#6403,1.);
#6403 = DIRECTION('',(1.,0.,-0.));
#6404 = PCURVE('',#2082,#6405);
#6405 = DEFINITIONAL_REPRESENTATION('',(#6406),#6410);
#6406 = LINE('',#6407,#6408);
#6407 = CARTESIAN_POINT('',(165.5,154.));
#6408 = VECTOR('',#6409,1.);
#6409 = DIRECTION('',(1.,0.));
#6410 = ( GEOMETRIC_REPRESENTATION_CONTEXT(2) 
PARAMETRIC_REPRESENTATION_CONTEXT() REPRESENTATION_CONTEXT('2D SPACE',''
  ) );
#6411 = PCURVE('',#3811,#6412);
#6412 = DEFINITIONAL_REPRESENTATION('',(#6413),#6417);
#6413 = LINE('',#6414,#6415);
#6414 = CARTESIAN_POINT('',(0.,0.));
#6415 = VECTOR('',#6416,1.);
#6416 = DIRECTION('',(0.,1.));
#6417 = ( GEOMETRIC_REPRESENTATION_CONTEXT(2) 
PARAMETRIC_REPRESENTATION_CONTEXT() REPRESENTATION_CONTEXT('2D SPACE',''
  ) );
#6418 = ORIENTED_EDGE('',*,*,#6419,.F.);
#6419 = EDGE_CURVE('',#6420,#6397,#6422,.T.);
#6420 = VERTEX_POINT('',#6421);
#6421 = CARTESIAN_POINT('',(55.5,70.,7.));
#6422 = SURFACE_CURVE('',#6423,(#6427,#6434),.PCURVE_S1.);
#6423 = LINE('',#6424,#6425);
#6424 = CARTESIAN_POINT('',(55.5,70.,7.));
#6425 = VECTOR('',#6426,1.);
#6426 = DIRECTION('',(-0.,1.,0.));
#6427 = PCURVE('',#2082,#6428);
#6428 = DEFINITIONAL_REPRESENTATION('',(#6429),#6433);
#6429 = LINE('',#6430,#6431);
#6430 = CARTESIAN_POINT('',(165.5,140.));
#6431 = VECTOR('',#6432,1.);
#6432 = DIRECTION('',(0.,1.));
#6433 = ( GEOMETRIC_REPRESENTATION_CONTEXT(2) 
PARAMETRIC_REPRESENTATION_CONTEXT() REPRESENTATION_CONTEXT('2D SPACE',''
  ) );
#6434 = PCURVE('',#3839,#6435);
#6435 = DEFINITIONAL_REPRESENTATION('',(#6436),#6440);
#6436 = LINE('',#6437,#6438);
#6437 = CARTESIAN_POINT('',(0.,0.));
#6438 = VECTOR('',#6439,1.);
#6439 = DIRECTION('',(0.,-1.));
#6440 = ( GEOMETRIC_REPRESENTATION_CONTEXT(2) 
PARAMETRIC_REPRESENTATION_CONTEXT() REPRESENTATION_CONTEXT('2D SPACE',''
  ) );
#6441 = ORIENTED_EDGE('',*,*,#6442,.F.);
#6442 = EDGE_CURVE('',#6443,#6420,#6445,.T.);
#6443 = VERTEX_POINT('',#6444);
#6444 = CARTESIAN_POINT('',(39.5,70.,7.));
#6445 = SURFACE_CURVE('',#6446,(#6450,#6457),.PCURVE_S1.);
#6446 = LINE('',#6447,#6448);
#6447 = CARTESIAN_POINT('',(-110.,70.,7.));
#6448 = VECTOR('',#6449,1.);
#6449 = DIRECTION('',(1.,0.,-0.));
#6450 = PCURVE('',#2082,#6451);
#6451 = DEFINITIONAL_REPRESENTATION('',(#6452),#6456);
#6452 = LINE('',#6453,#6454);
#6453 = CARTESIAN_POINT('',(0.,140.));
#6454 = VECTOR('',#6455,1.);
#6455 = DIRECTION('',(1.,0.));
#6456 = ( GEOMETRIC_REPRESENTATION_CONTEXT(2) 
PARAMETRIC_REPRESENTATION_CONTEXT() REPRESENTATION_CONTEXT('2D SPACE',''
  ) );
#6457 = PCURVE('',#3867,#6458);
#6458 = DEFINITIONAL_REPRESENTATION('',(#6459),#6463);
#6459 = LINE('',#6460,#6461);
#6460 = CARTESIAN_POINT('',(0.,0.));
#6461 = VECTOR('',#6462,1.);
#6462 = DIRECTION('',(0.,1.));
#6463 = ( GEOMETRIC_REPRESENTATION_CONTEXT(2) 
PARAMETRIC_REPRESENTATION_CONTEXT() REPRESENTATION_CONTEXT('2D SPACE',''
  ) );
#6464 = ORIENTED_EDGE('',*,*,#6465,.T.);
#6465 = EDGE_CURVE('',#6443,#6466,#6468,.T.);
#6466 = VERTEX_POINT('',#6467);
#6467 = CARTESIAN_POINT('',(39.5,84.,7.));
#6468 = SURFACE_CURVE('',#6469,(#6473,#6480),.PCURVE_S1.);
#6469 = LINE('',#6470,#6471);
#6470 = CARTESIAN_POINT('',(39.5,70.,7.));
#6471 = VECTOR('',#6472,1.);
#6472 = DIRECTION('',(-0.,1.,0.));
#6473 = PCURVE('',#2082,#6474);
#6474 = DEFINITIONAL_REPRESENTATION('',(#6475),#6479);
#6475 = LINE('',#6476,#6477);
#6476 = CARTESIAN_POINT('',(149.5,140.));
#6477 = VECTOR('',#6478,1.);
#6478 = DIRECTION('',(0.,1.));
#6479 = ( GEOMETRIC_REPRESENTATION_CONTEXT(2) 
PARAMETRIC_REPRESENTATION_CONTEXT() REPRESENTATION_CONTEXT('2D SPACE',''
  ) );
#6480 = PCURVE('',#3895,#6481);
#6481 = DEFINITIONAL_REPRESENTATION('',(#6482),#6486);
#6482 = LINE('',#6483,#6484);
#6483 = CARTESIAN_POINT('',(0.,0.));
#6484 = VECTOR('',#6485,1.);
#6485 = DIRECTION('',(0.,-1.));
#6486 = ( GEOMETRIC_REPRESENTATION_CONTEXT(2) 
PARAMETRIC_REPRESENTATION_CONTEXT() REPRESENTATION_CONTEXT('2D SPACE',''
  ) );
#6487 = ORIENTED_EDGE('',*,*,#6488,.F.);
#6488 = EDGE_CURVE('',#6489,#6466,#6491,.T.);
#6489 = VERTEX_POINT('',#6490);
#6490 = CARTESIAN_POINT('',(36.5,84.,7.));
#6491 = SURFACE_CURVE('',#6492,(#6496,#6503),.PCURVE_S1.);
#6492 = LINE('',#6493,#6494);
#6493 = CARTESIAN_POINT('',(36.5,84.,7.));
#6494 = VECTOR('',#6495,1.);
#6495 = DIRECTION('',(1.,0.,-0.));
#6496 = PCURVE('',#2082,#6497);
#6497 = DEFINITIONAL_REPRESENTATION('',(#6498),#6502);
#6498 = LINE('',#6499,#6500);
#6499 = CARTESIAN_POINT('',(146.5,154.));
#6500 = VECTOR('',#6501,1.);
#6501 = DIRECTION('',(1.,0.));
#6502 = ( GEOMETRIC_REPRESENTATION_CONTEXT(2) 
PARAMETRIC_REPRESENTATION_CONTEXT() REPRESENTATION_CONTEXT('2D SPACE',''
  ) );
#6503 = PCURVE('',#3923,#6504);
#6504 = DEFINITIONAL_REPRESENTATION('',(#6505),#6509);
#6505 = LINE('',#6506,#6507);
#6506 = CARTESIAN_POINT('',(0.,0.));
#6507 = VECTOR('',#6508,1.);
#6508 = DIRECTION('',(0.,1.));
#6509 = ( GEOMETRIC_REPRESENTATION_CONTEXT(2) 
PARAMETRIC_REPRESENTATION_CONTEXT() REPRESENTATION_CONTEXT('2D SPACE',''
  ) );
#6510 = ORIENTED_EDGE('',*,*,#6511,.F.);
#6511 = EDGE_CURVE('',#6512,#6489,#6514,.T.);
#6512 = VERTEX_POINT('',#6513);
#6513 = CARTESIAN_POINT('',(36.5,70.,7.));
#6514 = SURFACE_CURVE('',#6515,(#6519,#6526),.PCURVE_S1.);
#6515 = LINE('',#6516,#6517);
#6516 = CARTESIAN_POINT('',(36.5,70.,7.));
#6517 = VECTOR('',#6518,1.);
#6518 = DIRECTION('',(-0.,1.,0.));
#6519 = PCURVE('',#2082,#6520);
#6520 = DEFINITIONAL_REPRESENTATION('',(#6521),#6525);
#6521 = LINE('',#6522,#6523);
#6522 = CARTESIAN_POINT('',(146.5,140.));
#6523 = VECTOR('',#6524,1.);
#6524 = DIRECTION('',(0.,1.));
#6525 = ( GEOMETRIC_REPRESENTATION_CONTEXT(2) 
PARAMETRIC_REPRESENTATION_CONTEXT() REPRESENTATION_CONTEXT('2D SPACE',''
  ) );
#6526 = PCURVE('',#3951,#6527);
#6527 = DEFINITIONAL_REPRESENTATION('',(#6528),#6532);
#6528 = LINE('',#6529,#6530);
#6529 = CARTESIAN_POINT('',(0.,0.));
#6530 = VECTOR('',#6531,1.);
#6531 = DIRECTION('',(0.,-1.));
#6532 = ( GEOMETRIC_REPRESENTATION_CONTEXT(2) 
PARAMETRIC_REPRESENTATION_CONTEXT() REPRESENTATION_CONTEXT('2D SPACE',''
  ) );
#6533 = ORIENTED_EDGE('',*,*,#6534,.F.);
#6534 = EDGE_CURVE('',#6535,#6512,#6537,.T.);
#6535 = VERTEX_POINT('',#6536);
#6536 = CARTESIAN_POINT('',(20.5,70.,7.));
#6537 = SURFACE_CURVE('',#6538,(#6542,#6549),.PCURVE_S1.);
#6538 = LINE('',#6539,#6540);
#6539 = CARTESIAN_POINT('',(-110.,70.,7.));
#6540 = VECTOR('',#6541,1.);
#6541 = DIRECTION('',(1.,0.,-0.));
#6542 = PCURVE('',#2082,#6543);
#6543 = DEFINITIONAL_REPRESENTATION('',(#6544),#6548);
#6544 = LINE('',#6545,#6546);
#6545 = CARTESIAN_POINT('',(0.,140.));
#6546 = VECTOR('',#6547,1.);
#6547 = DIRECTION('',(1.,0.));
#6548 = ( GEOMETRIC_REPRESENTATION_CONTEXT(2) 
PARAMETRIC_REPRESENTATION_CONTEXT() REPRESENTATION_CONTEXT('2D SPACE',''
  ) );
#6549 = PCURVE('',#3979,#6550);
#6550 = DEFINITIONAL_REPRESENTATION('',(#6551),#6555);
#6551 = LINE('',#6552,#6553);
#6552 = CARTESIAN_POINT('',(0.,0.));
#6553 = VECTOR('',#6554,1.);
#6554 = DIRECTION('',(0.,1.));
#6555 = ( GEOMETRIC_REPRESENTATION_CONTEXT(2) 
PARAMETRIC_REPRESENTATION_CONTEXT() REPRESENTATION_CONTEXT('2D SPACE',''
  ) );
#6556 = ORIENTED_EDGE('',*,*,#6557,.T.);
#6557 = EDGE_CURVE('',#6535,#6558,#6560,.T.);
#6558 = VERTEX_POINT('',#6559);
#6559 = CARTESIAN_POINT('',(20.5,84.,7.));
#6560 = SURFACE_CURVE('',#6561,(#6565,#6572),.PCURVE_S1.);
#6561 = LINE('',#6562,#6563);
#6562 = CARTESIAN_POINT('',(20.5,70.,7.));
#6563 = VECTOR('',#6564,1.);
#6564 = DIRECTION('',(-0.,1.,0.));
#6565 = PCURVE('',#2082,#6566);
#6566 = DEFINITIONAL_REPRESENTATION('',(#6567),#6571);
#6567 = LINE('',#6568,#6569);
#6568 = CARTESIAN_POINT('',(130.5,140.));
#6569 = VECTOR('',#6570,1.);
#6570 = DIRECTION('',(0.,1.));
#6571 = ( GEOMETRIC_REPRESENTATION_CONTEXT(2) 
PARAMETRIC_REPRESENTATION_CONTEXT() REPRESENTATION_CONTEXT('2D SPACE',''
  ) );
#6572 = PCURVE('',#4007,#6573);
#6573 = DEFINITIONAL_REPRESENTATION('',(#6574),#6578);
#6574 = LINE('',#6575,#6576);
#6575 = CARTESIAN_POINT('',(0.,0.));
#6576 = VECTOR('',#6577,1.);
#6577 = DIRECTION('',(0.,-1.));
#6578 = ( GEOMETRIC_REPRESENTATION_CONTEXT(2) 
PARAMETRIC_REPRESENTATION_CONTEXT() REPRESENTATION_CONTEXT('2D SPACE',''
  ) );
#6579 = ORIENTED_EDGE('',*,*,#6580,.F.);
#6580 = EDGE_CURVE('',#6581,#6558,#6583,.T.);
#6581 = VERTEX_POINT('',#6582);
#6582 = CARTESIAN_POINT('',(17.5,84.,7.));
#6583 = SURFACE_CURVE('',#6584,(#6588,#6595),.PCURVE_S1.);
#6584 = LINE('',#6585,#6586);
#6585 = CARTESIAN_POINT('',(17.5,84.,7.));
#6586 = VECTOR('',#6587,1.);
#6587 = DIRECTION('',(1.,0.,-0.));
#6588 = PCURVE('',#2082,#6589);
#6589 = DEFINITIONAL_REPRESENTATION('',(#6590),#6594);
#6590 = LINE('',#6591,#6592);
#6591 = CARTESIAN_POINT('',(127.5,154.));
#6592 = VECTOR('',#6593,1.);
#6593 = DIRECTION('',(1.,0.));
#6594 = ( GEOMETRIC_REPRESENTATION_CONTEXT(2) 
PARAMETRIC_REPRESENTATION_CONTEXT() REPRESENTATION_CONTEXT('2D SPACE',''
  ) );
#6595 = PCURVE('',#4035,#6596);
#6596 = DEFINITIONAL_REPRESENTATION('',(#6597),#6601);
#6597 = LINE('',#6598,#6599);
#6598 = CARTESIAN_POINT('',(0.,0.));
#6599 = VECTOR('',#6600,1.);
#6600 = DIRECTION('',(0.,1.));
#6601 = ( GEOMETRIC_REPRESENTATION_CONTEXT(2) 
PARAMETRIC_REPRESENTATION_CONTEXT() REPRESENTATION_CONTEXT('2D SPACE',''
  ) );
#6602 = ORIENTED_EDGE('',*,*,#6603,.F.);
#6603 = EDGE_CURVE('',#6604,#6581,#6606,.T.);
#6604 = VERTEX_POINT('',#6605);
#6605 = CARTESIAN_POINT('',(17.5,70.,7.));
#6606 = SURFACE_CURVE('',#6607,(#6611,#6618),.PCURVE_S1.);
#6607 = LINE('',#6608,#6609);
#6608 = CARTESIAN_POINT('',(17.5,70.,7.));
#6609 = VECTOR('',#6610,1.);
#6610 = DIRECTION('',(-0.,1.,0.));
#6611 = PCURVE('',#2082,#6612);
#6612 = DEFINITIONAL_REPRESENTATION('',(#6613),#6617);
#6613 = LINE('',#6614,#6615);
#6614 = CARTESIAN_POINT('',(127.5,140.));
#6615 = VECTOR('',#6616,1.);
#6616 = DIRECTION('',(0.,1.));
#6617 = ( GEOMETRIC_REPRESENTATION_CONTEXT(2) 
PARAMETRIC_REPRESENTATION_CONTEXT() REPRESENTATION_CONTEXT('2D SPACE',''
  ) );
#6618 = PCURVE('',#4063,#6619);
#6619 = DEFINITIONAL_REPRESENTATION('',(#6620),#6624);
#6620 = LINE('',#6621,#6622);
#6621 = CARTESIAN_POINT('',(0.,0.));
#6622 = VECTOR('',#6623,1.);
#6623 = DIRECTION('',(0.,-1.));
#6624 = ( GEOMETRIC_REPRESENTATION_CONTEXT(2) 
PARAMETRIC_REPRESENTATION_CONTEXT() REPRESENTATION_CONTEXT('2D SPACE',''
  ) );
#6625 = ORIENTED_EDGE('',*,*,#6626,.F.);
#6626 = EDGE_CURVE('',#6627,#6604,#6629,.T.);
#6627 = VERTEX_POINT('',#6628);
#6628 = CARTESIAN_POINT('',(1.5,70.,7.));
#6629 = SURFACE_CURVE('',#6630,(#6634,#6641),.PCURVE_S1.);
#6630 = LINE('',#6631,#6632);
#6631 = CARTESIAN_POINT('',(-110.,70.,7.));
#6632 = VECTOR('',#6633,1.);
#6633 = DIRECTION('',(1.,0.,-0.));
#6634 = PCURVE('',#2082,#6635);
#6635 = DEFINITIONAL_REPRESENTATION('',(#6636),#6640);
#6636 = LINE('',#6637,#6638);
#6637 = CARTESIAN_POINT('',(0.,140.));
#6638 = VECTOR('',#6639,1.);
#6639 = DIRECTION('',(1.,0.));
#6640 = ( GEOMETRIC_REPRESENTATION_CONTEXT(2) 
PARAMETRIC_REPRESENTATION_CONTEXT() REPRESENTATION_CONTEXT('2D SPACE',''
  ) );
#6641 = PCURVE('',#4091,#6642);
#6642 = DEFINITIONAL_REPRESENTATION('',(#6643),#6647);
#6643 = LINE('',#6644,#6645);
#6644 = CARTESIAN_POINT('',(0.,0.));
#6645 = VECTOR('',#6646,1.);
#6646 = DIRECTION('',(0.,1.));
#6647 = ( GEOMETRIC_REPRESENTATION_CONTEXT(2) 
PARAMETRIC_REPRESENTATION_CONTEXT() REPRESENTATION_CONTEXT('2D SPACE',''
  ) );
#6648 = ORIENTED_EDGE('',*,*,#6649,.T.);
#6649 = EDGE_CURVE('',#6627,#6650,#6652,.T.);
#6650 = VERTEX_POINT('',#6651);
#6651 = CARTESIAN_POINT('',(1.5,84.,7.));
#6652 = SURFACE_CURVE('',#6653,(#6657,#6664),.PCURVE_S1.);
#6653 = LINE('',#6654,#6655);
#6654 = CARTESIAN_POINT('',(1.5,70.,7.));
#6655 = VECTOR('',#6656,1.);
#6656 = DIRECTION('',(-0.,1.,0.));
#6657 = PCURVE('',#2082,#6658);
#6658 = DEFINITIONAL_REPRESENTATION('',(#6659),#6663);
#6659 = LINE('',#6660,#6661);
#6660 = CARTESIAN_POINT('',(111.5,140.));
#6661 = VECTOR('',#6662,1.);
#6662 = DIRECTION('',(0.,1.));
#6663 = ( GEOMETRIC_REPRESENTATION_CONTEXT(2) 
PARAMETRIC_REPRESENTATION_CONTEXT() REPRESENTATION_CONTEXT('2D SPACE',''
  ) );
#6664 = PCURVE('',#4119,#6665);
#6665 = DEFINITIONAL_REPRESENTATION('',(#6666),#6670);
#6666 = LINE('',#6667,#6668);
#6667 = CARTESIAN_POINT('',(0.,0.));
#6668 = VECTOR('',#6669,1.);
#6669 = DIRECTION('',(0.,-1.));
#6670 = ( GEOMETRIC_REPRESENTATION_CONTEXT(2) 
PARAMETRIC_REPRESENTATION_CONTEXT() REPRESENTATION_CONTEXT('2D SPACE',''
  ) );
#6671 = ORIENTED_EDGE('',*,*,#6672,.F.);
#6672 = EDGE_CURVE('',#6673,#6650,#6675,.T.);
#6673 = VERTEX_POINT('',#6674);
#6674 = CARTESIAN_POINT('',(-1.5,84.,7.));
#6675 = SURFACE_CURVE('',#6676,(#6680,#6687),.PCURVE_S1.);
#6676 = LINE('',#6677,#6678);
#6677 = CARTESIAN_POINT('',(-1.5,84.,7.));
#6678 = VECTOR('',#6679,1.);
#6679 = DIRECTION('',(1.,0.,-0.));
#6680 = PCURVE('',#2082,#6681);
#6681 = DEFINITIONAL_REPRESENTATION('',(#6682),#6686);
#6682 = LINE('',#6683,#6684);
#6683 = CARTESIAN_POINT('',(108.5,154.));
#6684 = VECTOR('',#6685,1.);
#6685 = DIRECTION('',(1.,0.));
#6686 = ( GEOMETRIC_REPRESENTATION_CONTEXT(2) 
PARAMETRIC_REPRESENTATION_CONTEXT() REPRESENTATION_CONTEXT('2D SPACE',''
  ) );
#6687 = PCURVE('',#4147,#6688);
#6688 = DEFINITIONAL_REPRESENTATION('',(#6689),#6693);
#6689 = LINE('',#6690,#6691);
#6690 = CARTESIAN_POINT('',(0.,0.));
#6691 = VECTOR('',#6692,1.);
#6692 = DIRECTION('',(0.,1.));
#6693 = ( GEOMETRIC_REPRESENTATION_CONTEXT(2) 
PARAMETRIC_REPRESENTATION_CONTEXT() REPRESENTATION_CONTEXT('2D SPACE',''
  ) );
#6694 = ORIENTED_EDGE('',*,*,#6695,.F.);
#6695 = EDGE_CURVE('',#6696,#6673,#6698,.T.);
#6696 = VERTEX_POINT('',#6697);
#6697 = CARTESIAN_POINT('',(-1.5,70.,7.));
#6698 = SURFACE_CURVE('',#6699,(#6703,#6710),.PCURVE_S1.);
#6699 = LINE('',#6700,#6701);
#6700 = CARTESIAN_POINT('',(-1.5,70.,7.));
#6701 = VECTOR('',#6702,1.);
#6702 = DIRECTION('',(-0.,1.,0.));
#6703 = PCURVE('',#2082,#6704);
#6704 = DEFINITIONAL_REPRESENTATION('',(#6705),#6709);
#6705 = LINE('',#6706,#6707);
#6706 = CARTESIAN_POINT('',(108.5,140.));
#6707 = VECTOR('',#6708,1.);
#6708 = DIRECTION('',(0.,1.));
#6709 = ( GEOMETRIC_REPRESENTATION_CONTEXT(2) 
PARAMETRIC_REPRESENTATION_CONTEXT() REPRESENTATION_CONTEXT('2D SPACE',''
  ) );
#6710 = PCURVE('',#4175,#6711);
#6711 = DEFINITIONAL_REPRESENTATION('',(#6712),#6716);
#6712 = LINE('',#6713,#6714);
#6713 = CARTESIAN_POINT('',(0.,0.));
#6714 = VECTOR('',#6715,1.);
#6715 = DIRECTION('',(0.,-1.));
#6716 = ( GEOMETRIC_REPRESENTATION_CONTEXT(2) 
PARAMETRIC_REPRESENTATION_CONTEXT() REPRESENTATION_CONTEXT('2D SPACE',''
  ) );
#6717 = ORIENTED_EDGE('',*,*,#6718,.F.);
#6718 = EDGE_CURVE('',#6719,#6696,#6721,.T.);
#6719 = VERTEX_POINT('',#6720);
#6720 = CARTESIAN_POINT('',(-17.5,70.,7.));
#6721 = SURFACE_CURVE('',#6722,(#6726,#6733),.PCURVE_S1.);
#6722 = LINE('',#6723,#6724);
#6723 = CARTESIAN_POINT('',(-110.,70.,7.));
#6724 = VECTOR('',#6725,1.);
#6725 = DIRECTION('',(1.,0.,-0.));
#6726 = PCURVE('',#2082,#6727);
#6727 = DEFINITIONAL_REPRESENTATION('',(#6728),#6732);
#6728 = LINE('',#6729,#6730);
#6729 = CARTESIAN_POINT('',(0.,140.));
#6730 = VECTOR('',#6731,1.);
#6731 = DIRECTION('',(1.,0.));
#6732 = ( GEOMETRIC_REPRESENTATION_CONTEXT(2) 
PARAMETRIC_REPRESENTATION_CONTEXT() REPRESENTATION_CONTEXT('2D SPACE',''
  ) );
#6733 = PCURVE('',#4203,#6734);
#6734 = DEFINITIONAL_REPRESENTATION('',(#6735),#6739);
#6735 = LINE('',#6736,#6737);
#6736 = CARTESIAN_POINT('',(0.,0.));
#6737 = VECTOR('',#6738,1.);
#6738 = DIRECTION('',(0.,1.));
#6739 = ( GEOMETRIC_REPRESENTATION_CONTEXT(2) 
PARAMETRIC_REPRESENTATION_CONTEXT() REPRESENTATION_CONTEXT('2D SPACE',''
  ) );
#6740 = ORIENTED_EDGE('',*,*,#6741,.T.);
#6741 = EDGE_CURVE('',#6719,#6742,#6744,.T.);
#6742 = VERTEX_POINT('',#6743);
#6743 = CARTESIAN_POINT('',(-17.5,84.,7.));
#6744 = SURFACE_CURVE('',#6745,(#6749,#6756),.PCURVE_S1.);
#6745 = LINE('',#6746,#6747);
#6746 = CARTESIAN_POINT('',(-17.5,70.,7.));
#6747 = VECTOR('',#6748,1.);
#6748 = DIRECTION('',(-0.,1.,0.));
#6749 = PCURVE('',#2082,#6750);
#6750 = DEFINITIONAL_REPRESENTATION('',(#6751),#6755);
#6751 = LINE('',#6752,#6753);
#6752 = CARTESIAN_POINT('',(92.5,140.));
#6753 = VECTOR('',#6754,1.);
#6754 = DIRECTION('',(0.,1.));
#6755 = ( GEOMETRIC_REPRESENTATION_CONTEXT(2) 
PARAMETRIC_REPRESENTATION_CONTEXT() REPRESENTATION_CONTEXT('2D SPACE',''
  ) );
#6756 = PCURVE('',#4231,#6757);
#6757 = DEFINITIONAL_REPRESENTATION('',(#6758),#6762);
#6758 = LINE('',#6759,#6760);
#6759 = CARTESIAN_POINT('',(0.,0.));
#6760 = VECTOR('',#6761,1.);
#6761 = DIRECTION('',(0.,-1.));
#6762 = ( GEOMETRIC_REPRESENTATION_CONTEXT(2) 
PARAMETRIC_REPRESENTATION_CONTEXT() REPRESENTATION_CONTEXT('2D SPACE',''
  ) );
#6763 = ORIENTED_EDGE('',*,*,#6764,.F.);
#6764 = EDGE_CURVE('',#6765,#6742,#6767,.T.);
#6765 = VERTEX_POINT('',#6766);
#6766 = CARTESIAN_POINT('',(-20.5,84.,7.));
#6767 = SURFACE_CURVE('',#6768,(#6772,#6779),.PCURVE_S1.);
#6768 = LINE('',#6769,#6770);
#6769 = CARTESIAN_POINT('',(-20.5,84.,7.));
#6770 = VECTOR('',#6771,1.);
#6771 = DIRECTION('',(1.,0.,-0.));
#6772 = PCURVE('',#2082,#6773);
#6773 = DEFINITIONAL_REPRESENTATION('',(#6774),#6778);
#6774 = LINE('',#6775,#6776);
#6775 = CARTESIAN_POINT('',(89.5,154.));
#6776 = VECTOR('',#6777,1.);
#6777 = DIRECTION('',(1.,0.));
#6778 = ( GEOMETRIC_REPRESENTATION_CONTEXT(2) 
PARAMETRIC_REPRESENTATION_CONTEXT() REPRESENTATION_CONTEXT('2D SPACE',''
  ) );
#6779 = PCURVE('',#4259,#6780);
#6780 = DEFINITIONAL_REPRESENTATION('',(#6781),#6785);
#6781 = LINE('',#6782,#6783);
#6782 = CARTESIAN_POINT('',(0.,0.));
#6783 = VECTOR('',#6784,1.);
#6784 = DIRECTION('',(0.,1.));
#6785 = ( GEOMETRIC_REPRESENTATION_CONTEXT(2) 
PARAMETRIC_REPRESENTATION_CONTEXT() REPRESENTATION_CONTEXT('2D SPACE',''
  ) );
#6786 = ORIENTED_EDGE('',*,*,#6787,.F.);
#6787 = EDGE_CURVE('',#6788,#6765,#6790,.T.);
#6788 = VERTEX_POINT('',#6789);
#6789 = CARTESIAN_POINT('',(-20.5,70.,7.));
#6790 = SURFACE_CURVE('',#6791,(#6795,#6802),.PCURVE_S1.);
#6791 = LINE('',#6792,#6793);
#6792 = CARTESIAN_POINT('',(-20.5,70.,7.));
#6793 = VECTOR('',#6794,1.);
#6794 = DIRECTION('',(-0.,1.,0.));
#6795 = PCURVE('',#2082,#6796);
#6796 = DEFINITIONAL_REPRESENTATION('',(#6797),#6801);
#6797 = LINE('',#6798,#6799);
#6798 = CARTESIAN_POINT('',(89.5,140.));
#6799 = VECTOR('',#6800,1.);
#6800 = DIRECTION('',(0.,1.));
#6801 = ( GEOMETRIC_REPRESENTATION_CONTEXT(2) 
PARAMETRIC_REPRESENTATION_CONTEXT() REPRESENTATION_CONTEXT('2D SPACE',''
  ) );
#6802 = PCURVE('',#4287,#6803);
#6803 = DEFINITIONAL_REPRESENTATION('',(#6804),#6808);
#6804 = LINE('',#6805,#6806);
#6805 = CARTESIAN_POINT('',(0.,0.));
#6806 = VECTOR('',#6807,1.);
#6807 = DIRECTION('',(0.,-1.));
#6808 = ( GEOMETRIC_REPRESENTATION_CONTEXT(2) 
PARAMETRIC_REPRESENTATION_CONTEXT() REPRESENTATION_CONTEXT('2D SPACE',''
  ) );
#6809 = ORIENTED_EDGE('',*,*,#6810,.F.);
#6810 = EDGE_CURVE('',#6811,#6788,#6813,.T.);
#6811 = VERTEX_POINT('',#6812);
#6812 = CARTESIAN_POINT('',(-36.5,70.,7.));
#6813 = SURFACE_CURVE('',#6814,(#6818,#6825),.PCURVE_S1.);
#6814 = LINE('',#6815,#6816);
#6815 = CARTESIAN_POINT('',(-110.,70.,7.));
#6816 = VECTOR('',#6817,1.);
#6817 = DIRECTION('',(1.,0.,-0.));
#6818 = PCURVE('',#2082,#6819);
#6819 = DEFINITIONAL_REPRESENTATION('',(#6820),#6824);
#6820 = LINE('',#6821,#6822);
#6821 = CARTESIAN_POINT('',(0.,140.));
#6822 = VECTOR('',#6823,1.);
#6823 = DIRECTION('',(1.,0.));
#6824 = ( GEOMETRIC_REPRESENTATION_CONTEXT(2) 
PARAMETRIC_REPRESENTATION_CONTEXT() REPRESENTATION_CONTEXT('2D SPACE',''
  ) );
#6825 = PCURVE('',#4315,#6826);
#6826 = DEFINITIONAL_REPRESENTATION('',(#6827),#6831);
#6827 = LINE('',#6828,#6829);
#6828 = CARTESIAN_POINT('',(0.,0.));
#6829 = VECTOR('',#6830,1.);
#6830 = DIRECTION('',(0.,1.));
#6831 = ( GEOMETRIC_REPRESENTATION_CONTEXT(2) 
PARAMETRIC_REPRESENTATION_CONTEXT() REPRESENTATION_CONTEXT('2D SPACE',''
  ) );
#6832 = ORIENTED_EDGE('',*,*,#6833,.T.);
#6833 = EDGE_CURVE('',#6811,#6834,#6836,.T.);
#6834 = VERTEX_POINT('',#6835);
#6835 = CARTESIAN_POINT('',(-36.5,84.,7.));
#6836 = SURFACE_CURVE('',#6837,(#6841,#6848),.PCURVE_S1.);
#6837 = LINE('',#6838,#6839);
#6838 = CARTESIAN_POINT('',(-36.5,70.,7.));
#6839 = VECTOR('',#6840,1.);
#6840 = DIRECTION('',(-0.,1.,0.));
#6841 = PCURVE('',#2082,#6842);
#6842 = DEFINITIONAL_REPRESENTATION('',(#6843),#6847);
#6843 = LINE('',#6844,#6845);
#6844 = CARTESIAN_POINT('',(73.5,140.));
#6845 = VECTOR('',#6846,1.);
#6846 = DIRECTION('',(0.,1.));
#6847 = ( GEOMETRIC_REPRESENTATION_CONTEXT(2) 
PARAMETRIC_REPRESENTATION_CONTEXT() REPRESENTATION_CONTEXT('2D SPACE',''
  ) );
#6848 = PCURVE('',#4343,#6849);
#6849 = DEFINITIONAL_REPRESENTATION('',(#6850),#6854);
#6850 = LINE('',#6851,#6852);
#6851 = CARTESIAN_POINT('',(0.,0.));
#6852 = VECTOR('',#6853,1.);
#6853 = DIRECTION('',(0.,-1.));
#6854 = ( GEOMETRIC_REPRESENTATION_CONTEXT(2) 
PARAMETRIC_REPRESENTATION_CONTEXT() REPRESENTATION_CONTEXT('2D SPACE',''
  ) );
#6855 = ORIENTED_EDGE('',*,*,#6856,.F.);
#6856 = EDGE_CURVE('',#6857,#6834,#6859,.T.);
#6857 = VERTEX_POINT('',#6858);
#6858 = CARTESIAN_POINT('',(-39.5,84.,7.));
#6859 = SURFACE_CURVE('',#6860,(#6864,#6871),.PCURVE_S1.);
#6860 = LINE('',#6861,#6862);
#6861 = CARTESIAN_POINT('',(-39.5,84.,7.));
#6862 = VECTOR('',#6863,1.);
#6863 = DIRECTION('',(1.,0.,-0.));
#6864 = PCURVE('',#2082,#6865);
#6865 = DEFINITIONAL_REPRESENTATION('',(#6866),#6870);
#6866 = LINE('',#6867,#6868);
#6867 = CARTESIAN_POINT('',(70.5,154.));
#6868 = VECTOR('',#6869,1.);
#6869 = DIRECTION('',(1.,0.));
#6870 = ( GEOMETRIC_REPRESENTATION_CONTEXT(2) 
PARAMETRIC_REPRESENTATION_CONTEXT() REPRESENTATION_CONTEXT('2D SPACE',''
  ) );
#6871 = PCURVE('',#4371,#6872);
#6872 = DEFINITIONAL_REPRESENTATION('',(#6873),#6877);
#6873 = LINE('',#6874,#6875);
#6874 = CARTESIAN_POINT('',(0.,0.));
#6875 = VECTOR('',#6876,1.);
#6876 = DIRECTION('',(0.,1.));
#6877 = ( GEOMETRIC_REPRESENTATION_CONTEXT(2) 
PARAMETRIC_REPRESENTATION_CONTEXT() REPRESENTATION_CONTEXT('2D SPACE',''
  ) );
#6878 = ORIENTED_EDGE('',*,*,#6879,.F.);
#6879 = EDGE_CURVE('',#6880,#6857,#6882,.T.);
#6880 = VERTEX_POINT('',#6881);
#6881 = CARTESIAN_POINT('',(-39.5,70.,7.));
#6882 = SURFACE_CURVE('',#6883,(#6887,#6894),.PCURVE_S1.);
#6883 = LINE('',#6884,#6885);
#6884 = CARTESIAN_POINT('',(-39.5,70.,7.));
#6885 = VECTOR('',#6886,1.);
#6886 = DIRECTION('',(-0.,1.,0.));
#6887 = PCURVE('',#2082,#6888);
#6888 = DEFINITIONAL_REPRESENTATION('',(#6889),#6893);
#6889 = LINE('',#6890,#6891);
#6890 = CARTESIAN_POINT('',(70.5,140.));
#6891 = VECTOR('',#6892,1.);
#6892 = DIRECTION('',(0.,1.));
#6893 = ( GEOMETRIC_REPRESENTATION_CONTEXT(2) 
PARAMETRIC_REPRESENTATION_CONTEXT() REPRESENTATION_CONTEXT('2D SPACE',''
  ) );
#6894 = PCURVE('',#4399,#6895);
#6895 = DEFINITIONAL_REPRESENTATION('',(#6896),#6900);
#6896 = LINE('',#6897,#6898);
#6897 = CARTESIAN_POINT('',(0.,0.));
#6898 = VECTOR('',#6899,1.);
#6899 = DIRECTION('',(0.,-1.));
#6900 = ( GEOMETRIC_REPRESENTATION_CONTEXT(2) 
PARAMETRIC_REPRESENTATION_CONTEXT() REPRESENTATION_CONTEXT('2D SPACE',''
  ) );
#6901 = ORIENTED_EDGE('',*,*,#6902,.F.);
#6902 = EDGE_CURVE('',#6903,#6880,#6905,.T.);
#6903 = VERTEX_POINT('',#6904);
#6904 = CARTESIAN_POINT('',(-55.5,70.,7.));
#6905 = SURFACE_CURVE('',#6906,(#6910,#6917),.PCURVE_S1.);
#6906 = LINE('',#6907,#6908);
#6907 = CARTESIAN_POINT('',(-110.,70.,7.));
#6908 = VECTOR('',#6909,1.);
#6909 = DIRECTION('',(1.,0.,-0.));
#6910 = PCURVE('',#2082,#6911);
#6911 = DEFINITIONAL_REPRESENTATION('',(#6912),#6916);
#6912 = LINE('',#6913,#6914);
#6913 = CARTESIAN_POINT('',(0.,140.));
#6914 = VECTOR('',#6915,1.);
#6915 = DIRECTION('',(1.,0.));
#6916 = ( GEOMETRIC_REPRESENTATION_CONTEXT(2) 
PARAMETRIC_REPRESENTATION_CONTEXT() REPRESENTATION_CONTEXT('2D SPACE',''
  ) );
#6917 = PCURVE('',#4427,#6918);
#6918 = DEFINITIONAL_REPRESENTATION('',(#6919),#6923);
#6919 = LINE('',#6920,#6921);
#6920 = CARTESIAN_POINT('',(0.,0.));
#6921 = VECTOR('',#6922,1.);
#6922 = DIRECTION('',(0.,1.));
#6923 = ( GEOMETRIC_REPRESENTATION_CONTEXT(2) 
PARAMETRIC_REPRESENTATION_CONTEXT() REPRESENTATION_CONTEXT('2D SPACE',''
  ) );
#6924 = ORIENTED_EDGE('',*,*,#6925,.T.);
#6925 = EDGE_CURVE('',#6903,#6926,#6928,.T.);
#6926 = VERTEX_POINT('',#6927);
#6927 = CARTESIAN_POINT('',(-55.5,84.,7.));
#6928 = SURFACE_CURVE('',#6929,(#6933,#6940),.PCURVE_S1.);
#6929 = LINE('',#6930,#6931);
#6930 = CARTESIAN_POINT('',(-55.5,70.,7.));
#6931 = VECTOR('',#6932,1.);
#6932 = DIRECTION('',(-0.,1.,0.));
#6933 = PCURVE('',#2082,#6934);
#6934 = DEFINITIONAL_REPRESENTATION('',(#6935),#6939);
#6935 = LINE('',#6936,#6937);
#6936 = CARTESIAN_POINT('',(54.5,140.));
#6937 = VECTOR('',#6938,1.);
#6938 = DIRECTION('',(0.,1.));
#6939 = ( GEOMETRIC_REPRESENTATION_CONTEXT(2) 
PARAMETRIC_REPRESENTATION_CONTEXT() REPRESENTATION_CONTEXT('2D SPACE',''
  ) );
#6940 = PCURVE('',#4455,#6941);
#6941 = DEFINITIONAL_REPRESENTATION('',(#6942),#6946);
#6942 = LINE('',#6943,#6944);
#6943 = CARTESIAN_POINT('',(0.,0.));
#6944 = VECTOR('',#6945,1.);
#6945 = DIRECTION('',(0.,-1.));
#6946 = ( GEOMETRIC_REPRESENTATION_CONTEXT(2) 
PARAMETRIC_REPRESENTATION_CONTEXT() REPRESENTATION_CONTEXT('2D SPACE',''
  ) );
#6947 = ORIENTED_EDGE('',*,*,#6948,.F.);
#6948 = EDGE_CURVE('',#6949,#6926,#6951,.T.);
#6949 = VERTEX_POINT('',#6950);
#6950 = CARTESIAN_POINT('',(-58.5,84.,7.));
#6951 = SURFACE_CURVE('',#6952,(#6956,#6963),.PCURVE_S1.);
#6952 = LINE('',#6953,#6954);
#6953 = CARTESIAN_POINT('',(-58.5,84.,7.));
#6954 = VECTOR('',#6955,1.);
#6955 = DIRECTION('',(1.,0.,-0.));
#6956 = PCURVE('',#2082,#6957);
#6957 = DEFINITIONAL_REPRESENTATION('',(#6958),#6962);
#6958 = LINE('',#6959,#6960);
#6959 = CARTESIAN_POINT('',(51.5,154.));
#6960 = VECTOR('',#6961,1.);
#6961 = DIRECTION('',(1.,0.));
#6962 = ( GEOMETRIC_REPRESENTATION_CONTEXT(2) 
PARAMETRIC_REPRESENTATION_CONTEXT() REPRESENTATION_CONTEXT('2D SPACE',''
  ) );
#6963 = PCURVE('',#4483,#6964);
#6964 = DEFINITIONAL_REPRESENTATION('',(#6965),#6969);
#6965 = LINE('',#6966,#6967);
#6966 = CARTESIAN_POINT('',(0.,0.));
#6967 = VECTOR('',#6968,1.);
#6968 = DIRECTION('',(0.,1.));
#6969 = ( GEOMETRIC_REPRESENTATION_CONTEXT(2) 
PARAMETRIC_REPRESENTATION_CONTEXT() REPRESENTATION_CONTEXT('2D SPACE',''
  ) );
#6970 = ORIENTED_EDGE('',*,*,#6971,.F.);
#6971 = EDGE_CURVE('',#6972,#6949,#6974,.T.);
#6972 = VERTEX_POINT('',#6973);
#6973 = CARTESIAN_POINT('',(-58.5,70.,7.));
#6974 = SURFACE_CURVE('',#6975,(#6979,#6986),.PCURVE_S1.);
#6975 = LINE('',#6976,#6977);
#6976 = CARTESIAN_POINT('',(-58.5,70.,7.));
#6977 = VECTOR('',#6978,1.);
#6978 = DIRECTION('',(-0.,1.,0.));
#6979 = PCURVE('',#2082,#6980);
#6980 = DEFINITIONAL_REPRESENTATION('',(#6981),#6985);
#6981 = LINE('',#6982,#6983);
#6982 = CARTESIAN_POINT('',(51.5,140.));
#6983 = VECTOR('',#6984,1.);
#6984 = DIRECTION('',(0.,1.));
#6985 = ( GEOMETRIC_REPRESENTATION_CONTEXT(2) 
PARAMETRIC_REPRESENTATION_CONTEXT() REPRESENTATION_CONTEXT('2D SPACE',''
  ) );
#6986 = PCURVE('',#4511,#6987);
#6987 = DEFINITIONAL_REPRESENTATION('',(#6988),#6992);
#6988 = LINE('',#6989,#6990);
#6989 = CARTESIAN_POINT('',(0.,0.));
#6990 = VECTOR('',#6991,1.);
#6991 = DIRECTION('',(0.,-1.));
#6992 = ( GEOMETRIC_REPRESENTATION_CONTEXT(2) 
PARAMETRIC_REPRESENTATION_CONTEXT() REPRESENTATION_CONTEXT('2D SPACE',''
  ) );
#6993 = ORIENTED_EDGE('',*,*,#6994,.F.);
#6994 = EDGE_CURVE('',#6995,#6972,#6997,.T.);
#6995 = VERTEX_POINT('',#6996);
#6996 = CARTESIAN_POINT('',(-74.5,70.,7.));
#6997 = SURFACE_CURVE('',#6998,(#7002,#7009),.PCURVE_S1.);
#6998 = LINE('',#6999,#7000);
#6999 = CARTESIAN_POINT('',(-110.,70.,7.));
#7000 = VECTOR('',#7001,1.);
#7001 = DIRECTION('',(1.,0.,-0.));
#7002 = PCURVE('',#2082,#7003);
#7003 = DEFINITIONAL_REPRESENTATION('',(#7004),#7008);
#7004 = LINE('',#7005,#7006);
#7005 = CARTESIAN_POINT('',(0.,140.));
#7006 = VECTOR('',#7007,1.);
#7007 = DIRECTION('',(1.,0.));
#7008 = ( GEOMETRIC_REPRESENTATION_CONTEXT(2) 
PARAMETRIC_REPRESENTATION_CONTEXT() REPRESENTATION_CONTEXT('2D SPACE',''
  ) );
#7009 = PCURVE('',#4539,#7010);
#7010 = DEFINITIONAL_REPRESENTATION('',(#7011),#7015);
#7011 = LINE('',#7012,#7013);
#7012 = CARTESIAN_POINT('',(0.,0.));
#7013 = VECTOR('',#7014,1.);
#7014 = DIRECTION('',(0.,1.));
#7015 = ( GEOMETRIC_REPRESENTATION_CONTEXT(2) 
PARAMETRIC_REPRESENTATION_CONTEXT() REPRESENTATION_CONTEXT('2D SPACE',''
  ) );
#7016 = ORIENTED_EDGE('',*,*,#7017,.T.);
#7017 = EDGE_CURVE('',#6995,#7018,#7020,.T.);
#7018 = VERTEX_POINT('',#7019);
#7019 = CARTESIAN_POINT('',(-74.5,84.,7.));
#7020 = SURFACE_CURVE('',#7021,(#7025,#7032),.PCURVE_S1.);
#7021 = LINE('',#7022,#7023);
#7022 = CARTESIAN_POINT('',(-74.5,70.,7.));
#7023 = VECTOR('',#7024,1.);
#7024 = DIRECTION('',(-0.,1.,0.));
#7025 = PCURVE('',#2082,#7026);
#7026 = DEFINITIONAL_REPRESENTATION('',(#7027),#7031);
#7027 = LINE('',#7028,#7029);
#7028 = CARTESIAN_POINT('',(35.5,140.));
#7029 = VECTOR('',#7030,1.);
#7030 = DIRECTION('',(0.,1.));
#7031 = ( GEOMETRIC_REPRESENTATION_CONTEXT(2) 
PARAMETRIC_REPRESENTATION_CONTEXT() REPRESENTATION_CONTEXT('2D SPACE',''
  ) );
#7032 = PCURVE('',#4567,#7033);
#7033 = DEFINITIONAL_REPRESENTATION('',(#7034),#7038);
#7034 = LINE('',#7035,#7036);
#7035 = CARTESIAN_POINT('',(0.,0.));
#7036 = VECTOR('',#7037,1.);
#7037 = DIRECTION('',(0.,-1.));
#7038 = ( GEOMETRIC_REPRESENTATION_CONTEXT(2) 
PARAMETRIC_REPRESENTATION_CONTEXT() REPRESENTATION_CONTEXT('2D SPACE',''
  ) );
#7039 = ORIENTED_EDGE('',*,*,#7040,.F.);
#7040 = EDGE_CURVE('',#7041,#7018,#7043,.T.);
#7041 = VERTEX_POINT('',#7042);
#7042 = CARTESIAN_POINT('',(-77.5,84.,7.));
#7043 = SURFACE_CURVE('',#7044,(#7048,#7055),.PCURVE_S1.);
#7044 = LINE('',#7045,#7046);
#7045 = CARTESIAN_POINT('',(-77.5,84.,7.));
#7046 = VECTOR('',#7047,1.);
#7047 = DIRECTION('',(1.,0.,-0.));
#7048 = PCURVE('',#2082,#7049);
#7049 = DEFINITIONAL_REPRESENTATION('',(#7050),#7054);
#7050 = LINE('',#7051,#7052);
#7051 = CARTESIAN_POINT('',(32.5,154.));
#7052 = VECTOR('',#7053,1.);
#7053 = DIRECTION('',(1.,0.));
#7054 = ( GEOMETRIC_REPRESENTATION_CONTEXT(2) 
PARAMETRIC_REPRESENTATION_CONTEXT() REPRESENTATION_CONTEXT('2D SPACE',''
  ) );
#7055 = PCURVE('',#4595,#7056);
#7056 = DEFINITIONAL_REPRESENTATION('',(#7057),#7061);
#7057 = LINE('',#7058,#7059);
#7058 = CARTESIAN_POINT('',(0.,0.));
#7059 = VECTOR('',#7060,1.);
#7060 = DIRECTION('',(0.,1.));
#7061 = ( GEOMETRIC_REPRESENTATION_CONTEXT(2) 
PARAMETRIC_REPRESENTATION_CONTEXT() REPRESENTATION_CONTEXT('2D SPACE',''
  ) );
#7062 = ORIENTED_EDGE('',*,*,#7063,.F.);
#7063 = EDGE_CURVE('',#7064,#7041,#7066,.T.);
#7064 = VERTEX_POINT('',#7065);
#7065 = CARTESIAN_POINT('',(-77.5,70.,7.));
#7066 = SURFACE_CURVE('',#7067,(#7071,#7078),.PCURVE_S1.);
#7067 = LINE('',#7068,#7069);
#7068 = CARTESIAN_POINT('',(-77.5,70.,7.));
#7069 = VECTOR('',#7070,1.);
#7070 = DIRECTION('',(-0.,1.,0.));
#7071 = PCURVE('',#2082,#7072);
#7072 = DEFINITIONAL_REPRESENTATION('',(#7073),#7077);
#7073 = LINE('',#7074,#7075);
#7074 = CARTESIAN_POINT('',(32.5,140.));
#7075 = VECTOR('',#7076,1.);
#7076 = DIRECTION('',(0.,1.));
#7077 = ( GEOMETRIC_REPRESENTATION_CONTEXT(2) 
PARAMETRIC_REPRESENTATION_CONTEXT() REPRESENTATION_CONTEXT('2D SPACE',''
  ) );
#7078 = PCURVE('',#4623,#7079);
#7079 = DEFINITIONAL_REPRESENTATION('',(#7080),#7084);
#7080 = LINE('',#7081,#7082);
#7081 = CARTESIAN_POINT('',(0.,0.));
#7082 = VECTOR('',#7083,1.);
#7083 = DIRECTION('',(0.,-1.));
#7084 = ( GEOMETRIC_REPRESENTATION_CONTEXT(2) 
PARAMETRIC_REPRESENTATION_CONTEXT() REPRESENTATION_CONTEXT('2D SPACE',''
  ) );
#7085 = ORIENTED_EDGE('',*,*,#7086,.F.);
#7086 = EDGE_CURVE('',#7087,#7064,#7089,.T.);
#7087 = VERTEX_POINT('',#7088);
#7088 = CARTESIAN_POINT('',(-93.5,70.,7.));
#7089 = SURFACE_CURVE('',#7090,(#7094,#7101),.PCURVE_S1.);
#7090 = LINE('',#7091,#7092);
#7091 = CARTESIAN_POINT('',(-110.,70.,7.));
#7092 = VECTOR('',#7093,1.);
#7093 = DIRECTION('',(1.,0.,-0.));
#7094 = PCURVE('',#2082,#7095);
#7095 = DEFINITIONAL_REPRESENTATION('',(#7096),#7100);
#7096 = LINE('',#7097,#7098);
#7097 = CARTESIAN_POINT('',(0.,140.));
#7098 = VECTOR('',#7099,1.);
#7099 = DIRECTION('',(1.,0.));
#7100 = ( GEOMETRIC_REPRESENTATION_CONTEXT(2) 
PARAMETRIC_REPRESENTATION_CONTEXT() REPRESENTATION_CONTEXT('2D SPACE',''
  ) );
#7101 = PCURVE('',#4651,#7102);
#7102 = DEFINITIONAL_REPRESENTATION('',(#7103),#7107);
#7103 = LINE('',#7104,#7105);
#7104 = CARTESIAN_POINT('',(0.,0.));
#7105 = VECTOR('',#7106,1.);
#7106 = DIRECTION('',(0.,1.));
#7107 = ( GEOMETRIC_REPRESENTATION_CONTEXT(2) 
PARAMETRIC_REPRESENTATION_CONTEXT() REPRESENTATION_CONTEXT('2D SPACE',''
  ) );
#7108 = ORIENTED_EDGE('',*,*,#7109,.T.);
#7109 = EDGE_CURVE('',#7087,#7110,#7112,.T.);
#7110 = VERTEX_POINT('',#7111);
#7111 = CARTESIAN_POINT('',(-93.5,84.,7.));
#7112 = SURFACE_CURVE('',#7113,(#7117,#7124),.PCURVE_S1.);
#7113 = LINE('',#7114,#7115);
#7114 = CARTESIAN_POINT('',(-93.5,70.,7.));
#7115 = VECTOR('',#7116,1.);
#7116 = DIRECTION('',(-0.,1.,0.));
#7117 = PCURVE('',#2082,#7118);
#7118 = DEFINITIONAL_REPRESENTATION('',(#7119),#7123);
#7119 = LINE('',#7120,#7121);
#7120 = CARTESIAN_POINT('',(16.5,140.));
#7121 = VECTOR('',#7122,1.);
#7122 = DIRECTION('',(0.,1.));
#7123 = ( GEOMETRIC_REPRESENTATION_CONTEXT(2) 
PARAMETRIC_REPRESENTATION_CONTEXT() REPRESENTATION_CONTEXT('2D SPACE',''
  ) );
#7124 = PCURVE('',#4679,#7125);
#7125 = DEFINITIONAL_REPRESENTATION('',(#7126),#7130);
#7126 = LINE('',#7127,#7128);
#7127 = CARTESIAN_POINT('',(0.,0.));
#7128 = VECTOR('',#7129,1.);
#7129 = DIRECTION('',(0.,-1.));
#7130 = ( GEOMETRIC_REPRESENTATION_CONTEXT(2) 
PARAMETRIC_REPRESENTATION_CONTEXT() REPRESENTATION_CONTEXT('2D SPACE',''
  ) );
#7131 = ORIENTED_EDGE('',*,*,#7132,.F.);
#7132 = EDGE_CURVE('',#7133,#7110,#7135,.T.);
#7133 = VERTEX_POINT('',#7134);
#7134 = CARTESIAN_POINT('',(-96.5,84.,7.));
#7135 = SURFACE_CURVE('',#7136,(#7140,#7147),.PCURVE_S1.);
#7136 = LINE('',#7137,#7138);
#7137 = CARTESIAN_POINT('',(-96.5,84.,7.));
#7138 = VECTOR('',#7139,1.);
#7139 = DIRECTION('',(1.,0.,-0.));
#7140 = PCURVE('',#2082,#7141);
#7141 = DEFINITIONAL_REPRESENTATION('',(#7142),#7146);
#7142 = LINE('',#7143,#7144);
#7143 = CARTESIAN_POINT('',(13.5,154.));
#7144 = VECTOR('',#7145,1.);
#7145 = DIRECTION('',(1.,0.));
#7146 = ( GEOMETRIC_REPRESENTATION_CONTEXT(2) 
PARAMETRIC_REPRESENTATION_CONTEXT() REPRESENTATION_CONTEXT('2D SPACE',''
  ) );
#7147 = PCURVE('',#4707,#7148);
#7148 = DEFINITIONAL_REPRESENTATION('',(#7149),#7153);
#7149 = LINE('',#7150,#7151);
#7150 = CARTESIAN_POINT('',(0.,0.));
#7151 = VECTOR('',#7152,1.);
#7152 = DIRECTION('',(0.,1.));
#7153 = ( GEOMETRIC_REPRESENTATION_CONTEXT(2) 
PARAMETRIC_REPRESENTATION_CONTEXT() REPRESENTATION_CONTEXT('2D SPACE',''
  ) );
#7154 = ORIENTED_EDGE('',*,*,#7155,.F.);
#7155 = EDGE_CURVE('',#7156,#7133,#7158,.T.);
#7156 = VERTEX_POINT('',#7157);
#7157 = CARTESIAN_POINT('',(-96.5,70.,7.));
#7158 = SURFACE_CURVE('',#7159,(#7163,#7170),.PCURVE_S1.);
#7159 = LINE('',#7160,#7161);
#7160 = CARTESIAN_POINT('',(-96.5,70.,7.));
#7161 = VECTOR('',#7162,1.);
#7162 = DIRECTION('',(-0.,1.,0.));
#7163 = PCURVE('',#2082,#7164);
#7164 = DEFINITIONAL_REPRESENTATION('',(#7165),#7169);
#7165 = LINE('',#7166,#7167);
#7166 = CARTESIAN_POINT('',(13.5,140.));
#7167 = VECTOR('',#7168,1.);
#7168 = DIRECTION('',(0.,1.));
#7169 = ( GEOMETRIC_REPRESENTATION_CONTEXT(2) 
PARAMETRIC_REPRESENTATION_CONTEXT() REPRESENTATION_CONTEXT('2D SPACE',''
  ) );
#7170 = PCURVE('',#4735,#7171);
#7171 = DEFINITIONAL_REPRESENTATION('',(#7172),#7176);
#7172 = LINE('',#7173,#7174);
#7173 = CARTESIAN_POINT('',(0.,0.));
#7174 = VECTOR('',#7175,1.);
#7175 = DIRECTION('',(0.,-1.));
#7176 = ( GEOMETRIC_REPRESENTATION_CONTEXT(2) 
PARAMETRIC_REPRESENTATION_CONTEXT() REPRESENTATION_CONTEXT('2D SPACE',''
  ) );
#7177 = ORIENTED_EDGE('',*,*,#7178,.F.);
#7178 = EDGE_CURVE('',#2067,#7156,#7179,.T.);
#7179 = SURFACE_CURVE('',#7180,(#7184,#7191),.PCURVE_S1.);
#7180 = LINE('',#7181,#7182);
#7181 = CARTESIAN_POINT('',(-110.,70.,7.));
#7182 = VECTOR('',#7183,1.);
#7183 = DIRECTION('',(1.,0.,-0.));
#7184 = PCURVE('',#2082,#7185);
#7185 = DEFINITIONAL_REPRESENTATION('',(#7186),#7190);
#7186 = LINE('',#7187,#7188);
#7187 = CARTESIAN_POINT('',(0.,140.));
#7188 = VECTOR('',#7189,1.);
#7189 = DIRECTION('',(1.,0.));
#7190 = ( GEOMETRIC_REPRESENTATION_CONTEXT(2) 
PARAMETRIC_REPRESENTATION_CONTEXT() REPRESENTATION_CONTEXT('2D SPACE',''
  ) );
#7191 = PCURVE('',#2110,#7192);
#7192 = DEFINITIONAL_REPRESENTATION('',(#7193),#7197);
#7193 = LINE('',#7194,#7195);
#7194 = CARTESIAN_POINT('',(0.,0.));
#7195 = VECTOR('',#7196,1.);
#7196 = DIRECTION('',(0.,1.));
#7197 = ( GEOMETRIC_REPRESENTATION_CONTEXT(2) 
PARAMETRIC_REPRESENTATION_CONTEXT() REPRESENTATION_CONTEXT('2D SPACE',''
  ) );
#7198 = FACE_BOUND('',#7199,.F.);
#7199 = EDGE_LOOP('',(#7200));
#7200 = ORIENTED_EDGE('',*,*,#7201,.F.);
#7201 = EDGE_CURVE('',#7202,#7202,#7204,.T.);
#7202 = VERTEX_POINT('',#7203);
#7203 = CARTESIAN_POINT('',(-100.85,-62.5,7.));
#7204 = SURFACE_CURVE('',#7205,(#7210,#7217),.PCURVE_S1.);
#7205 = CIRCLE('',#7206,1.65);
#7206 = AXIS2_PLACEMENT_3D('',#7207,#7208,#7209);
#7207 = CARTESIAN_POINT('',(-102.5,-62.5,7.));
#7208 = DIRECTION('',(0.,0.,1.));
#7209 = DIRECTION('',(1.,0.,-0.));
#7210 = PCURVE('',#2082,#7211);
#7211 = DEFINITIONAL_REPRESENTATION('',(#7212),#7216);
#7212 = CIRCLE('',#7213,1.65);
#7213 = AXIS2_PLACEMENT_2D('',#7214,#7215);
#7214 = CARTESIAN_POINT('',(7.5,7.5));
#7215 = DIRECTION('',(1.,0.));
#7216 = ( GEOMETRIC_REPRESENTATION_CONTEXT(2) 
PARAMETRIC_REPRESENTATION_CONTEXT() REPRESENTATION_CONTEXT('2D SPACE',''
  ) );
#7217 = PCURVE('',#4787,#7218);
#7218 = DEFINITIONAL_REPRESENTATION('',(#7219),#7223);
#7219 = LINE('',#7220,#7221);
#7220 = CARTESIAN_POINT('',(0.,1.));
#7221 = VECTOR('',#7222,1.);
#7222 = DIRECTION('',(1.,0.));
#7223 = ( GEOMETRIC_REPRESENTATION_CONTEXT(2) 
PARAMETRIC_REPRESENTATION_CONTEXT() REPRESENTATION_CONTEXT('2D SPACE',''
  ) );
#7224 = FACE_BOUND('',#7225,.F.);
#7225 = EDGE_LOOP('',(#7226));
#7226 = ORIENTED_EDGE('',*,*,#7227,.F.);
#7227 = EDGE_CURVE('',#7228,#7228,#7230,.T.);
#7228 = VERTEX_POINT('',#7229);
#7229 = CARTESIAN_POINT('',(104.15,-62.5,7.));
#7230 = SURFACE_CURVE('',#7231,(#7236,#7243),.PCURVE_S1.);
#7231 = CIRCLE('',#7232,1.65);
#7232 = AXIS2_PLACEMENT_3D('',#7233,#7234,#7235);
#7233 = CARTESIAN_POINT('',(102.5,-62.5,7.));
#7234 = DIRECTION('',(0.,0.,1.));
#7235 = DIRECTION('',(1.,0.,-0.));
#7236 = PCURVE('',#2082,#7237);
#7237 = DEFINITIONAL_REPRESENTATION('',(#7238),#7242);
#7238 = CIRCLE('',#7239,1.65);
#7239 = AXIS2_PLACEMENT_2D('',#7240,#7241);
#7240 = CARTESIAN_POINT('',(212.5,7.5));
#7241 = DIRECTION('',(1.,0.));
#7242 = ( GEOMETRIC_REPRESENTATION_CONTEXT(2) 
PARAMETRIC_REPRESENTATION_CONTEXT() REPRESENTATION_CONTEXT('2D SPACE',''
  ) );
#7243 = PCURVE('',#4818,#7244);
#7244 = DEFINITIONAL_REPRESENTATION('',(#7245),#7249);
#7245 = LINE('',#7246,#7247);
#7246 = CARTESIAN_POINT('',(0.,1.));
#7247 = VECTOR('',#7248,1.);
#7248 = DIRECTION('',(1.,0.));
#7249 = ( GEOMETRIC_REPRESENTATION_CONTEXT(2) 
PARAMETRIC_REPRESENTATION_CONTEXT() REPRESENTATION_CONTEXT('2D SPACE',''
  ) );
#7250 = FACE_BOUND('',#7251,.F.);
#7251 = EDGE_LOOP('',(#7252,#7276,#7300,#7322,#7346,#7368,#7392,#7414));
#7252 = ORIENTED_EDGE('',*,*,#7253,.T.);
#7253 = EDGE_CURVE('',#7254,#7256,#7258,.T.);
#7254 = VERTEX_POINT('',#7255);
#7255 = CARTESIAN_POINT('',(102.49999996412,-67.,7.));
#7256 = VERTEX_POINT('',#7257);
#7257 = CARTESIAN_POINT('',(-102.5,-67.,7.));
#7258 = SURFACE_CURVE('',#7259,(#7263,#7270),.PCURVE_S1.);
#7259 = LINE('',#7260,#7261);
#7260 = CARTESIAN_POINT('',(-108.5,-67.,7.));
#7261 = VECTOR('',#7262,1.);
#7262 = DIRECTION('',(-1.,-0.,0.));
#7263 = PCURVE('',#2082,#7264);
#7264 = DEFINITIONAL_REPRESENTATION('',(#7265),#7269);
#7265 = LINE('',#7266,#7267);
#7266 = CARTESIAN_POINT('',(1.5,3.));
#7267 = VECTOR('',#7268,1.);
#7268 = DIRECTION('',(-1.,0.));
#7269 = ( GEOMETRIC_REPRESENTATION_CONTEXT(2) 
PARAMETRIC_REPRESENTATION_CONTEXT() REPRESENTATION_CONTEXT('2D SPACE',''
  ) );
#7270 = PCURVE('',#4850,#7271);
#7271 = DEFINITIONAL_REPRESENTATION('',(#7272),#7275);
#7272 = B_SPLINE_CURVE_WITH_KNOTS('',1,(#7273,#7274),.UNSPECIFIED.,.F.,
  .F.,(2,2),(-215.5,-1.5),.PIECEWISE_BEZIER_KNOTS.);
#7273 = CARTESIAN_POINT('',(1.,214.));
#7274 = CARTESIAN_POINT('',(1.,0.));
#7275 = ( GEOMETRIC_REPRESENTATION_CONTEXT(2) 
PARAMETRIC_REPRESENTATION_CONTEXT() REPRESENTATION_CONTEXT('2D SPACE',''
  ) );
#7276 = ORIENTED_EDGE('',*,*,#7277,.T.);
#7277 = EDGE_CURVE('',#7256,#7278,#7280,.T.);
#7278 = VERTEX_POINT('',#7279);
#7279 = CARTESIAN_POINT('',(-107.,-62.5,7.));
#7280 = SURFACE_CURVE('',#7281,(#7286,#7293),.PCURVE_S1.);
#7281 = CIRCLE('',#7282,4.5);
#7282 = AXIS2_PLACEMENT_3D('',#7283,#7284,#7285);
#7283 = CARTESIAN_POINT('',(-102.5,-62.5,7.));
#7284 = DIRECTION('',(0.,0.,1.));
#7285 = DIRECTION('',(-1.578983857245E-14,-1.,0.));
#7286 = PCURVE('',#2082,#7287);
#7287 = DEFINITIONAL_REPRESENTATION('',(#7288),#7292);
#7288 = CIRCLE('',#7289,4.5);
#7289 = AXIS2_PLACEMENT_2D('',#7290,#7291);
#7290 = CARTESIAN_POINT('',(7.5,7.5));
#7291 = DIRECTION('',(-1.578983857245E-14,-1.));
#7292 = ( GEOMETRIC_REPRESENTATION_CONTEXT(2) 
PARAMETRIC_REPRESENTATION_CONTEXT() REPRESENTATION_CONTEXT('2D SPACE',''
  ) );
#7293 = PCURVE('',#4882,#7294);
#7294 = DEFINITIONAL_REPRESENTATION('',(#7295),#7299);
#7295 = LINE('',#7296,#7297);
#7296 = CARTESIAN_POINT('',(4.712388980385,0.));
#7297 = VECTOR('',#7298,1.);
#7298 = DIRECTION('',(1.,0.));
#7299 = ( GEOMETRIC_REPRESENTATION_CONTEXT(2) 
PARAMETRIC_REPRESENTATION_CONTEXT() REPRESENTATION_CONTEXT('2D SPACE',''
  ) );
#7300 = ORIENTED_EDGE('',*,*,#7301,.T.);
#7301 = EDGE_CURVE('',#7278,#7302,#7304,.T.);
#7302 = VERTEX_POINT('',#7303);
#7303 = CARTESIAN_POINT('',(-107.,62.499999964123,7.));
#7304 = SURFACE_CURVE('',#7305,(#7309,#7316),.PCURVE_S1.);
#7305 = LINE('',#7306,#7307);
#7306 = CARTESIAN_POINT('',(-107.,-68.5,7.));
#7307 = VECTOR('',#7308,1.);
#7308 = DIRECTION('',(-0.,1.,0.));
#7309 = PCURVE('',#2082,#7310);
#7310 = DEFINITIONAL_REPRESENTATION('',(#7311),#7315);
#7311 = LINE('',#7312,#7313);
#7312 = CARTESIAN_POINT('',(3.,1.5));
#7313 = VECTOR('',#7314,1.);
#7314 = DIRECTION('',(0.,1.));
#7315 = ( GEOMETRIC_REPRESENTATION_CONTEXT(2) 
PARAMETRIC_REPRESENTATION_CONTEXT() REPRESENTATION_CONTEXT('2D SPACE',''
  ) );
#7316 = PCURVE('',#4910,#7317);
#7317 = DEFINITIONAL_REPRESENTATION('',(#7318),#7321);
#7318 = B_SPLINE_CURVE_WITH_KNOTS('',1,(#7319,#7320),.UNSPECIFIED.,.F.,
  .F.,(2,2),(1.5,135.5),.PIECEWISE_BEZIER_KNOTS.);
#7319 = CARTESIAN_POINT('',(1.,0.));
#7320 = CARTESIAN_POINT('',(1.,-134.));
#7321 = ( GEOMETRIC_REPRESENTATION_CONTEXT(2) 
PARAMETRIC_REPRESENTATION_CONTEXT() REPRESENTATION_CONTEXT('2D SPACE',''
  ) );
#7322 = ORIENTED_EDGE('',*,*,#7323,.T.);
#7323 = EDGE_CURVE('',#7302,#7324,#7326,.T.);
#7324 = VERTEX_POINT('',#7325);
#7325 = CARTESIAN_POINT('',(-102.5,67.,7.));
#7326 = SURFACE_CURVE('',#7327,(#7332,#7339),.PCURVE_S1.);
#7327 = CIRCLE('',#7328,4.5);
#7328 = AXIS2_PLACEMENT_3D('',#7329,#7330,#7331);
#7329 = CARTESIAN_POINT('',(-102.5,62.5,7.));
#7330 = DIRECTION('',(0.,0.,1.));
#7331 = DIRECTION('',(-1.,-7.972573712323E-09,0.));
#7332 = PCURVE('',#2082,#7333);
#7333 = DEFINITIONAL_REPRESENTATION('',(#7334),#7338);
#7334 = CIRCLE('',#7335,4.5);
#7335 = AXIS2_PLACEMENT_2D('',#7336,#7337);
#7336 = CARTESIAN_POINT('',(7.5,132.5));
#7337 = DIRECTION('',(-1.,-7.972573712323E-09));
#7338 = ( GEOMETRIC_REPRESENTATION_CONTEXT(2) 
PARAMETRIC_REPRESENTATION_CONTEXT() REPRESENTATION_CONTEXT('2D SPACE',''
  ) );
#7339 = PCURVE('',#4942,#7340);
#7340 = DEFINITIONAL_REPRESENTATION('',(#7341),#7345);
#7341 = LINE('',#7342,#7343);
#7342 = CARTESIAN_POINT('',(3.141592661562,0.));
#7343 = VECTOR('',#7344,1.);
#7344 = DIRECTION('',(1.,0.));
#7345 = ( GEOMETRIC_REPRESENTATION_CONTEXT(2) 
PARAMETRIC_REPRESENTATION_CONTEXT() REPRESENTATION_CONTEXT('2D SPACE',''
  ) );
#7346 = ORIENTED_EDGE('',*,*,#7347,.F.);
#7347 = EDGE_CURVE('',#7348,#7324,#7350,.T.);
#7348 = VERTEX_POINT('',#7349);
#7349 = CARTESIAN_POINT('',(102.5,67.,7.));
#7350 = SURFACE_CURVE('',#7351,(#7355,#7362),.PCURVE_S1.);
#7351 = LINE('',#7352,#7353);
#7352 = CARTESIAN_POINT('',(-108.5,67.,7.));
#7353 = VECTOR('',#7354,1.);
#7354 = DIRECTION('',(-1.,-0.,0.));
#7355 = PCURVE('',#2082,#7356);
#7356 = DEFINITIONAL_REPRESENTATION('',(#7357),#7361);
#7357 = LINE('',#7358,#7359);
#7358 = CARTESIAN_POINT('',(1.5,137.));
#7359 = VECTOR('',#7360,1.);
#7360 = DIRECTION('',(-1.,0.));
#7361 = ( GEOMETRIC_REPRESENTATION_CONTEXT(2) 
PARAMETRIC_REPRESENTATION_CONTEXT() REPRESENTATION_CONTEXT('2D SPACE',''
  ) );
#7362 = PCURVE('',#4970,#7363);
#7363 = DEFINITIONAL_REPRESENTATION('',(#7364),#7367);
#7364 = B_SPLINE_CURVE_WITH_KNOTS('',1,(#7365,#7366),.UNSPECIFIED.,.F.,
  .F.,(2,2),(-215.5,-1.5),.PIECEWISE_BEZIER_KNOTS.);
#7365 = CARTESIAN_POINT('',(1.,214.));
#7366 = CARTESIAN_POINT('',(1.,0.));
#7367 = ( GEOMETRIC_REPRESENTATION_CONTEXT(2) 
PARAMETRIC_REPRESENTATION_CONTEXT() REPRESENTATION_CONTEXT('2D SPACE',''
  ) );
#7368 = ORIENTED_EDGE('',*,*,#7369,.T.);
#7369 = EDGE_CURVE('',#7348,#7370,#7372,.T.);
#7370 = VERTEX_POINT('',#7371);
#7371 = CARTESIAN_POINT('',(107.,62.5,7.));
#7372 = SURFACE_CURVE('',#7373,(#7378,#7385),.PCURVE_S1.);
#7373 = CIRCLE('',#7374,4.5);
#7374 = AXIS2_PLACEMENT_3D('',#7375,#7376,#7377);
#7375 = CARTESIAN_POINT('',(102.5,62.5,7.));
#7376 = DIRECTION('',(0.,0.,1.));
#7377 = DIRECTION('',(1.,0.,-0.));
#7378 = PCURVE('',#2082,#7379);
#7379 = DEFINITIONAL_REPRESENTATION('',(#7380),#7384);
#7380 = CIRCLE('',#7381,4.5);
#7381 = AXIS2_PLACEMENT_2D('',#7382,#7383);
#7382 = CARTESIAN_POINT('',(212.5,132.5));
#7383 = DIRECTION('',(1.,0.));
#7384 = ( GEOMETRIC_REPRESENTATION_CONTEXT(2) 
PARAMETRIC_REPRESENTATION_CONTEXT() REPRESENTATION_CONTEXT('2D SPACE',''
  ) );
#7385 = PCURVE('',#4998,#7386);
#7386 = DEFINITIONAL_REPRESENTATION('',(#7387),#7391);
#7387 = LINE('',#7388,#7389);
#7388 = CARTESIAN_POINT('',(0.,0.));
#7389 = VECTOR('',#7390,1.);
#7390 = DIRECTION('',(1.,0.));
#7391 = ( GEOMETRIC_REPRESENTATION_CONTEXT(2) 
PARAMETRIC_REPRESENTATION_CONTEXT() REPRESENTATION_CONTEXT('2D SPACE',''
  ) );
#7392 = ORIENTED_EDGE('',*,*,#7393,.F.);
#7393 = EDGE_CURVE('',#7394,#7370,#7396,.T.);
#7394 = VERTEX_POINT('',#7395);
#7395 = CARTESIAN_POINT('',(107.,-62.5,7.));
#7396 = SURFACE_CURVE('',#7397,(#7401,#7408),.PCURVE_S1.);
#7397 = LINE('',#7398,#7399);
#7398 = CARTESIAN_POINT('',(107.,-68.5,7.));
#7399 = VECTOR('',#7400,1.);
#7400 = DIRECTION('',(-0.,1.,0.));
#7401 = PCURVE('',#2082,#7402);
#7402 = DEFINITIONAL_REPRESENTATION('',(#7403),#7407);
#7403 = LINE('',#7404,#7405);
#7404 = CARTESIAN_POINT('',(217.,1.5));
#7405 = VECTOR('',#7406,1.);
#7406 = DIRECTION('',(0.,1.));
#7407 = ( GEOMETRIC_REPRESENTATION_CONTEXT(2) 
PARAMETRIC_REPRESENTATION_CONTEXT() REPRESENTATION_CONTEXT('2D SPACE',''
  ) );
#7408 = PCURVE('',#5026,#7409);
#7409 = DEFINITIONAL_REPRESENTATION('',(#7410),#7413);
#7410 = B_SPLINE_CURVE_WITH_KNOTS('',1,(#7411,#7412),.UNSPECIFIED.,.F.,
  .F.,(2,2),(1.5,135.5),.PIECEWISE_BEZIER_KNOTS.);
#7411 = CARTESIAN_POINT('',(1.,0.));
#7412 = CARTESIAN_POINT('',(1.,-134.));
#7413 = ( GEOMETRIC_REPRESENTATION_CONTEXT(2) 
PARAMETRIC_REPRESENTATION_CONTEXT() REPRESENTATION_CONTEXT('2D SPACE',''
  ) );
#7414 = ORIENTED_EDGE('',*,*,#7415,.T.);
#7415 = EDGE_CURVE('',#7394,#7254,#7416,.T.);
#7416 = SURFACE_CURVE('',#7417,(#7422,#7429),.PCURVE_S1.);
#7417 = CIRCLE('',#7418,4.5);
#7418 = AXIS2_PLACEMENT_3D('',#7419,#7420,#7421);
#7419 = CARTESIAN_POINT('',(102.5,-62.5,7.));
#7420 = DIRECTION('',(0.,0.,1.));
#7421 = DIRECTION('',(1.,0.,-0.));
#7422 = PCURVE('',#2082,#7423);
#7423 = DEFINITIONAL_REPRESENTATION('',(#7424),#7428);
#7424 = CIRCLE('',#7425,4.5);
#7425 = AXIS2_PLACEMENT_2D('',#7426,#7427);
#7426 = CARTESIAN_POINT('',(212.5,7.5));
#7427 = DIRECTION('',(1.,0.));
#7428 = ( GEOMETRIC_REPRESENTATION_CONTEXT(2) 
PARAMETRIC_REPRESENTATION_CONTEXT() REPRESENTATION_CONTEXT('2D SPACE',''
  ) );
#7429 = PCURVE('',#5052,#7430);
#7430 = DEFINITIONAL_REPRESENTATION('',(#7431),#7435);
#7431 = LINE('',#7432,#7433);
#7432 = CARTESIAN_POINT('',(0.,0.));
#7433 = VECTOR('',#7434,1.);
#7434 = DIRECTION('',(1.,0.));
#7435 = ( GEOMETRIC_REPRESENTATION_CONTEXT(2) 
PARAMETRIC_REPRESENTATION_CONTEXT() REPRESENTATION_CONTEXT('2D SPACE',''
  ) );
#7436 = FACE_BOUND('',#7437,.F.);
#7437 = EDGE_LOOP('',(#7438));
#7438 = ORIENTED_EDGE('',*,*,#7439,.F.);
#7439 = EDGE_CURVE('',#7440,#7440,#7442,.T.);
#7440 = VERTEX_POINT('',#7441);
#7441 = CARTESIAN_POINT('',(-100.85,62.5,7.));
#7442 = SURFACE_CURVE('',#7443,(#7448,#7455),.PCURVE_S1.);
#7443 = CIRCLE('',#7444,1.65);
#7444 = AXIS2_PLACEMENT_3D('',#7445,#7446,#7447);
#7445 = CARTESIAN_POINT('',(-102.5,62.5,7.));
#7446 = DIRECTION('',(0.,0.,1.));
#7447 = DIRECTION('',(1.,0.,-0.));
#7448 = PCURVE('',#2082,#7449);
#7449 = DEFINITIONAL_REPRESENTATION('',(#7450),#7454);
#7450 = CIRCLE('',#7451,1.65);
#7451 = AXIS2_PLACEMENT_2D('',#7452,#7453);
#7452 = CARTESIAN_POINT('',(7.5,132.5));
#7453 = DIRECTION('',(1.,0.));
#7454 = ( GEOMETRIC_REPRESENTATION_CONTEXT(2) 
PARAMETRIC_REPRESENTATION_CONTEXT() REPRESENTATION_CONTEXT('2D SPACE',''
  ) );
#7455 = PCURVE('',#5083,#7456);
#7456 = DEFINITIONAL_REPRESENTATION('',(#7457),#7461);
#7457 = LINE('',#7458,#7459);
#7458 = CARTESIAN_POINT('',(0.,1.));
#7459 = VECTOR('',#7460,1.);
#7460 = DIRECTION('',(1.,0.));
#7461 = ( GEOMETRIC_REPRESENTATION_CONTEXT(2) 
PARAMETRIC_REPRESENTATION_CONTEXT() REPRESENTATION_CONTEXT('2D SPACE',''
  ) );
#7462 = FACE_BOUND('',#7463,.F.);
#7463 = EDGE_LOOP('',(#7464));
#7464 = ORIENTED_EDGE('',*,*,#7465,.F.);
#7465 = EDGE_CURVE('',#7466,#7466,#7468,.T.);
#7466 = VERTEX_POINT('',#7467);
#7467 = CARTESIAN_POINT('',(104.15,62.5,7.));
#7468 = SURFACE_CURVE('',#7469,(#7474,#7481),.PCURVE_S1.);
#7469 = CIRCLE('',#7470,1.65);
#7470 = AXIS2_PLACEMENT_3D('',#7471,#7472,#7473);
#7471 = CARTESIAN_POINT('',(102.5,62.5,7.));
#7472 = DIRECTION('',(0.,0.,1.));
#7473 = DIRECTION('',(1.,0.,-0.));
#7474 = PCURVE('',#2082,#7475);
#7475 = DEFINITIONAL_REPRESENTATION('',(#7476),#7480);
#7476 = CIRCLE('',#7477,1.65);
#7477 = AXIS2_PLACEMENT_2D('',#7478,#7479);
#7478 = CARTESIAN_POINT('',(212.5,132.5));
#7479 = DIRECTION('',(1.,0.));
#7480 = ( GEOMETRIC_REPRESENTATION_CONTEXT(2) 
PARAMETRIC_REPRESENTATION_CONTEXT() REPRESENTATION_CONTEXT('2D SPACE',''
  ) );
#7481 = PCURVE('',#5114,#7482);
#7482 = DEFINITIONAL_REPRESENTATION('',(#7483),#7487);
#7483 = LINE('',#7484,#7485);
#7484 = CARTESIAN_POINT('',(0.,1.));
#7485 = VECTOR('',#7486,1.);
#7486 = DIRECTION('',(1.,0.));
#7487 = ( GEOMETRIC_REPRESENTATION_CONTEXT(2) 
PARAMETRIC_REPRESENTATION_CONTEXT() REPRESENTATION_CONTEXT('2D SPACE',''
  ) );
#7488 = ADVANCED_FACE('',(#7489),#2110,.T.);
#7489 = FACE_BOUND('',#7490,.T.);
#7490 = EDGE_LOOP('',(#7491,#7492,#7493,#7494));
#7491 = ORIENTED_EDGE('',*,*,#7178,.F.);
#7492 = ORIENTED_EDGE('',*,*,#2094,.T.);
#7493 = ORIENTED_EDGE('',*,*,#4747,.T.);
#7494 = ORIENTED_EDGE('',*,*,#7495,.F.);
#7495 = EDGE_CURVE('',#7156,#4720,#7496,.T.);
#7496 = SURFACE_CURVE('',#7497,(#7501,#7508),.PCURVE_S1.);
#7497 = LINE('',#7498,#7499);
#7498 = CARTESIAN_POINT('',(-96.5,70.,7.));
#7499 = VECTOR('',#7500,1.);
#7500 = DIRECTION('',(0.,0.,1.));
#7501 = PCURVE('',#2110,#7502);
#7502 = DEFINITIONAL_REPRESENTATION('',(#7503),#7507);
#7503 = LINE('',#7504,#7505);
#7504 = CARTESIAN_POINT('',(0.,13.5));
#7505 = VECTOR('',#7506,1.);
#7506 = DIRECTION('',(1.,0.));
#7507 = ( GEOMETRIC_REPRESENTATION_CONTEXT(2) 
PARAMETRIC_REPRESENTATION_CONTEXT() REPRESENTATION_CONTEXT('2D SPACE',''
  ) );
#7508 = PCURVE('',#4735,#7509);
#7509 = DEFINITIONAL_REPRESENTATION('',(#7510),#7514);
#7510 = LINE('',#7511,#7512);
#7511 = CARTESIAN_POINT('',(0.,0.));
#7512 = VECTOR('',#7513,1.);
#7513 = DIRECTION('',(1.,0.));
#7514 = ( GEOMETRIC_REPRESENTATION_CONTEXT(2) 
PARAMETRIC_REPRESENTATION_CONTEXT() REPRESENTATION_CONTEXT('2D SPACE',''
  ) );
#7515 = ADVANCED_FACE('',(#7516),#2167,.F.);
#7516 = FACE_BOUND('',#7517,.F.);
#7517 = EDGE_LOOP('',(#7518,#7542,#7563,#7564));
#7518 = ORIENTED_EDGE('',*,*,#7519,.F.);
#7519 = EDGE_CURVE('',#7520,#7520,#7522,.T.);
#7520 = VERTEX_POINT('',#7521);
#7521 = CARTESIAN_POINT('',(-107.,-6.123233995737E-16,47.5));
#7522 = SURFACE_CURVE('',#7523,(#7528,#7535),.PCURVE_S1.);
#7523 = CIRCLE('',#7524,2.5);
#7524 = AXIS2_PLACEMENT_3D('',#7525,#7526,#7527);
#7525 = CARTESIAN_POINT('',(-107.,0.,50.));
#7526 = DIRECTION('',(1.,0.,2.22044604925E-16));
#7527 = DIRECTION('',(2.22044604925E-16,0.,-1.));
#7528 = PCURVE('',#2167,#7529);
#7529 = DEFINITIONAL_REPRESENTATION('',(#7530),#7534);
#7530 = LINE('',#7531,#7532);
#7531 = CARTESIAN_POINT('',(0.,4.5));
#7532 = VECTOR('',#7533,1.);
#7533 = DIRECTION('',(1.,0.));
#7534 = ( GEOMETRIC_REPRESENTATION_CONTEXT(2) 
PARAMETRIC_REPRESENTATION_CONTEXT() REPRESENTATION_CONTEXT('2D SPACE',''
  ) );
#7535 = PCURVE('',#4910,#7536);
#7536 = DEFINITIONAL_REPRESENTATION('',(#7537),#7541);
#7537 = CIRCLE('',#7538,2.5);
#7538 = AXIS2_PLACEMENT_2D('',#7539,#7540);
#7539 = CARTESIAN_POINT('',(44.,-67.));
#7540 = DIRECTION('',(-1.,0.));
#7541 = ( GEOMETRIC_REPRESENTATION_CONTEXT(2) 
PARAMETRIC_REPRESENTATION_CONTEXT() REPRESENTATION_CONTEXT('2D SPACE',''
  ) );
#7542 = ORIENTED_EDGE('',*,*,#7543,.F.);
#7543 = EDGE_CURVE('',#2151,#7520,#7544,.T.);
#7544 = SEAM_CURVE('',#7545,(#7549,#7556),.PCURVE_S1.);
#7545 = LINE('',#7546,#7547);
#7546 = CARTESIAN_POINT('',(-111.5,-6.123233995737E-16,47.5));
#7547 = VECTOR('',#7548,1.);
#7548 = DIRECTION('',(1.,0.,2.22044604925E-16));
#7549 = PCURVE('',#2167,#7550);
#7550 = DEFINITIONAL_REPRESENTATION('',(#7551),#7555);
#7551 = LINE('',#7552,#7553);
#7552 = CARTESIAN_POINT('',(6.28318530718,-0.));
#7553 = VECTOR('',#7554,1.);
#7554 = DIRECTION('',(0.,1.));
#7555 = ( GEOMETRIC_REPRESENTATION_CONTEXT(2) 
PARAMETRIC_REPRESENTATION_CONTEXT() REPRESENTATION_CONTEXT('2D SPACE',''
  ) );
#7556 = PCURVE('',#2167,#7557);
#7557 = DEFINITIONAL_REPRESENTATION('',(#7558),#7562);
#7558 = LINE('',#7559,#7560);
#7559 = CARTESIAN_POINT('',(0.,-0.));
#7560 = VECTOR('',#7561,1.);
#7561 = DIRECTION('',(0.,1.));
#7562 = ( GEOMETRIC_REPRESENTATION_CONTEXT(2) 
PARAMETRIC_REPRESENTATION_CONTEXT() REPRESENTATION_CONTEXT('2D SPACE',''
  ) );
#7563 = ORIENTED_EDGE('',*,*,#2150,.T.);
#7564 = ORIENTED_EDGE('',*,*,#7543,.T.);
#7565 = ADVANCED_FACE('',(#7566),#2243,.F.);
#7566 = FACE_BOUND('',#7567,.F.);
#7567 = EDGE_LOOP('',(#7568,#7589,#7590,#7591));
#7568 = ORIENTED_EDGE('',*,*,#7569,.F.);
#7569 = EDGE_CURVE('',#5132,#2261,#7570,.T.);
#7570 = SURFACE_CURVE('',#7571,(#7575,#7582),.PCURVE_S1.);
#7571 = LINE('',#7572,#7573);
#7572 = CARTESIAN_POINT('',(-96.5,-84.,7.));
#7573 = VECTOR('',#7574,1.);
#7574 = DIRECTION('',(0.,0.,1.));
#7575 = PCURVE('',#2243,#7576);
#7576 = DEFINITIONAL_REPRESENTATION('',(#7577),#7581);
#7577 = LINE('',#7578,#7579);
#7578 = CARTESIAN_POINT('',(0.,0.));
#7579 = VECTOR('',#7580,1.);
#7580 = DIRECTION('',(1.,0.));
#7581 = ( GEOMETRIC_REPRESENTATION_CONTEXT(2) 
PARAMETRIC_REPRESENTATION_CONTEXT() REPRESENTATION_CONTEXT('2D SPACE',''
  ) );
#7582 = PCURVE('',#2299,#7583);
#7583 = DEFINITIONAL_REPRESENTATION('',(#7584),#7588);
#7584 = LINE('',#7585,#7586);
#7585 = CARTESIAN_POINT('',(0.,0.));
#7586 = VECTOR('',#7587,1.);
#7587 = DIRECTION('',(1.,0.));
#7588 = ( GEOMETRIC_REPRESENTATION_CONTEXT(2) 
PARAMETRIC_REPRESENTATION_CONTEXT() REPRESENTATION_CONTEXT('2D SPACE',''
  ) );
#7589 = ORIENTED_EDGE('',*,*,#5131,.T.);
#7590 = ORIENTED_EDGE('',*,*,#2229,.T.);
#7591 = ORIENTED_EDGE('',*,*,#2260,.F.);
#7592 = ADVANCED_FACE('',(#7593),#4735,.F.);
#7593 = FACE_BOUND('',#7594,.F.);
#7594 = EDGE_LOOP('',(#7595,#7596,#7597,#7618));
#7595 = ORIENTED_EDGE('',*,*,#7495,.F.);
#7596 = ORIENTED_EDGE('',*,*,#7155,.T.);
#7597 = ORIENTED_EDGE('',*,*,#7598,.T.);
#7598 = EDGE_CURVE('',#7133,#4692,#7599,.T.);
#7599 = SURFACE_CURVE('',#7600,(#7604,#7611),.PCURVE_S1.);
#7600 = LINE('',#7601,#7602);
#7601 = CARTESIAN_POINT('',(-96.5,84.,7.));
#7602 = VECTOR('',#7603,1.);
#7603 = DIRECTION('',(0.,0.,1.));
#7604 = PCURVE('',#4735,#7605);
#7605 = DEFINITIONAL_REPRESENTATION('',(#7606),#7610);
#7606 = LINE('',#7607,#7608);
#7607 = CARTESIAN_POINT('',(0.,-14.));
#7608 = VECTOR('',#7609,1.);
#7609 = DIRECTION('',(1.,0.));
#7610 = ( GEOMETRIC_REPRESENTATION_CONTEXT(2) 
PARAMETRIC_REPRESENTATION_CONTEXT() REPRESENTATION_CONTEXT('2D SPACE',''
  ) );
#7611 = PCURVE('',#4707,#7612);
#7612 = DEFINITIONAL_REPRESENTATION('',(#7613),#7617);
#7613 = LINE('',#7614,#7615);
#7614 = CARTESIAN_POINT('',(0.,0.));
#7615 = VECTOR('',#7616,1.);
#7616 = DIRECTION('',(1.,0.));
#7617 = ( GEOMETRIC_REPRESENTATION_CONTEXT(2) 
PARAMETRIC_REPRESENTATION_CONTEXT() REPRESENTATION_CONTEXT('2D SPACE',''
  ) );
#7618 = ORIENTED_EDGE('',*,*,#4719,.F.);
#7619 = ADVANCED_FACE('',(#7620),#4707,.T.);
#7620 = FACE_BOUND('',#7621,.T.);
#7621 = EDGE_LOOP('',(#7622,#7623,#7624,#7625));
#7622 = ORIENTED_EDGE('',*,*,#7132,.F.);
#7623 = ORIENTED_EDGE('',*,*,#7598,.T.);
#7624 = ORIENTED_EDGE('',*,*,#4691,.T.);
#7625 = ORIENTED_EDGE('',*,*,#7626,.F.);
#7626 = EDGE_CURVE('',#7110,#4664,#7627,.T.);
#7627 = SURFACE_CURVE('',#7628,(#7632,#7639),.PCURVE_S1.);
#7628 = LINE('',#7629,#7630);
#7629 = CARTESIAN_POINT('',(-93.5,84.,7.));
#7630 = VECTOR('',#7631,1.);
#7631 = DIRECTION('',(0.,0.,1.));
#7632 = PCURVE('',#4707,#7633);
#7633 = DEFINITIONAL_REPRESENTATION('',(#7634),#7638);
#7634 = LINE('',#7635,#7636);
#7635 = CARTESIAN_POINT('',(0.,3.));
#7636 = VECTOR('',#7637,1.);
#7637 = DIRECTION('',(1.,0.));
#7638 = ( GEOMETRIC_REPRESENTATION_CONTEXT(2) 
PARAMETRIC_REPRESENTATION_CONTEXT() REPRESENTATION_CONTEXT('2D SPACE',''
  ) );
#7639 = PCURVE('',#4679,#7640);
#7640 = DEFINITIONAL_REPRESENTATION('',(#7641),#7645);
#7641 = LINE('',#7642,#7643);
#7642 = CARTESIAN_POINT('',(0.,-14.));
#7643 = VECTOR('',#7644,1.);
#7644 = DIRECTION('',(1.,0.));
#7645 = ( GEOMETRIC_REPRESENTATION_CONTEXT(2) 
PARAMETRIC_REPRESENTATION_CONTEXT() REPRESENTATION_CONTEXT('2D SPACE',''
  ) );
#7646 = ADVANCED_FACE('',(#7647),#2299,.F.);
#7647 = FACE_BOUND('',#7648,.F.);
#7648 = EDGE_LOOP('',(#7649,#7650,#7651,#7652));
#7649 = ORIENTED_EDGE('',*,*,#5154,.F.);
#7650 = ORIENTED_EDGE('',*,*,#7569,.T.);
#7651 = ORIENTED_EDGE('',*,*,#2283,.T.);
#7652 = ORIENTED_EDGE('',*,*,#7653,.F.);
#7653 = EDGE_CURVE('',#5155,#2284,#7654,.T.);
#7654 = SURFACE_CURVE('',#7655,(#7659,#7666),.PCURVE_S1.);
#7655 = LINE('',#7656,#7657);
#7656 = CARTESIAN_POINT('',(-93.5,-84.,7.));
#7657 = VECTOR('',#7658,1.);
#7658 = DIRECTION('',(0.,0.,1.));
#7659 = PCURVE('',#2299,#7660);
#7660 = DEFINITIONAL_REPRESENTATION('',(#7661),#7665);
#7661 = LINE('',#7662,#7663);
#7662 = CARTESIAN_POINT('',(0.,3.));
#7663 = VECTOR('',#7664,1.);
#7664 = DIRECTION('',(1.,0.));
#7665 = ( GEOMETRIC_REPRESENTATION_CONTEXT(2) 
PARAMETRIC_REPRESENTATION_CONTEXT() REPRESENTATION_CONTEXT('2D SPACE',''
  ) );
#7666 = PCURVE('',#2327,#7667);
#7667 = DEFINITIONAL_REPRESENTATION('',(#7668),#7672);
#7668 = LINE('',#7669,#7670);
#7669 = CARTESIAN_POINT('',(0.,0.));
#7670 = VECTOR('',#7671,1.);
#7671 = DIRECTION('',(1.,0.));
#7672 = ( GEOMETRIC_REPRESENTATION_CONTEXT(2) 
PARAMETRIC_REPRESENTATION_CONTEXT() REPRESENTATION_CONTEXT('2D SPACE',''
  ) );
#7673 = ADVANCED_FACE('',(#7674),#4679,.T.);
#7674 = FACE_BOUND('',#7675,.T.);
#7675 = EDGE_LOOP('',(#7676,#7697,#7698,#7699));
#7676 = ORIENTED_EDGE('',*,*,#7677,.F.);
#7677 = EDGE_CURVE('',#7087,#4636,#7678,.T.);
#7678 = SURFACE_CURVE('',#7679,(#7683,#7690),.PCURVE_S1.);
#7679 = LINE('',#7680,#7681);
#7680 = CARTESIAN_POINT('',(-93.5,70.,7.));
#7681 = VECTOR('',#7682,1.);
#7682 = DIRECTION('',(0.,0.,1.));
#7683 = PCURVE('',#4679,#7684);
#7684 = DEFINITIONAL_REPRESENTATION('',(#7685),#7689);
#7685 = LINE('',#7686,#7687);
#7686 = CARTESIAN_POINT('',(0.,0.));
#7687 = VECTOR('',#7688,1.);
#7688 = DIRECTION('',(1.,0.));
#7689 = ( GEOMETRIC_REPRESENTATION_CONTEXT(2) 
PARAMETRIC_REPRESENTATION_CONTEXT() REPRESENTATION_CONTEXT('2D SPACE',''
  ) );
#7690 = PCURVE('',#4651,#7691);
#7691 = DEFINITIONAL_REPRESENTATION('',(#7692),#7696);
#7692 = LINE('',#7693,#7694);
#7693 = CARTESIAN_POINT('',(0.,16.5));
#7694 = VECTOR('',#7695,1.);
#7695 = DIRECTION('',(1.,0.));
#7696 = ( GEOMETRIC_REPRESENTATION_CONTEXT(2) 
PARAMETRIC_REPRESENTATION_CONTEXT() REPRESENTATION_CONTEXT('2D SPACE',''
  ) );
#7697 = ORIENTED_EDGE('',*,*,#7109,.T.);
#7698 = ORIENTED_EDGE('',*,*,#7626,.T.);
#7699 = ORIENTED_EDGE('',*,*,#4663,.F.);
#7700 = ADVANCED_FACE('',(#7701),#2327,.T.);
#7701 = FACE_BOUND('',#7702,.T.);
#7702 = EDGE_LOOP('',(#7703,#7704,#7705,#7726));
#7703 = ORIENTED_EDGE('',*,*,#7653,.F.);
#7704 = ORIENTED_EDGE('',*,*,#5177,.T.);
#7705 = ORIENTED_EDGE('',*,*,#7706,.T.);
#7706 = EDGE_CURVE('',#5178,#2312,#7707,.T.);
#7707 = SURFACE_CURVE('',#7708,(#7712,#7719),.PCURVE_S1.);
#7708 = LINE('',#7709,#7710);
#7709 = CARTESIAN_POINT('',(-93.5,-70.,7.));
#7710 = VECTOR('',#7711,1.);
#7711 = DIRECTION('',(0.,0.,1.));
#7712 = PCURVE('',#2327,#7713);
#7713 = DEFINITIONAL_REPRESENTATION('',(#7714),#7718);
#7714 = LINE('',#7715,#7716);
#7715 = CARTESIAN_POINT('',(0.,-14.));
#7716 = VECTOR('',#7717,1.);
#7717 = DIRECTION('',(1.,0.));
#7718 = ( GEOMETRIC_REPRESENTATION_CONTEXT(2) 
PARAMETRIC_REPRESENTATION_CONTEXT() REPRESENTATION_CONTEXT('2D SPACE',''
  ) );
#7719 = PCURVE('',#2355,#7720);
#7720 = DEFINITIONAL_REPRESENTATION('',(#7721),#7725);
#7721 = LINE('',#7722,#7723);
#7722 = CARTESIAN_POINT('',(0.,16.5));
#7723 = VECTOR('',#7724,1.);
#7724 = DIRECTION('',(1.,0.));
#7725 = ( GEOMETRIC_REPRESENTATION_CONTEXT(2) 
PARAMETRIC_REPRESENTATION_CONTEXT() REPRESENTATION_CONTEXT('2D SPACE',''
  ) );
#7726 = ORIENTED_EDGE('',*,*,#2311,.F.);
#7727 = ADVANCED_FACE('',(#7728),#4651,.T.);
#7728 = FACE_BOUND('',#7729,.T.);
#7729 = EDGE_LOOP('',(#7730,#7731,#7732,#7733));
#7730 = ORIENTED_EDGE('',*,*,#7086,.F.);
#7731 = ORIENTED_EDGE('',*,*,#7677,.T.);
#7732 = ORIENTED_EDGE('',*,*,#4635,.T.);
#7733 = ORIENTED_EDGE('',*,*,#7734,.F.);
#7734 = EDGE_CURVE('',#7064,#4608,#7735,.T.);
#7735 = SURFACE_CURVE('',#7736,(#7740,#7747),.PCURVE_S1.);
#7736 = LINE('',#7737,#7738);
#7737 = CARTESIAN_POINT('',(-77.5,70.,7.));
#7738 = VECTOR('',#7739,1.);
#7739 = DIRECTION('',(0.,0.,1.));
#7740 = PCURVE('',#4651,#7741);
#7741 = DEFINITIONAL_REPRESENTATION('',(#7742),#7746);
#7742 = LINE('',#7743,#7744);
#7743 = CARTESIAN_POINT('',(0.,32.5));
#7744 = VECTOR('',#7745,1.);
#7745 = DIRECTION('',(1.,0.));
#7746 = ( GEOMETRIC_REPRESENTATION_CONTEXT(2) 
PARAMETRIC_REPRESENTATION_CONTEXT() REPRESENTATION_CONTEXT('2D SPACE',''
  ) );
#7747 = PCURVE('',#4623,#7748);
#7748 = DEFINITIONAL_REPRESENTATION('',(#7749),#7753);
#7749 = LINE('',#7750,#7751);
#7750 = CARTESIAN_POINT('',(0.,0.));
#7751 = VECTOR('',#7752,1.);
#7752 = DIRECTION('',(1.,0.));
#7753 = ( GEOMETRIC_REPRESENTATION_CONTEXT(2) 
PARAMETRIC_REPRESENTATION_CONTEXT() REPRESENTATION_CONTEXT('2D SPACE',''
  ) );
#7754 = ADVANCED_FACE('',(#7755,#7781),#2355,.F.);
#7755 = FACE_BOUND('',#7756,.F.);
#7756 = EDGE_LOOP('',(#7757,#7758,#7759,#7760));
#7757 = ORIENTED_EDGE('',*,*,#5200,.F.);
#7758 = ORIENTED_EDGE('',*,*,#7706,.T.);
#7759 = ORIENTED_EDGE('',*,*,#2339,.T.);
#7760 = ORIENTED_EDGE('',*,*,#7761,.F.);
#7761 = EDGE_CURVE('',#5201,#2340,#7762,.T.);
#7762 = SURFACE_CURVE('',#7763,(#7767,#7774),.PCURVE_S1.);
#7763 = LINE('',#7764,#7765);
#7764 = CARTESIAN_POINT('',(-77.5,-70.,7.));
#7765 = VECTOR('',#7766,1.);
#7766 = DIRECTION('',(0.,0.,1.));
#7767 = PCURVE('',#2355,#7768);
#7768 = DEFINITIONAL_REPRESENTATION('',(#7769),#7773);
#7769 = LINE('',#7770,#7771);
#7770 = CARTESIAN_POINT('',(0.,32.5));
#7771 = VECTOR('',#7772,1.);
#7772 = DIRECTION('',(1.,0.));
#7773 = ( GEOMETRIC_REPRESENTATION_CONTEXT(2) 
PARAMETRIC_REPRESENTATION_CONTEXT() REPRESENTATION_CONTEXT('2D SPACE',''
  ) );
#7774 = PCURVE('',#2383,#7775);
#7775 = DEFINITIONAL_REPRESENTATION('',(#7776),#7780);
#7776 = LINE('',#7777,#7778);
#7777 = CARTESIAN_POINT('',(0.,-14.));
#7778 = VECTOR('',#7779,1.);
#7779 = DIRECTION('',(1.,0.));
#7780 = ( GEOMETRIC_REPRESENTATION_CONTEXT(2) 
PARAMETRIC_REPRESENTATION_CONTEXT() REPRESENTATION_CONTEXT('2D SPACE',''
  ) );
#7781 = FACE_BOUND('',#7782,.F.);
#7782 = EDGE_LOOP('',(#7783));
#7783 = ORIENTED_EDGE('',*,*,#7784,.T.);
#7784 = EDGE_CURVE('',#7785,#7785,#7787,.T.);
#7785 = VERTEX_POINT('',#7786);
#7786 = CARTESIAN_POINT('',(-81.25,-70.,25.));
#7787 = SURFACE_CURVE('',#7788,(#7793,#7804),.PCURVE_S1.);
#7788 = CIRCLE('',#7789,4.25);
#7789 = AXIS2_PLACEMENT_3D('',#7790,#7791,#7792);
#7790 = CARTESIAN_POINT('',(-85.5,-70.,25.));
#7791 = DIRECTION('',(0.,-1.,2.22044604925E-16));
#7792 = DIRECTION('',(1.,0.,0.));
#7793 = PCURVE('',#2355,#7794);
#7794 = DEFINITIONAL_REPRESENTATION('',(#7795),#7803);
#7795 = ( BOUNDED_CURVE() B_SPLINE_CURVE(2,(#7796,#7797,#7798,#7799,
#7800,#7801,#7802),.UNSPECIFIED.,.T.,.F.) B_SPLINE_CURVE_WITH_KNOTS((1,2
    ,2,2,2,1),(-2.094395102393,0.,2.094395102393,4.188790204786,
6.28318530718,8.377580409573),.UNSPECIFIED.) CURVE() 
GEOMETRIC_REPRESENTATION_ITEM() RATIONAL_B_SPLINE_CURVE((1.,0.5,1.,0.5,
1.,0.5,1.)) REPRESENTATION_ITEM('') );
#7796 = CARTESIAN_POINT('',(18.,28.75));
#7797 = CARTESIAN_POINT('',(25.361215932168,28.75));
#7798 = CARTESIAN_POINT('',(21.680607966084,22.375));
#7799 = CARTESIAN_POINT('',(18.,16.));
#7800 = CARTESIAN_POINT('',(14.319392033916,22.375));
#7801 = CARTESIAN_POINT('',(10.638784067832,28.75));
#7802 = CARTESIAN_POINT('',(18.,28.75));
#7803 = ( GEOMETRIC_REPRESENTATION_CONTEXT(2) 
PARAMETRIC_REPRESENTATION_CONTEXT() REPRESENTATION_CONTEXT('2D SPACE',''
  ) );
#7804 = PCURVE('',#7805,#7810);
#7805 = CYLINDRICAL_SURFACE('',#7806,4.25);
#7806 = AXIS2_PLACEMENT_3D('',#7807,#7808,#7809);
#7807 = CARTESIAN_POINT('',(-85.5,-65.5,25.));
#7808 = DIRECTION('',(0.,-1.,2.22044604925E-16));
#7809 = DIRECTION('',(1.,0.,0.));
#7810 = DEFINITIONAL_REPRESENTATION('',(#7811),#7815);
#7811 = LINE('',#7812,#7813);
#7812 = CARTESIAN_POINT('',(0.,4.5));
#7813 = VECTOR('',#7814,1.);
#7814 = DIRECTION('',(1.,0.));
#7815 = ( GEOMETRIC_REPRESENTATION_CONTEXT(2) 
PARAMETRIC_REPRESENTATION_CONTEXT() REPRESENTATION_CONTEXT('2D SPACE',''
  ) );
#7816 = ADVANCED_FACE('',(#7817),#4623,.F.);
#7817 = FACE_BOUND('',#7818,.F.);
#7818 = EDGE_LOOP('',(#7819,#7820,#7821,#7842));
#7819 = ORIENTED_EDGE('',*,*,#7734,.F.);
#7820 = ORIENTED_EDGE('',*,*,#7063,.T.);
#7821 = ORIENTED_EDGE('',*,*,#7822,.T.);
#7822 = EDGE_CURVE('',#7041,#4580,#7823,.T.);
#7823 = SURFACE_CURVE('',#7824,(#7828,#7835),.PCURVE_S1.);
#7824 = LINE('',#7825,#7826);
#7825 = CARTESIAN_POINT('',(-77.5,84.,7.));
#7826 = VECTOR('',#7827,1.);
#7827 = DIRECTION('',(0.,0.,1.));
#7828 = PCURVE('',#4623,#7829);
#7829 = DEFINITIONAL_REPRESENTATION('',(#7830),#7834);
#7830 = LINE('',#7831,#7832);
#7831 = CARTESIAN_POINT('',(0.,-14.));
#7832 = VECTOR('',#7833,1.);
#7833 = DIRECTION('',(1.,0.));
#7834 = ( GEOMETRIC_REPRESENTATION_CONTEXT(2) 
PARAMETRIC_REPRESENTATION_CONTEXT() REPRESENTATION_CONTEXT('2D SPACE',''
  ) );
#7835 = PCURVE('',#4595,#7836);
#7836 = DEFINITIONAL_REPRESENTATION('',(#7837),#7841);
#7837 = LINE('',#7838,#7839);
#7838 = CARTESIAN_POINT('',(0.,0.));
#7839 = VECTOR('',#7840,1.);
#7840 = DIRECTION('',(1.,0.));
#7841 = ( GEOMETRIC_REPRESENTATION_CONTEXT(2) 
PARAMETRIC_REPRESENTATION_CONTEXT() REPRESENTATION_CONTEXT('2D SPACE',''
  ) );
#7842 = ORIENTED_EDGE('',*,*,#4607,.F.);
#7843 = ADVANCED_FACE('',(#7844),#2383,.F.);
#7844 = FACE_BOUND('',#7845,.F.);
#7845 = EDGE_LOOP('',(#7846,#7867,#7868,#7869));
#7846 = ORIENTED_EDGE('',*,*,#7847,.F.);
#7847 = EDGE_CURVE('',#5224,#2368,#7848,.T.);
#7848 = SURFACE_CURVE('',#7849,(#7853,#7860),.PCURVE_S1.);
#7849 = LINE('',#7850,#7851);
#7850 = CARTESIAN_POINT('',(-77.5,-84.,7.));
#7851 = VECTOR('',#7852,1.);
#7852 = DIRECTION('',(0.,0.,1.));
#7853 = PCURVE('',#2383,#7854);
#7854 = DEFINITIONAL_REPRESENTATION('',(#7855),#7859);
#7855 = LINE('',#7856,#7857);
#7856 = CARTESIAN_POINT('',(0.,0.));
#7857 = VECTOR('',#7858,1.);
#7858 = DIRECTION('',(1.,0.));
#7859 = ( GEOMETRIC_REPRESENTATION_CONTEXT(2) 
PARAMETRIC_REPRESENTATION_CONTEXT() REPRESENTATION_CONTEXT('2D SPACE',''
  ) );
#7860 = PCURVE('',#2411,#7861);
#7861 = DEFINITIONAL_REPRESENTATION('',(#7862),#7866);
#7862 = LINE('',#7863,#7864);
#7863 = CARTESIAN_POINT('',(0.,0.));
#7864 = VECTOR('',#7865,1.);
#7865 = DIRECTION('',(1.,0.));
#7866 = ( GEOMETRIC_REPRESENTATION_CONTEXT(2) 
PARAMETRIC_REPRESENTATION_CONTEXT() REPRESENTATION_CONTEXT('2D SPACE',''
  ) );
#7867 = ORIENTED_EDGE('',*,*,#5223,.T.);
#7868 = ORIENTED_EDGE('',*,*,#7761,.T.);
#7869 = ORIENTED_EDGE('',*,*,#2367,.F.);
#7870 = ADVANCED_FACE('',(#7871),#4595,.T.);
#7871 = FACE_BOUND('',#7872,.T.);
#7872 = EDGE_LOOP('',(#7873,#7874,#7875,#7876));
#7873 = ORIENTED_EDGE('',*,*,#7040,.F.);
#7874 = ORIENTED_EDGE('',*,*,#7822,.T.);
#7875 = ORIENTED_EDGE('',*,*,#4579,.T.);
#7876 = ORIENTED_EDGE('',*,*,#7877,.F.);
#7877 = EDGE_CURVE('',#7018,#4552,#7878,.T.);
#7878 = SURFACE_CURVE('',#7879,(#7883,#7890),.PCURVE_S1.);
#7879 = LINE('',#7880,#7881);
#7880 = CARTESIAN_POINT('',(-74.5,84.,7.));
#7881 = VECTOR('',#7882,1.);
#7882 = DIRECTION('',(0.,0.,1.));
#7883 = PCURVE('',#4595,#7884);
#7884 = DEFINITIONAL_REPRESENTATION('',(#7885),#7889);
#7885 = LINE('',#7886,#7887);
#7886 = CARTESIAN_POINT('',(0.,3.));
#7887 = VECTOR('',#7888,1.);
#7888 = DIRECTION('',(1.,0.));
#7889 = ( GEOMETRIC_REPRESENTATION_CONTEXT(2) 
PARAMETRIC_REPRESENTATION_CONTEXT() REPRESENTATION_CONTEXT('2D SPACE',''
  ) );
#7890 = PCURVE('',#4567,#7891);
#7891 = DEFINITIONAL_REPRESENTATION('',(#7892),#7896);
#7892 = LINE('',#7893,#7894);
#7893 = CARTESIAN_POINT('',(0.,-14.));
#7894 = VECTOR('',#7895,1.);
#7895 = DIRECTION('',(1.,0.));
#7896 = ( GEOMETRIC_REPRESENTATION_CONTEXT(2) 
PARAMETRIC_REPRESENTATION_CONTEXT() REPRESENTATION_CONTEXT('2D SPACE',''
  ) );
#7897 = ADVANCED_FACE('',(#7898),#2411,.F.);
#7898 = FACE_BOUND('',#7899,.F.);
#7899 = EDGE_LOOP('',(#7900,#7901,#7902,#7903));
#7900 = ORIENTED_EDGE('',*,*,#5246,.F.);
#7901 = ORIENTED_EDGE('',*,*,#7847,.T.);
#7902 = ORIENTED_EDGE('',*,*,#2395,.T.);
#7903 = ORIENTED_EDGE('',*,*,#7904,.F.);
#7904 = EDGE_CURVE('',#5247,#2396,#7905,.T.);
#7905 = SURFACE_CURVE('',#7906,(#7910,#7917),.PCURVE_S1.);
#7906 = LINE('',#7907,#7908);
#7907 = CARTESIAN_POINT('',(-74.5,-84.,7.));
#7908 = VECTOR('',#7909,1.);
#7909 = DIRECTION('',(0.,0.,1.));
#7910 = PCURVE('',#2411,#7911);
#7911 = DEFINITIONAL_REPRESENTATION('',(#7912),#7916);
#7912 = LINE('',#7913,#7914);
#7913 = CARTESIAN_POINT('',(0.,3.));
#7914 = VECTOR('',#7915,1.);
#7915 = DIRECTION('',(1.,0.));
#7916 = ( GEOMETRIC_REPRESENTATION_CONTEXT(2) 
PARAMETRIC_REPRESENTATION_CONTEXT() REPRESENTATION_CONTEXT('2D SPACE',''
  ) );
#7917 = PCURVE('',#2439,#7918);
#7918 = DEFINITIONAL_REPRESENTATION('',(#7919),#7923);
#7919 = LINE('',#7920,#7921);
#7920 = CARTESIAN_POINT('',(0.,0.));
#7921 = VECTOR('',#7922,1.);
#7922 = DIRECTION('',(1.,0.));
#7923 = ( GEOMETRIC_REPRESENTATION_CONTEXT(2) 
PARAMETRIC_REPRESENTATION_CONTEXT() REPRESENTATION_CONTEXT('2D SPACE',''
  ) );
#7924 = ADVANCED_FACE('',(#7925),#4567,.T.);
#7925 = FACE_BOUND('',#7926,.T.);
#7926 = EDGE_LOOP('',(#7927,#7948,#7949,#7950));
#7927 = ORIENTED_EDGE('',*,*,#7928,.F.);
#7928 = EDGE_CURVE('',#6995,#4524,#7929,.T.);
#7929 = SURFACE_CURVE('',#7930,(#7934,#7941),.PCURVE_S1.);
#7930 = LINE('',#7931,#7932);
#7931 = CARTESIAN_POINT('',(-74.5,70.,7.));
#7932 = VECTOR('',#7933,1.);
#7933 = DIRECTION('',(0.,0.,1.));
#7934 = PCURVE('',#4567,#7935);
#7935 = DEFINITIONAL_REPRESENTATION('',(#7936),#7940);
#7936 = LINE('',#7937,#7938);
#7937 = CARTESIAN_POINT('',(0.,0.));
#7938 = VECTOR('',#7939,1.);
#7939 = DIRECTION('',(1.,0.));
#7940 = ( GEOMETRIC_REPRESENTATION_CONTEXT(2) 
PARAMETRIC_REPRESENTATION_CONTEXT() REPRESENTATION_CONTEXT('2D SPACE',''
  ) );
#7941 = PCURVE('',#4539,#7942);
#7942 = DEFINITIONAL_REPRESENTATION('',(#7943),#7947);
#7943 = LINE('',#7944,#7945);
#7944 = CARTESIAN_POINT('',(0.,35.5));
#7945 = VECTOR('',#7946,1.);
#7946 = DIRECTION('',(1.,0.));
#7947 = ( GEOMETRIC_REPRESENTATION_CONTEXT(2) 
PARAMETRIC_REPRESENTATION_CONTEXT() REPRESENTATION_CONTEXT('2D SPACE',''
  ) );
#7948 = ORIENTED_EDGE('',*,*,#7017,.T.);
#7949 = ORIENTED_EDGE('',*,*,#7877,.T.);
#7950 = ORIENTED_EDGE('',*,*,#4551,.F.);
#7951 = ADVANCED_FACE('',(#7952),#2439,.T.);
#7952 = FACE_BOUND('',#7953,.T.);
#7953 = EDGE_LOOP('',(#7954,#7955,#7956,#7977));
#7954 = ORIENTED_EDGE('',*,*,#7904,.F.);
#7955 = ORIENTED_EDGE('',*,*,#5269,.T.);
#7956 = ORIENTED_EDGE('',*,*,#7957,.T.);
#7957 = EDGE_CURVE('',#5270,#2424,#7958,.T.);
#7958 = SURFACE_CURVE('',#7959,(#7963,#7970),.PCURVE_S1.);
#7959 = LINE('',#7960,#7961);
#7960 = CARTESIAN_POINT('',(-74.5,-70.,7.));
#7961 = VECTOR('',#7962,1.);
#7962 = DIRECTION('',(0.,0.,1.));
#7963 = PCURVE('',#2439,#7964);
#7964 = DEFINITIONAL_REPRESENTATION('',(#7965),#7969);
#7965 = LINE('',#7966,#7967);
#7966 = CARTESIAN_POINT('',(0.,-14.));
#7967 = VECTOR('',#7968,1.);
#7968 = DIRECTION('',(1.,0.));
#7969 = ( GEOMETRIC_REPRESENTATION_CONTEXT(2) 
PARAMETRIC_REPRESENTATION_CONTEXT() REPRESENTATION_CONTEXT('2D SPACE',''
  ) );
#7970 = PCURVE('',#2467,#7971);
#7971 = DEFINITIONAL_REPRESENTATION('',(#7972),#7976);
#7972 = LINE('',#7973,#7974);
#7973 = CARTESIAN_POINT('',(0.,35.5));
#7974 = VECTOR('',#7975,1.);
#7975 = DIRECTION('',(1.,0.));
#7976 = ( GEOMETRIC_REPRESENTATION_CONTEXT(2) 
PARAMETRIC_REPRESENTATION_CONTEXT() REPRESENTATION_CONTEXT('2D SPACE',''
  ) );
#7977 = ORIENTED_EDGE('',*,*,#2423,.F.);
#7978 = ADVANCED_FACE('',(#7979),#4539,.T.);
#7979 = FACE_BOUND('',#7980,.T.);
#7980 = EDGE_LOOP('',(#7981,#7982,#7983,#7984));
#7981 = ORIENTED_EDGE('',*,*,#6994,.F.);
#7982 = ORIENTED_EDGE('',*,*,#7928,.T.);
#7983 = ORIENTED_EDGE('',*,*,#4523,.T.);
#7984 = ORIENTED_EDGE('',*,*,#7985,.F.);
#7985 = EDGE_CURVE('',#6972,#4496,#7986,.T.);
#7986 = SURFACE_CURVE('',#7987,(#7991,#7998),.PCURVE_S1.);
#7987 = LINE('',#7988,#7989);
#7988 = CARTESIAN_POINT('',(-58.5,70.,7.));
#7989 = VECTOR('',#7990,1.);
#7990 = DIRECTION('',(0.,0.,1.));
#7991 = PCURVE('',#4539,#7992);
#7992 = DEFINITIONAL_REPRESENTATION('',(#7993),#7997);
#7993 = LINE('',#7994,#7995);
#7994 = CARTESIAN_POINT('',(0.,51.5));
#7995 = VECTOR('',#7996,1.);
#7996 = DIRECTION('',(1.,0.));
#7997 = ( GEOMETRIC_REPRESENTATION_CONTEXT(2) 
PARAMETRIC_REPRESENTATION_CONTEXT() REPRESENTATION_CONTEXT('2D SPACE',''
  ) );
#7998 = PCURVE('',#4511,#7999);
#7999 = DEFINITIONAL_REPRESENTATION('',(#8000),#8004);
#8000 = LINE('',#8001,#8002);
#8001 = CARTESIAN_POINT('',(0.,0.));
#8002 = VECTOR('',#8003,1.);
#8003 = DIRECTION('',(1.,0.));
#8004 = ( GEOMETRIC_REPRESENTATION_CONTEXT(2) 
PARAMETRIC_REPRESENTATION_CONTEXT() REPRESENTATION_CONTEXT('2D SPACE',''
  ) );
#8005 = ADVANCED_FACE('',(#8006),#2467,.F.);
#8006 = FACE_BOUND('',#8007,.F.);
#8007 = EDGE_LOOP('',(#8008,#8009,#8010,#8011));
#8008 = ORIENTED_EDGE('',*,*,#5292,.F.);
#8009 = ORIENTED_EDGE('',*,*,#7957,.T.);
#8010 = ORIENTED_EDGE('',*,*,#2451,.T.);
#8011 = ORIENTED_EDGE('',*,*,#8012,.F.);
#8012 = EDGE_CURVE('',#5293,#2452,#8013,.T.);
#8013 = SURFACE_CURVE('',#8014,(#8018,#8025),.PCURVE_S1.);
#8014 = LINE('',#8015,#8016);
#8015 = CARTESIAN_POINT('',(-58.5,-70.,7.));
#8016 = VECTOR('',#8017,1.);
#8017 = DIRECTION('',(0.,0.,1.));
#8018 = PCURVE('',#2467,#8019);
#8019 = DEFINITIONAL_REPRESENTATION('',(#8020),#8024);
#8020 = LINE('',#8021,#8022);
#8021 = CARTESIAN_POINT('',(0.,51.5));
#8022 = VECTOR('',#8023,1.);
#8023 = DIRECTION('',(1.,0.));
#8024 = ( GEOMETRIC_REPRESENTATION_CONTEXT(2) 
PARAMETRIC_REPRESENTATION_CONTEXT() REPRESENTATION_CONTEXT('2D SPACE',''
  ) );
#8025 = PCURVE('',#2495,#8026);
#8026 = DEFINITIONAL_REPRESENTATION('',(#8027),#8031);
#8027 = LINE('',#8028,#8029);
#8028 = CARTESIAN_POINT('',(0.,-14.));
#8029 = VECTOR('',#8030,1.);
#8030 = DIRECTION('',(1.,0.));
#8031 = ( GEOMETRIC_REPRESENTATION_CONTEXT(2) 
PARAMETRIC_REPRESENTATION_CONTEXT() REPRESENTATION_CONTEXT('2D SPACE',''
  ) );
#8032 = ADVANCED_FACE('',(#8033),#4511,.F.);
#8033 = FACE_BOUND('',#8034,.F.);
#8034 = EDGE_LOOP('',(#8035,#8036,#8037,#8058));
#8035 = ORIENTED_EDGE('',*,*,#7985,.F.);
#8036 = ORIENTED_EDGE('',*,*,#6971,.T.);
#8037 = ORIENTED_EDGE('',*,*,#8038,.T.);
#8038 = EDGE_CURVE('',#6949,#4468,#8039,.T.);
#8039 = SURFACE_CURVE('',#8040,(#8044,#8051),.PCURVE_S1.);
#8040 = LINE('',#8041,#8042);
#8041 = CARTESIAN_POINT('',(-58.5,84.,7.));
#8042 = VECTOR('',#8043,1.);
#8043 = DIRECTION('',(0.,0.,1.));
#8044 = PCURVE('',#4511,#8045);
#8045 = DEFINITIONAL_REPRESENTATION('',(#8046),#8050);
#8046 = LINE('',#8047,#8048);
#8047 = CARTESIAN_POINT('',(0.,-14.));
#8048 = VECTOR('',#8049,1.);
#8049 = DIRECTION('',(1.,0.));
#8050 = ( GEOMETRIC_REPRESENTATION_CONTEXT(2) 
PARAMETRIC_REPRESENTATION_CONTEXT() REPRESENTATION_CONTEXT('2D SPACE',''
  ) );
#8051 = PCURVE('',#4483,#8052);
#8052 = DEFINITIONAL_REPRESENTATION('',(#8053),#8057);
#8053 = LINE('',#8054,#8055);
#8054 = CARTESIAN_POINT('',(0.,0.));
#8055 = VECTOR('',#8056,1.);
#8056 = DIRECTION('',(1.,0.));
#8057 = ( GEOMETRIC_REPRESENTATION_CONTEXT(2) 
PARAMETRIC_REPRESENTATION_CONTEXT() REPRESENTATION_CONTEXT('2D SPACE',''
  ) );
#8058 = ORIENTED_EDGE('',*,*,#4495,.F.);
#8059 = ADVANCED_FACE('',(#8060),#2495,.F.);
#8060 = FACE_BOUND('',#8061,.F.);
#8061 = EDGE_LOOP('',(#8062,#8083,#8084,#8085));
#8062 = ORIENTED_EDGE('',*,*,#8063,.F.);
#8063 = EDGE_CURVE('',#5316,#2480,#8064,.T.);
#8064 = SURFACE_CURVE('',#8065,(#8069,#8076),.PCURVE_S1.);
#8065 = LINE('',#8066,#8067);
#8066 = CARTESIAN_POINT('',(-58.5,-84.,7.));
#8067 = VECTOR('',#8068,1.);
#8068 = DIRECTION('',(0.,0.,1.));
#8069 = PCURVE('',#2495,#8070);
#8070 = DEFINITIONAL_REPRESENTATION('',(#8071),#8075);
#8071 = LINE('',#8072,#8073);
#8072 = CARTESIAN_POINT('',(0.,0.));
#8073 = VECTOR('',#8074,1.);
#8074 = DIRECTION('',(1.,0.));
#8075 = ( GEOMETRIC_REPRESENTATION_CONTEXT(2) 
PARAMETRIC_REPRESENTATION_CONTEXT() REPRESENTATION_CONTEXT('2D SPACE',''
  ) );
#8076 = PCURVE('',#2523,#8077);
#8077 = DEFINITIONAL_REPRESENTATION('',(#8078),#8082);
#8078 = LINE('',#8079,#8080);
#8079 = CARTESIAN_POINT('',(0.,0.));
#8080 = VECTOR('',#8081,1.);
#8081 = DIRECTION('',(1.,0.));
#8082 = ( GEOMETRIC_REPRESENTATION_CONTEXT(2) 
PARAMETRIC_REPRESENTATION_CONTEXT() REPRESENTATION_CONTEXT('2D SPACE',''
  ) );
#8083 = ORIENTED_EDGE('',*,*,#5315,.T.);
#8084 = ORIENTED_EDGE('',*,*,#8012,.T.);
#8085 = ORIENTED_EDGE('',*,*,#2479,.F.);
#8086 = ADVANCED_FACE('',(#8087),#4483,.T.);
#8087 = FACE_BOUND('',#8088,.T.);
#8088 = EDGE_LOOP('',(#8089,#8090,#8091,#8092));
#8089 = ORIENTED_EDGE('',*,*,#6948,.F.);
#8090 = ORIENTED_EDGE('',*,*,#8038,.T.);
#8091 = ORIENTED_EDGE('',*,*,#4467,.T.);
#8092 = ORIENTED_EDGE('',*,*,#8093,.F.);
#8093 = EDGE_CURVE('',#6926,#4440,#8094,.T.);
#8094 = SURFACE_CURVE('',#8095,(#8099,#8106),.PCURVE_S1.);
#8095 = LINE('',#8096,#8097);
#8096 = CARTESIAN_POINT('',(-55.5,84.,7.));
#8097 = VECTOR('',#8098,1.);
#8098 = DIRECTION('',(0.,0.,1.));
#8099 = PCURVE('',#4483,#8100);
#8100 = DEFINITIONAL_REPRESENTATION('',(#8101),#8105);
#8101 = LINE('',#8102,#8103);
#8102 = CARTESIAN_POINT('',(0.,3.));
#8103 = VECTOR('',#8104,1.);
#8104 = DIRECTION('',(1.,0.));
#8105 = ( GEOMETRIC_REPRESENTATION_CONTEXT(2) 
PARAMETRIC_REPRESENTATION_CONTEXT() REPRESENTATION_CONTEXT('2D SPACE',''
  ) );
#8106 = PCURVE('',#4455,#8107);
#8107 = DEFINITIONAL_REPRESENTATION('',(#8108),#8112);
#8108 = LINE('',#8109,#8110);
#8109 = CARTESIAN_POINT('',(0.,-14.));
#8110 = VECTOR('',#8111,1.);
#8111 = DIRECTION('',(1.,0.));
#8112 = ( GEOMETRIC_REPRESENTATION_CONTEXT(2) 
PARAMETRIC_REPRESENTATION_CONTEXT() REPRESENTATION_CONTEXT('2D SPACE',''
  ) );
#8113 = ADVANCED_FACE('',(#8114),#2523,.F.);
#8114 = FACE_BOUND('',#8115,.F.);
#8115 = EDGE_LOOP('',(#8116,#8117,#8118,#8119));
#8116 = ORIENTED_EDGE('',*,*,#5338,.F.);
#8117 = ORIENTED_EDGE('',*,*,#8063,.T.);
#8118 = ORIENTED_EDGE('',*,*,#2507,.T.);
#8119 = ORIENTED_EDGE('',*,*,#8120,.F.);
#8120 = EDGE_CURVE('',#5339,#2508,#8121,.T.);
#8121 = SURFACE_CURVE('',#8122,(#8126,#8133),.PCURVE_S1.);
#8122 = LINE('',#8123,#8124);
#8123 = CARTESIAN_POINT('',(-55.5,-84.,7.));
#8124 = VECTOR('',#8125,1.);
#8125 = DIRECTION('',(0.,0.,1.));
#8126 = PCURVE('',#2523,#8127);
#8127 = DEFINITIONAL_REPRESENTATION('',(#8128),#8132);
#8128 = LINE('',#8129,#8130);
#8129 = CARTESIAN_POINT('',(0.,3.));
#8130 = VECTOR('',#8131,1.);
#8131 = DIRECTION('',(1.,0.));
#8132 = ( GEOMETRIC_REPRESENTATION_CONTEXT(2) 
PARAMETRIC_REPRESENTATION_CONTEXT() REPRESENTATION_CONTEXT('2D SPACE',''
  ) );
#8133 = PCURVE('',#2551,#8134);
#8134 = DEFINITIONAL_REPRESENTATION('',(#8135),#8139);
#8135 = LINE('',#8136,#8137);
#8136 = CARTESIAN_POINT('',(0.,0.));
#8137 = VECTOR('',#8138,1.);
#8138 = DIRECTION('',(1.,0.));
#8139 = ( GEOMETRIC_REPRESENTATION_CONTEXT(2) 
PARAMETRIC_REPRESENTATION_CONTEXT() REPRESENTATION_CONTEXT('2D SPACE',''
  ) );
#8140 = ADVANCED_FACE('',(#8141),#4455,.T.);
#8141 = FACE_BOUND('',#8142,.T.);
#8142 = EDGE_LOOP('',(#8143,#8164,#8165,#8166));
#8143 = ORIENTED_EDGE('',*,*,#8144,.F.);
#8144 = EDGE_CURVE('',#6903,#4412,#8145,.T.);
#8145 = SURFACE_CURVE('',#8146,(#8150,#8157),.PCURVE_S1.);
#8146 = LINE('',#8147,#8148);
#8147 = CARTESIAN_POINT('',(-55.5,70.,7.));
#8148 = VECTOR('',#8149,1.);
#8149 = DIRECTION('',(0.,0.,1.));
#8150 = PCURVE('',#4455,#8151);
#8151 = DEFINITIONAL_REPRESENTATION('',(#8152),#8156);
#8152 = LINE('',#8153,#8154);
#8153 = CARTESIAN_POINT('',(0.,0.));
#8154 = VECTOR('',#8155,1.);
#8155 = DIRECTION('',(1.,0.));
#8156 = ( GEOMETRIC_REPRESENTATION_CONTEXT(2) 
PARAMETRIC_REPRESENTATION_CONTEXT() REPRESENTATION_CONTEXT('2D SPACE',''
  ) );
#8157 = PCURVE('',#4427,#8158);
#8158 = DEFINITIONAL_REPRESENTATION('',(#8159),#8163);
#8159 = LINE('',#8160,#8161);
#8160 = CARTESIAN_POINT('',(0.,54.5));
#8161 = VECTOR('',#8162,1.);
#8162 = DIRECTION('',(1.,0.));
#8163 = ( GEOMETRIC_REPRESENTATION_CONTEXT(2) 
PARAMETRIC_REPRESENTATION_CONTEXT() REPRESENTATION_CONTEXT('2D SPACE',''
  ) );
#8164 = ORIENTED_EDGE('',*,*,#6925,.T.);
#8165 = ORIENTED_EDGE('',*,*,#8093,.T.);
#8166 = ORIENTED_EDGE('',*,*,#4439,.F.);
#8167 = ADVANCED_FACE('',(#8168),#2551,.T.);
#8168 = FACE_BOUND('',#8169,.T.);
#8169 = EDGE_LOOP('',(#8170,#8171,#8172,#8193));
#8170 = ORIENTED_EDGE('',*,*,#8120,.F.);
#8171 = ORIENTED_EDGE('',*,*,#5361,.T.);
#8172 = ORIENTED_EDGE('',*,*,#8173,.T.);
#8173 = EDGE_CURVE('',#5362,#2536,#8174,.T.);
#8174 = SURFACE_CURVE('',#8175,(#8179,#8186),.PCURVE_S1.);
#8175 = LINE('',#8176,#8177);
#8176 = CARTESIAN_POINT('',(-55.5,-70.,7.));
#8177 = VECTOR('',#8178,1.);
#8178 = DIRECTION('',(0.,0.,1.));
#8179 = PCURVE('',#2551,#8180);
#8180 = DEFINITIONAL_REPRESENTATION('',(#8181),#8185);
#8181 = LINE('',#8182,#8183);
#8182 = CARTESIAN_POINT('',(0.,-14.));
#8183 = VECTOR('',#8184,1.);
#8184 = DIRECTION('',(1.,0.));
#8185 = ( GEOMETRIC_REPRESENTATION_CONTEXT(2) 
PARAMETRIC_REPRESENTATION_CONTEXT() REPRESENTATION_CONTEXT('2D SPACE',''
  ) );
#8186 = PCURVE('',#2579,#8187);
#8187 = DEFINITIONAL_REPRESENTATION('',(#8188),#8192);
#8188 = LINE('',#8189,#8190);
#8189 = CARTESIAN_POINT('',(0.,54.5));
#8190 = VECTOR('',#8191,1.);
#8191 = DIRECTION('',(1.,0.));
#8192 = ( GEOMETRIC_REPRESENTATION_CONTEXT(2) 
PARAMETRIC_REPRESENTATION_CONTEXT() REPRESENTATION_CONTEXT('2D SPACE',''
  ) );
#8193 = ORIENTED_EDGE('',*,*,#2535,.F.);
#8194 = ADVANCED_FACE('',(#8195),#4427,.T.);
#8195 = FACE_BOUND('',#8196,.T.);
#8196 = EDGE_LOOP('',(#8197,#8198,#8199,#8200));
#8197 = ORIENTED_EDGE('',*,*,#6902,.F.);
#8198 = ORIENTED_EDGE('',*,*,#8144,.T.);
#8199 = ORIENTED_EDGE('',*,*,#4411,.T.);
#8200 = ORIENTED_EDGE('',*,*,#8201,.F.);
#8201 = EDGE_CURVE('',#6880,#4384,#8202,.T.);
#8202 = SURFACE_CURVE('',#8203,(#8207,#8214),.PCURVE_S1.);
#8203 = LINE('',#8204,#8205);
#8204 = CARTESIAN_POINT('',(-39.5,70.,7.));
#8205 = VECTOR('',#8206,1.);
#8206 = DIRECTION('',(0.,0.,1.));
#8207 = PCURVE('',#4427,#8208);
#8208 = DEFINITIONAL_REPRESENTATION('',(#8209),#8213);
#8209 = LINE('',#8210,#8211);
#8210 = CARTESIAN_POINT('',(0.,70.5));
#8211 = VECTOR('',#8212,1.);
#8212 = DIRECTION('',(1.,0.));
#8213 = ( GEOMETRIC_REPRESENTATION_CONTEXT(2) 
PARAMETRIC_REPRESENTATION_CONTEXT() REPRESENTATION_CONTEXT('2D SPACE',''
  ) );
#8214 = PCURVE('',#4399,#8215);
#8215 = DEFINITIONAL_REPRESENTATION('',(#8216),#8220);
#8216 = LINE('',#8217,#8218);
#8217 = CARTESIAN_POINT('',(0.,0.));
#8218 = VECTOR('',#8219,1.);
#8219 = DIRECTION('',(1.,0.));
#8220 = ( GEOMETRIC_REPRESENTATION_CONTEXT(2) 
PARAMETRIC_REPRESENTATION_CONTEXT() REPRESENTATION_CONTEXT('2D SPACE',''
  ) );
#8221 = ADVANCED_FACE('',(#8222),#2579,.F.);
#8222 = FACE_BOUND('',#8223,.F.);
#8223 = EDGE_LOOP('',(#8224,#8225,#8226,#8227));
#8224 = ORIENTED_EDGE('',*,*,#5384,.F.);
#8225 = ORIENTED_EDGE('',*,*,#8173,.T.);
#8226 = ORIENTED_EDGE('',*,*,#2563,.T.);
#8227 = ORIENTED_EDGE('',*,*,#8228,.F.);
#8228 = EDGE_CURVE('',#5385,#2564,#8229,.T.);
#8229 = SURFACE_CURVE('',#8230,(#8234,#8241),.PCURVE_S1.);
#8230 = LINE('',#8231,#8232);
#8231 = CARTESIAN_POINT('',(-39.5,-70.,7.));
#8232 = VECTOR('',#8233,1.);
#8233 = DIRECTION('',(0.,0.,1.));
#8234 = PCURVE('',#2579,#8235);
#8235 = DEFINITIONAL_REPRESENTATION('',(#8236),#8240);
#8236 = LINE('',#8237,#8238);
#8237 = CARTESIAN_POINT('',(0.,70.5));
#8238 = VECTOR('',#8239,1.);
#8239 = DIRECTION('',(1.,0.));
#8240 = ( GEOMETRIC_REPRESENTATION_CONTEXT(2) 
PARAMETRIC_REPRESENTATION_CONTEXT() REPRESENTATION_CONTEXT('2D SPACE',''
  ) );
#8241 = PCURVE('',#2607,#8242);
#8242 = DEFINITIONAL_REPRESENTATION('',(#8243),#8247);
#8243 = LINE('',#8244,#8245);
#8244 = CARTESIAN_POINT('',(0.,-14.));
#8245 = VECTOR('',#8246,1.);
#8246 = DIRECTION('',(1.,0.));
#8247 = ( GEOMETRIC_REPRESENTATION_CONTEXT(2) 
PARAMETRIC_REPRESENTATION_CONTEXT() REPRESENTATION_CONTEXT('2D SPACE',''
  ) );
#8248 = ADVANCED_FACE('',(#8249),#4399,.F.);
#8249 = FACE_BOUND('',#8250,.F.);
#8250 = EDGE_LOOP('',(#8251,#8252,#8253,#8274));
#8251 = ORIENTED_EDGE('',*,*,#8201,.F.);
#8252 = ORIENTED_EDGE('',*,*,#6879,.T.);
#8253 = ORIENTED_EDGE('',*,*,#8254,.T.);
#8254 = EDGE_CURVE('',#6857,#4356,#8255,.T.);
#8255 = SURFACE_CURVE('',#8256,(#8260,#8267),.PCURVE_S1.);
#8256 = LINE('',#8257,#8258);
#8257 = CARTESIAN_POINT('',(-39.5,84.,7.));
#8258 = VECTOR('',#8259,1.);
#8259 = DIRECTION('',(0.,0.,1.));
#8260 = PCURVE('',#4399,#8261);
#8261 = DEFINITIONAL_REPRESENTATION('',(#8262),#8266);
#8262 = LINE('',#8263,#8264);
#8263 = CARTESIAN_POINT('',(0.,-14.));
#8264 = VECTOR('',#8265,1.);
#8265 = DIRECTION('',(1.,0.));
#8266 = ( GEOMETRIC_REPRESENTATION_CONTEXT(2) 
PARAMETRIC_REPRESENTATION_CONTEXT() REPRESENTATION_CONTEXT('2D SPACE',''
  ) );
#8267 = PCURVE('',#4371,#8268);
#8268 = DEFINITIONAL_REPRESENTATION('',(#8269),#8273);
#8269 = LINE('',#8270,#8271);
#8270 = CARTESIAN_POINT('',(0.,0.));
#8271 = VECTOR('',#8272,1.);
#8272 = DIRECTION('',(1.,0.));
#8273 = ( GEOMETRIC_REPRESENTATION_CONTEXT(2) 
PARAMETRIC_REPRESENTATION_CONTEXT() REPRESENTATION_CONTEXT('2D SPACE',''
  ) );
#8274 = ORIENTED_EDGE('',*,*,#4383,.F.);
#8275 = ADVANCED_FACE('',(#8276),#2607,.F.);
#8276 = FACE_BOUND('',#8277,.F.);
#8277 = EDGE_LOOP('',(#8278,#8299,#8300,#8301));
#8278 = ORIENTED_EDGE('',*,*,#8279,.F.);
#8279 = EDGE_CURVE('',#5408,#2592,#8280,.T.);
#8280 = SURFACE_CURVE('',#8281,(#8285,#8292),.PCURVE_S1.);
#8281 = LINE('',#8282,#8283);
#8282 = CARTESIAN_POINT('',(-39.5,-84.,7.));
#8283 = VECTOR('',#8284,1.);
#8284 = DIRECTION('',(0.,0.,1.));
#8285 = PCURVE('',#2607,#8286);
#8286 = DEFINITIONAL_REPRESENTATION('',(#8287),#8291);
#8287 = LINE('',#8288,#8289);
#8288 = CARTESIAN_POINT('',(0.,0.));
#8289 = VECTOR('',#8290,1.);
#8290 = DIRECTION('',(1.,0.));
#8291 = ( GEOMETRIC_REPRESENTATION_CONTEXT(2) 
PARAMETRIC_REPRESENTATION_CONTEXT() REPRESENTATION_CONTEXT('2D SPACE',''
  ) );
#8292 = PCURVE('',#2635,#8293);
#8293 = DEFINITIONAL_REPRESENTATION('',(#8294),#8298);
#8294 = LINE('',#8295,#8296);
#8295 = CARTESIAN_POINT('',(0.,0.));
#8296 = VECTOR('',#8297,1.);
#8297 = DIRECTION('',(1.,0.));
#8298 = ( GEOMETRIC_REPRESENTATION_CONTEXT(2) 
PARAMETRIC_REPRESENTATION_CONTEXT() REPRESENTATION_CONTEXT('2D SPACE',''
  ) );
#8299 = ORIENTED_EDGE('',*,*,#5407,.T.);
#8300 = ORIENTED_EDGE('',*,*,#8228,.T.);
#8301 = ORIENTED_EDGE('',*,*,#2591,.F.);
#8302 = ADVANCED_FACE('',(#8303),#4371,.T.);
#8303 = FACE_BOUND('',#8304,.T.);
#8304 = EDGE_LOOP('',(#8305,#8306,#8307,#8308));
#8305 = ORIENTED_EDGE('',*,*,#6856,.F.);
#8306 = ORIENTED_EDGE('',*,*,#8254,.T.);
#8307 = ORIENTED_EDGE('',*,*,#4355,.T.);
#8308 = ORIENTED_EDGE('',*,*,#8309,.F.);
#8309 = EDGE_CURVE('',#6834,#4328,#8310,.T.);
#8310 = SURFACE_CURVE('',#8311,(#8315,#8322),.PCURVE_S1.);
#8311 = LINE('',#8312,#8313);
#8312 = CARTESIAN_POINT('',(-36.5,84.,7.));
#8313 = VECTOR('',#8314,1.);
#8314 = DIRECTION('',(0.,0.,1.));
#8315 = PCURVE('',#4371,#8316);
#8316 = DEFINITIONAL_REPRESENTATION('',(#8317),#8321);
#8317 = LINE('',#8318,#8319);
#8318 = CARTESIAN_POINT('',(0.,3.));
#8319 = VECTOR('',#8320,1.);
#8320 = DIRECTION('',(1.,0.));
#8321 = ( GEOMETRIC_REPRESENTATION_CONTEXT(2) 
PARAMETRIC_REPRESENTATION_CONTEXT() REPRESENTATION_CONTEXT('2D SPACE',''
  ) );
#8322 = PCURVE('',#4343,#8323);
#8323 = DEFINITIONAL_REPRESENTATION('',(#8324),#8328);
#8324 = LINE('',#8325,#8326);
#8325 = CARTESIAN_POINT('',(0.,-14.));
#8326 = VECTOR('',#8327,1.);
#8327 = DIRECTION('',(1.,0.));
#8328 = ( GEOMETRIC_REPRESENTATION_CONTEXT(2) 
PARAMETRIC_REPRESENTATION_CONTEXT() REPRESENTATION_CONTEXT('2D SPACE',''
  ) );
#8329 = ADVANCED_FACE('',(#8330),#2635,.F.);
#8330 = FACE_BOUND('',#8331,.F.);
#8331 = EDGE_LOOP('',(#8332,#8333,#8334,#8335));
#8332 = ORIENTED_EDGE('',*,*,#5430,.F.);
#8333 = ORIENTED_EDGE('',*,*,#8279,.T.);
#8334 = ORIENTED_EDGE('',*,*,#2619,.T.);
#8335 = ORIENTED_EDGE('',*,*,#8336,.F.);
#8336 = EDGE_CURVE('',#5431,#2620,#8337,.T.);
#8337 = SURFACE_CURVE('',#8338,(#8342,#8349),.PCURVE_S1.);
#8338 = LINE('',#8339,#8340);
#8339 = CARTESIAN_POINT('',(-36.5,-84.,7.));
#8340 = VECTOR('',#8341,1.);
#8341 = DIRECTION('',(0.,0.,1.));
#8342 = PCURVE('',#2635,#8343);
#8343 = DEFINITIONAL_REPRESENTATION('',(#8344),#8348);
#8344 = LINE('',#8345,#8346);
#8345 = CARTESIAN_POINT('',(0.,3.));
#8346 = VECTOR('',#8347,1.);
#8347 = DIRECTION('',(1.,0.));
#8348 = ( GEOMETRIC_REPRESENTATION_CONTEXT(2) 
PARAMETRIC_REPRESENTATION_CONTEXT() REPRESENTATION_CONTEXT('2D SPACE',''
  ) );
#8349 = PCURVE('',#2663,#8350);
#8350 = DEFINITIONAL_REPRESENTATION('',(#8351),#8355);
#8351 = LINE('',#8352,#8353);
#8352 = CARTESIAN_POINT('',(0.,0.));
#8353 = VECTOR('',#8354,1.);
#8354 = DIRECTION('',(1.,0.));
#8355 = ( GEOMETRIC_REPRESENTATION_CONTEXT(2) 
PARAMETRIC_REPRESENTATION_CONTEXT() REPRESENTATION_CONTEXT('2D SPACE',''
  ) );
#8356 = ADVANCED_FACE('',(#8357),#4343,.T.);
#8357 = FACE_BOUND('',#8358,.T.);
#8358 = EDGE_LOOP('',(#8359,#8380,#8381,#8382));
#8359 = ORIENTED_EDGE('',*,*,#8360,.F.);
#8360 = EDGE_CURVE('',#6811,#4300,#8361,.T.);
#8361 = SURFACE_CURVE('',#8362,(#8366,#8373),.PCURVE_S1.);
#8362 = LINE('',#8363,#8364);
#8363 = CARTESIAN_POINT('',(-36.5,70.,7.));
#8364 = VECTOR('',#8365,1.);
#8365 = DIRECTION('',(0.,0.,1.));
#8366 = PCURVE('',#4343,#8367);
#8367 = DEFINITIONAL_REPRESENTATION('',(#8368),#8372);
#8368 = LINE('',#8369,#8370);
#8369 = CARTESIAN_POINT('',(0.,0.));
#8370 = VECTOR('',#8371,1.);
#8371 = DIRECTION('',(1.,0.));
#8372 = ( GEOMETRIC_REPRESENTATION_CONTEXT(2) 
PARAMETRIC_REPRESENTATION_CONTEXT() REPRESENTATION_CONTEXT('2D SPACE',''
  ) );
#8373 = PCURVE('',#4315,#8374);
#8374 = DEFINITIONAL_REPRESENTATION('',(#8375),#8379);
#8375 = LINE('',#8376,#8377);
#8376 = CARTESIAN_POINT('',(0.,73.5));
#8377 = VECTOR('',#8378,1.);
#8378 = DIRECTION('',(1.,0.));
#8379 = ( GEOMETRIC_REPRESENTATION_CONTEXT(2) 
PARAMETRIC_REPRESENTATION_CONTEXT() REPRESENTATION_CONTEXT('2D SPACE',''
  ) );
#8380 = ORIENTED_EDGE('',*,*,#6833,.T.);
#8381 = ORIENTED_EDGE('',*,*,#8309,.T.);
#8382 = ORIENTED_EDGE('',*,*,#4327,.F.);
#8383 = ADVANCED_FACE('',(#8384),#2663,.T.);
#8384 = FACE_BOUND('',#8385,.T.);
#8385 = EDGE_LOOP('',(#8386,#8387,#8388,#8409));
#8386 = ORIENTED_EDGE('',*,*,#8336,.F.);
#8387 = ORIENTED_EDGE('',*,*,#5453,.T.);
#8388 = ORIENTED_EDGE('',*,*,#8389,.T.);
#8389 = EDGE_CURVE('',#5454,#2648,#8390,.T.);
#8390 = SURFACE_CURVE('',#8391,(#8395,#8402),.PCURVE_S1.);
#8391 = LINE('',#8392,#8393);
#8392 = CARTESIAN_POINT('',(-36.5,-70.,7.));
#8393 = VECTOR('',#8394,1.);
#8394 = DIRECTION('',(0.,0.,1.));
#8395 = PCURVE('',#2663,#8396);
#8396 = DEFINITIONAL_REPRESENTATION('',(#8397),#8401);
#8397 = LINE('',#8398,#8399);
#8398 = CARTESIAN_POINT('',(0.,-14.));
#8399 = VECTOR('',#8400,1.);
#8400 = DIRECTION('',(1.,0.));
#8401 = ( GEOMETRIC_REPRESENTATION_CONTEXT(2) 
PARAMETRIC_REPRESENTATION_CONTEXT() REPRESENTATION_CONTEXT('2D SPACE',''
  ) );
#8402 = PCURVE('',#2691,#8403);
#8403 = DEFINITIONAL_REPRESENTATION('',(#8404),#8408);
#8404 = LINE('',#8405,#8406);
#8405 = CARTESIAN_POINT('',(0.,73.5));
#8406 = VECTOR('',#8407,1.);
#8407 = DIRECTION('',(1.,0.));
#8408 = ( GEOMETRIC_REPRESENTATION_CONTEXT(2) 
PARAMETRIC_REPRESENTATION_CONTEXT() REPRESENTATION_CONTEXT('2D SPACE',''
  ) );
#8409 = ORIENTED_EDGE('',*,*,#2647,.F.);
#8410 = ADVANCED_FACE('',(#8411),#4315,.T.);
#8411 = FACE_BOUND('',#8412,.T.);
#8412 = EDGE_LOOP('',(#8413,#8414,#8415,#8416));
#8413 = ORIENTED_EDGE('',*,*,#6810,.F.);
#8414 = ORIENTED_EDGE('',*,*,#8360,.T.);
#8415 = ORIENTED_EDGE('',*,*,#4299,.T.);
#8416 = ORIENTED_EDGE('',*,*,#8417,.F.);
#8417 = EDGE_CURVE('',#6788,#4272,#8418,.T.);
#8418 = SURFACE_CURVE('',#8419,(#8423,#8430),.PCURVE_S1.);
#8419 = LINE('',#8420,#8421);
#8420 = CARTESIAN_POINT('',(-20.5,70.,7.));
#8421 = VECTOR('',#8422,1.);
#8422 = DIRECTION('',(0.,0.,1.));
#8423 = PCURVE('',#4315,#8424);
#8424 = DEFINITIONAL_REPRESENTATION('',(#8425),#8429);
#8425 = LINE('',#8426,#8427);
#8426 = CARTESIAN_POINT('',(0.,89.5));
#8427 = VECTOR('',#8428,1.);
#8428 = DIRECTION('',(1.,0.));
#8429 = ( GEOMETRIC_REPRESENTATION_CONTEXT(2) 
PARAMETRIC_REPRESENTATION_CONTEXT() REPRESENTATION_CONTEXT('2D SPACE',''
  ) );
#8430 = PCURVE('',#4287,#8431);
#8431 = DEFINITIONAL_REPRESENTATION('',(#8432),#8436);
#8432 = LINE('',#8433,#8434);
#8433 = CARTESIAN_POINT('',(0.,0.));
#8434 = VECTOR('',#8435,1.);
#8435 = DIRECTION('',(1.,0.));
#8436 = ( GEOMETRIC_REPRESENTATION_CONTEXT(2) 
PARAMETRIC_REPRESENTATION_CONTEXT() REPRESENTATION_CONTEXT('2D SPACE',''
  ) );
#8437 = ADVANCED_FACE('',(#8438),#2691,.F.);
#8438 = FACE_BOUND('',#8439,.F.);
#8439 = EDGE_LOOP('',(#8440,#8441,#8442,#8443));
#8440 = ORIENTED_EDGE('',*,*,#5476,.F.);
#8441 = ORIENTED_EDGE('',*,*,#8389,.T.);
#8442 = ORIENTED_EDGE('',*,*,#2675,.T.);
#8443 = ORIENTED_EDGE('',*,*,#8444,.F.);
#8444 = EDGE_CURVE('',#5477,#2676,#8445,.T.);
#8445 = SURFACE_CURVE('',#8446,(#8450,#8457),.PCURVE_S1.);
#8446 = LINE('',#8447,#8448);
#8447 = CARTESIAN_POINT('',(-20.5,-70.,7.));
#8448 = VECTOR('',#8449,1.);
#8449 = DIRECTION('',(0.,0.,1.));
#8450 = PCURVE('',#2691,#8451);
#8451 = DEFINITIONAL_REPRESENTATION('',(#8452),#8456);
#8452 = LINE('',#8453,#8454);
#8453 = CARTESIAN_POINT('',(0.,89.5));
#8454 = VECTOR('',#8455,1.);
#8455 = DIRECTION('',(1.,0.));
#8456 = ( GEOMETRIC_REPRESENTATION_CONTEXT(2) 
PARAMETRIC_REPRESENTATION_CONTEXT() REPRESENTATION_CONTEXT('2D SPACE',''
  ) );
#8457 = PCURVE('',#2719,#8458);
#8458 = DEFINITIONAL_REPRESENTATION('',(#8459),#8463);
#8459 = LINE('',#8460,#8461);
#8460 = CARTESIAN_POINT('',(0.,-14.));
#8461 = VECTOR('',#8462,1.);
#8462 = DIRECTION('',(1.,0.));
#8463 = ( GEOMETRIC_REPRESENTATION_CONTEXT(2) 
PARAMETRIC_REPRESENTATION_CONTEXT() REPRESENTATION_CONTEXT('2D SPACE',''
  ) );
#8464 = ADVANCED_FACE('',(#8465),#4287,.F.);
#8465 = FACE_BOUND('',#8466,.F.);
#8466 = EDGE_LOOP('',(#8467,#8468,#8469,#8490));
#8467 = ORIENTED_EDGE('',*,*,#8417,.F.);
#8468 = ORIENTED_EDGE('',*,*,#6787,.T.);
#8469 = ORIENTED_EDGE('',*,*,#8470,.T.);
#8470 = EDGE_CURVE('',#6765,#4244,#8471,.T.);
#8471 = SURFACE_CURVE('',#8472,(#8476,#8483),.PCURVE_S1.);
#8472 = LINE('',#8473,#8474);
#8473 = CARTESIAN_POINT('',(-20.5,84.,7.));
#8474 = VECTOR('',#8475,1.);
#8475 = DIRECTION('',(0.,0.,1.));
#8476 = PCURVE('',#4287,#8477);
#8477 = DEFINITIONAL_REPRESENTATION('',(#8478),#8482);
#8478 = LINE('',#8479,#8480);
#8479 = CARTESIAN_POINT('',(0.,-14.));
#8480 = VECTOR('',#8481,1.);
#8481 = DIRECTION('',(1.,0.));
#8482 = ( GEOMETRIC_REPRESENTATION_CONTEXT(2) 
PARAMETRIC_REPRESENTATION_CONTEXT() REPRESENTATION_CONTEXT('2D SPACE',''
  ) );
#8483 = PCURVE('',#4259,#8484);
#8484 = DEFINITIONAL_REPRESENTATION('',(#8485),#8489);
#8485 = LINE('',#8486,#8487);
#8486 = CARTESIAN_POINT('',(0.,0.));
#8487 = VECTOR('',#8488,1.);
#8488 = DIRECTION('',(1.,0.));
#8489 = ( GEOMETRIC_REPRESENTATION_CONTEXT(2) 
PARAMETRIC_REPRESENTATION_CONTEXT() REPRESENTATION_CONTEXT('2D SPACE',''
  ) );
#8490 = ORIENTED_EDGE('',*,*,#4271,.F.);
#8491 = ADVANCED_FACE('',(#8492),#2719,.F.);
#8492 = FACE_BOUND('',#8493,.F.);
#8493 = EDGE_LOOP('',(#8494,#8515,#8516,#8517));
#8494 = ORIENTED_EDGE('',*,*,#8495,.F.);
#8495 = EDGE_CURVE('',#5500,#2704,#8496,.T.);
#8496 = SURFACE_CURVE('',#8497,(#8501,#8508),.PCURVE_S1.);
#8497 = LINE('',#8498,#8499);
#8498 = CARTESIAN_POINT('',(-20.5,-84.,7.));
#8499 = VECTOR('',#8500,1.);
#8500 = DIRECTION('',(0.,0.,1.));
#8501 = PCURVE('',#2719,#8502);
#8502 = DEFINITIONAL_REPRESENTATION('',(#8503),#8507);
#8503 = LINE('',#8504,#8505);
#8504 = CARTESIAN_POINT('',(0.,0.));
#8505 = VECTOR('',#8506,1.);
#8506 = DIRECTION('',(1.,0.));
#8507 = ( GEOMETRIC_REPRESENTATION_CONTEXT(2) 
PARAMETRIC_REPRESENTATION_CONTEXT() REPRESENTATION_CONTEXT('2D SPACE',''
  ) );
#8508 = PCURVE('',#2747,#8509);
#8509 = DEFINITIONAL_REPRESENTATION('',(#8510),#8514);
#8510 = LINE('',#8511,#8512);
#8511 = CARTESIAN_POINT('',(0.,0.));
#8512 = VECTOR('',#8513,1.);
#8513 = DIRECTION('',(1.,0.));
#8514 = ( GEOMETRIC_REPRESENTATION_CONTEXT(2) 
PARAMETRIC_REPRESENTATION_CONTEXT() REPRESENTATION_CONTEXT('2D SPACE',''
  ) );
#8515 = ORIENTED_EDGE('',*,*,#5499,.T.);
#8516 = ORIENTED_EDGE('',*,*,#8444,.T.);
#8517 = ORIENTED_EDGE('',*,*,#2703,.F.);
#8518 = ADVANCED_FACE('',(#8519),#4259,.T.);
#8519 = FACE_BOUND('',#8520,.T.);
#8520 = EDGE_LOOP('',(#8521,#8522,#8523,#8524));
#8521 = ORIENTED_EDGE('',*,*,#6764,.F.);
#8522 = ORIENTED_EDGE('',*,*,#8470,.T.);
#8523 = ORIENTED_EDGE('',*,*,#4243,.T.);
#8524 = ORIENTED_EDGE('',*,*,#8525,.F.);
#8525 = EDGE_CURVE('',#6742,#4216,#8526,.T.);
#8526 = SURFACE_CURVE('',#8527,(#8531,#8538),.PCURVE_S1.);
#8527 = LINE('',#8528,#8529);
#8528 = CARTESIAN_POINT('',(-17.5,84.,7.));
#8529 = VECTOR('',#8530,1.);
#8530 = DIRECTION('',(0.,0.,1.));
#8531 = PCURVE('',#4259,#8532);
#8532 = DEFINITIONAL_REPRESENTATION('',(#8533),#8537);
#8533 = LINE('',#8534,#8535);
#8534 = CARTESIAN_POINT('',(0.,3.));
#8535 = VECTOR('',#8536,1.);
#8536 = DIRECTION('',(1.,0.));
#8537 = ( GEOMETRIC_REPRESENTATION_CONTEXT(2) 
PARAMETRIC_REPRESENTATION_CONTEXT() REPRESENTATION_CONTEXT('2D SPACE',''
  ) );
#8538 = PCURVE('',#4231,#8539);
#8539 = DEFINITIONAL_REPRESENTATION('',(#8540),#8544);
#8540 = LINE('',#8541,#8542);
#8541 = CARTESIAN_POINT('',(0.,-14.));
#8542 = VECTOR('',#8543,1.);
#8543 = DIRECTION('',(1.,0.));
#8544 = ( GEOMETRIC_REPRESENTATION_CONTEXT(2) 
PARAMETRIC_REPRESENTATION_CONTEXT() REPRESENTATION_CONTEXT('2D SPACE',''
  ) );
#8545 = ADVANCED_FACE('',(#8546),#2747,.F.);
#8546 = FACE_BOUND('',#8547,.F.);
#8547 = EDGE_LOOP('',(#8548,#8549,#8550,#8551));
#8548 = ORIENTED_EDGE('',*,*,#5522,.F.);
#8549 = ORIENTED_EDGE('',*,*,#8495,.T.);
#8550 = ORIENTED_EDGE('',*,*,#2731,.T.);
#8551 = ORIENTED_EDGE('',*,*,#8552,.F.);
#8552 = EDGE_CURVE('',#5523,#2732,#8553,.T.);
#8553 = SURFACE_CURVE('',#8554,(#8558,#8565),.PCURVE_S1.);
#8554 = LINE('',#8555,#8556);
#8555 = CARTESIAN_POINT('',(-17.5,-84.,7.));
#8556 = VECTOR('',#8557,1.);
#8557 = DIRECTION('',(0.,0.,1.));
#8558 = PCURVE('',#2747,#8559);
#8559 = DEFINITIONAL_REPRESENTATION('',(#8560),#8564);
#8560 = LINE('',#8561,#8562);
#8561 = CARTESIAN_POINT('',(0.,3.));
#8562 = VECTOR('',#8563,1.);
#8563 = DIRECTION('',(1.,0.));
#8564 = ( GEOMETRIC_REPRESENTATION_CONTEXT(2) 
PARAMETRIC_REPRESENTATION_CONTEXT() REPRESENTATION_CONTEXT('2D SPACE',''
  ) );
#8565 = PCURVE('',#2775,#8566);
#8566 = DEFINITIONAL_REPRESENTATION('',(#8567),#8571);
#8567 = LINE('',#8568,#8569);
#8568 = CARTESIAN_POINT('',(0.,0.));
#8569 = VECTOR('',#8570,1.);
#8570 = DIRECTION('',(1.,0.));
#8571 = ( GEOMETRIC_REPRESENTATION_CONTEXT(2) 
PARAMETRIC_REPRESENTATION_CONTEXT() REPRESENTATION_CONTEXT('2D SPACE',''
  ) );
#8572 = ADVANCED_FACE('',(#8573),#4231,.T.);
#8573 = FACE_BOUND('',#8574,.T.);
#8574 = EDGE_LOOP('',(#8575,#8596,#8597,#8598));
#8575 = ORIENTED_EDGE('',*,*,#8576,.F.);
#8576 = EDGE_CURVE('',#6719,#4188,#8577,.T.);
#8577 = SURFACE_CURVE('',#8578,(#8582,#8589),.PCURVE_S1.);
#8578 = LINE('',#8579,#8580);
#8579 = CARTESIAN_POINT('',(-17.5,70.,7.));
#8580 = VECTOR('',#8581,1.);
#8581 = DIRECTION('',(0.,0.,1.));
#8582 = PCURVE('',#4231,#8583);
#8583 = DEFINITIONAL_REPRESENTATION('',(#8584),#8588);
#8584 = LINE('',#8585,#8586);
#8585 = CARTESIAN_POINT('',(0.,0.));
#8586 = VECTOR('',#8587,1.);
#8587 = DIRECTION('',(1.,0.));
#8588 = ( GEOMETRIC_REPRESENTATION_CONTEXT(2) 
PARAMETRIC_REPRESENTATION_CONTEXT() REPRESENTATION_CONTEXT('2D SPACE',''
  ) );
#8589 = PCURVE('',#4203,#8590);
#8590 = DEFINITIONAL_REPRESENTATION('',(#8591),#8595);
#8591 = LINE('',#8592,#8593);
#8592 = CARTESIAN_POINT('',(0.,92.5));
#8593 = VECTOR('',#8594,1.);
#8594 = DIRECTION('',(1.,0.));
#8595 = ( GEOMETRIC_REPRESENTATION_CONTEXT(2) 
PARAMETRIC_REPRESENTATION_CONTEXT() REPRESENTATION_CONTEXT('2D SPACE',''
  ) );
#8596 = ORIENTED_EDGE('',*,*,#6741,.T.);
#8597 = ORIENTED_EDGE('',*,*,#8525,.T.);
#8598 = ORIENTED_EDGE('',*,*,#4215,.F.);
#8599 = ADVANCED_FACE('',(#8600),#2775,.T.);
#8600 = FACE_BOUND('',#8601,.T.);
#8601 = EDGE_LOOP('',(#8602,#8603,#8604,#8625));
#8602 = ORIENTED_EDGE('',*,*,#8552,.F.);
#8603 = ORIENTED_EDGE('',*,*,#5545,.T.);
#8604 = ORIENTED_EDGE('',*,*,#8605,.T.);
#8605 = EDGE_CURVE('',#5546,#2760,#8606,.T.);
#8606 = SURFACE_CURVE('',#8607,(#8611,#8618),.PCURVE_S1.);
#8607 = LINE('',#8608,#8609);
#8608 = CARTESIAN_POINT('',(-17.5,-70.,7.));
#8609 = VECTOR('',#8610,1.);
#8610 = DIRECTION('',(0.,0.,1.));
#8611 = PCURVE('',#2775,#8612);
#8612 = DEFINITIONAL_REPRESENTATION('',(#8613),#8617);
#8613 = LINE('',#8614,#8615);
#8614 = CARTESIAN_POINT('',(0.,-14.));
#8615 = VECTOR('',#8616,1.);
#8616 = DIRECTION('',(1.,0.));
#8617 = ( GEOMETRIC_REPRESENTATION_CONTEXT(2) 
PARAMETRIC_REPRESENTATION_CONTEXT() REPRESENTATION_CONTEXT('2D SPACE',''
  ) );
#8618 = PCURVE('',#2803,#8619);
#8619 = DEFINITIONAL_REPRESENTATION('',(#8620),#8624);
#8620 = LINE('',#8621,#8622);
#8621 = CARTESIAN_POINT('',(0.,92.5));
#8622 = VECTOR('',#8623,1.);
#8623 = DIRECTION('',(1.,0.));
#8624 = ( GEOMETRIC_REPRESENTATION_CONTEXT(2) 
PARAMETRIC_REPRESENTATION_CONTEXT() REPRESENTATION_CONTEXT('2D SPACE',''
  ) );
#8625 = ORIENTED_EDGE('',*,*,#2759,.F.);
#8626 = ADVANCED_FACE('',(#8627),#4203,.T.);
#8627 = FACE_BOUND('',#8628,.T.);
#8628 = EDGE_LOOP('',(#8629,#8630,#8631,#8632));
#8629 = ORIENTED_EDGE('',*,*,#6718,.F.);
#8630 = ORIENTED_EDGE('',*,*,#8576,.T.);
#8631 = ORIENTED_EDGE('',*,*,#4187,.T.);
#8632 = ORIENTED_EDGE('',*,*,#8633,.F.);
#8633 = EDGE_CURVE('',#6696,#4160,#8634,.T.);
#8634 = SURFACE_CURVE('',#8635,(#8639,#8646),.PCURVE_S1.);
#8635 = LINE('',#8636,#8637);
#8636 = CARTESIAN_POINT('',(-1.5,70.,7.));
#8637 = VECTOR('',#8638,1.);
#8638 = DIRECTION('',(0.,0.,1.));
#8639 = PCURVE('',#4203,#8640);
#8640 = DEFINITIONAL_REPRESENTATION('',(#8641),#8645);
#8641 = LINE('',#8642,#8643);
#8642 = CARTESIAN_POINT('',(0.,108.5));
#8643 = VECTOR('',#8644,1.);
#8644 = DIRECTION('',(1.,0.));
#8645 = ( GEOMETRIC_REPRESENTATION_CONTEXT(2) 
PARAMETRIC_REPRESENTATION_CONTEXT() REPRESENTATION_CONTEXT('2D SPACE',''
  ) );
#8646 = PCURVE('',#4175,#8647);
#8647 = DEFINITIONAL_REPRESENTATION('',(#8648),#8652);
#8648 = LINE('',#8649,#8650);
#8649 = CARTESIAN_POINT('',(0.,0.));
#8650 = VECTOR('',#8651,1.);
#8651 = DIRECTION('',(1.,0.));
#8652 = ( GEOMETRIC_REPRESENTATION_CONTEXT(2) 
PARAMETRIC_REPRESENTATION_CONTEXT() REPRESENTATION_CONTEXT('2D SPACE',''
  ) );
#8653 = ADVANCED_FACE('',(#8654),#2803,.F.);
#8654 = FACE_BOUND('',#8655,.F.);
#8655 = EDGE_LOOP('',(#8656,#8657,#8658,#8659));
#8656 = ORIENTED_EDGE('',*,*,#5568,.F.);
#8657 = ORIENTED_EDGE('',*,*,#8605,.T.);
#8658 = ORIENTED_EDGE('',*,*,#2787,.T.);
#8659 = ORIENTED_EDGE('',*,*,#8660,.F.);
#8660 = EDGE_CURVE('',#5569,#2788,#8661,.T.);
#8661 = SURFACE_CURVE('',#8662,(#8666,#8673),.PCURVE_S1.);
#8662 = LINE('',#8663,#8664);
#8663 = CARTESIAN_POINT('',(-1.5,-70.,7.));
#8664 = VECTOR('',#8665,1.);
#8665 = DIRECTION('',(0.,0.,1.));
#8666 = PCURVE('',#2803,#8667);
#8667 = DEFINITIONAL_REPRESENTATION('',(#8668),#8672);
#8668 = LINE('',#8669,#8670);
#8669 = CARTESIAN_POINT('',(0.,108.5));
#8670 = VECTOR('',#8671,1.);
#8671 = DIRECTION('',(1.,0.));
#8672 = ( GEOMETRIC_REPRESENTATION_CONTEXT(2) 
PARAMETRIC_REPRESENTATION_CONTEXT() REPRESENTATION_CONTEXT('2D SPACE',''
  ) );
#8673 = PCURVE('',#2831,#8674);
#8674 = DEFINITIONAL_REPRESENTATION('',(#8675),#8679);
#8675 = LINE('',#8676,#8677);
#8676 = CARTESIAN_POINT('',(0.,-14.));
#8677 = VECTOR('',#8678,1.);
#8678 = DIRECTION('',(1.,0.));
#8679 = ( GEOMETRIC_REPRESENTATION_CONTEXT(2) 
PARAMETRIC_REPRESENTATION_CONTEXT() REPRESENTATION_CONTEXT('2D SPACE',''
  ) );
#8680 = ADVANCED_FACE('',(#8681),#4175,.F.);
#8681 = FACE_BOUND('',#8682,.F.);
#8682 = EDGE_LOOP('',(#8683,#8684,#8685,#8706));
#8683 = ORIENTED_EDGE('',*,*,#8633,.F.);
#8684 = ORIENTED_EDGE('',*,*,#6695,.T.);
#8685 = ORIENTED_EDGE('',*,*,#8686,.T.);
#8686 = EDGE_CURVE('',#6673,#4132,#8687,.T.);
#8687 = SURFACE_CURVE('',#8688,(#8692,#8699),.PCURVE_S1.);
#8688 = LINE('',#8689,#8690);
#8689 = CARTESIAN_POINT('',(-1.5,84.,7.));
#8690 = VECTOR('',#8691,1.);
#8691 = DIRECTION('',(0.,0.,1.));
#8692 = PCURVE('',#4175,#8693);
#8693 = DEFINITIONAL_REPRESENTATION('',(#8694),#8698);
#8694 = LINE('',#8695,#8696);
#8695 = CARTESIAN_POINT('',(0.,-14.));
#8696 = VECTOR('',#8697,1.);
#8697 = DIRECTION('',(1.,0.));
#8698 = ( GEOMETRIC_REPRESENTATION_CONTEXT(2) 
PARAMETRIC_REPRESENTATION_CONTEXT() REPRESENTATION_CONTEXT('2D SPACE',''
  ) );
#8699 = PCURVE('',#4147,#8700);
#8700 = DEFINITIONAL_REPRESENTATION('',(#8701),#8705);
#8701 = LINE('',#8702,#8703);
#8702 = CARTESIAN_POINT('',(0.,0.));
#8703 = VECTOR('',#8704,1.);
#8704 = DIRECTION('',(1.,0.));
#8705 = ( GEOMETRIC_REPRESENTATION_CONTEXT(2) 
PARAMETRIC_REPRESENTATION_CONTEXT() REPRESENTATION_CONTEXT('2D SPACE',''
  ) );
#8706 = ORIENTED_EDGE('',*,*,#4159,.F.);
#8707 = ADVANCED_FACE('',(#8708),#2831,.F.);
#8708 = FACE_BOUND('',#8709,.F.);
#8709 = EDGE_LOOP('',(#8710,#8731,#8732,#8733));
#8710 = ORIENTED_EDGE('',*,*,#8711,.F.);
#8711 = EDGE_CURVE('',#5592,#2816,#8712,.T.);
#8712 = SURFACE_CURVE('',#8713,(#8717,#8724),.PCURVE_S1.);
#8713 = LINE('',#8714,#8715);
#8714 = CARTESIAN_POINT('',(-1.5,-84.,7.));
#8715 = VECTOR('',#8716,1.);
#8716 = DIRECTION('',(0.,0.,1.));
#8717 = PCURVE('',#2831,#8718);
#8718 = DEFINITIONAL_REPRESENTATION('',(#8719),#8723);
#8719 = LINE('',#8720,#8721);
#8720 = CARTESIAN_POINT('',(0.,0.));
#8721 = VECTOR('',#8722,1.);
#8722 = DIRECTION('',(1.,0.));
#8723 = ( GEOMETRIC_REPRESENTATION_CONTEXT(2) 
PARAMETRIC_REPRESENTATION_CONTEXT() REPRESENTATION_CONTEXT('2D SPACE',''
  ) );
#8724 = PCURVE('',#2859,#8725);
#8725 = DEFINITIONAL_REPRESENTATION('',(#8726),#8730);
#8726 = LINE('',#8727,#8728);
#8727 = CARTESIAN_POINT('',(0.,0.));
#8728 = VECTOR('',#8729,1.);
#8729 = DIRECTION('',(1.,0.));
#8730 = ( GEOMETRIC_REPRESENTATION_CONTEXT(2) 
PARAMETRIC_REPRESENTATION_CONTEXT() REPRESENTATION_CONTEXT('2D SPACE',''
  ) );
#8731 = ORIENTED_EDGE('',*,*,#5591,.T.);
#8732 = ORIENTED_EDGE('',*,*,#8660,.T.);
#8733 = ORIENTED_EDGE('',*,*,#2815,.F.);
#8734 = ADVANCED_FACE('',(#8735),#4147,.T.);
#8735 = FACE_BOUND('',#8736,.T.);
#8736 = EDGE_LOOP('',(#8737,#8738,#8739,#8740));
#8737 = ORIENTED_EDGE('',*,*,#6672,.F.);
#8738 = ORIENTED_EDGE('',*,*,#8686,.T.);
#8739 = ORIENTED_EDGE('',*,*,#4131,.T.);
#8740 = ORIENTED_EDGE('',*,*,#8741,.F.);
#8741 = EDGE_CURVE('',#6650,#4104,#8742,.T.);
#8742 = SURFACE_CURVE('',#8743,(#8747,#8754),.PCURVE_S1.);
#8743 = LINE('',#8744,#8745);
#8744 = CARTESIAN_POINT('',(1.5,84.,7.));
#8745 = VECTOR('',#8746,1.);
#8746 = DIRECTION('',(0.,0.,1.));
#8747 = PCURVE('',#4147,#8748);
#8748 = DEFINITIONAL_REPRESENTATION('',(#8749),#8753);
#8749 = LINE('',#8750,#8751);
#8750 = CARTESIAN_POINT('',(0.,3.));
#8751 = VECTOR('',#8752,1.);
#8752 = DIRECTION('',(1.,0.));
#8753 = ( GEOMETRIC_REPRESENTATION_CONTEXT(2) 
PARAMETRIC_REPRESENTATION_CONTEXT() REPRESENTATION_CONTEXT('2D SPACE',''
  ) );
#8754 = PCURVE('',#4119,#8755);
#8755 = DEFINITIONAL_REPRESENTATION('',(#8756),#8760);
#8756 = LINE('',#8757,#8758);
#8757 = CARTESIAN_POINT('',(0.,-14.));
#8758 = VECTOR('',#8759,1.);
#8759 = DIRECTION('',(1.,0.));
#8760 = ( GEOMETRIC_REPRESENTATION_CONTEXT(2) 
PARAMETRIC_REPRESENTATION_CONTEXT() REPRESENTATION_CONTEXT('2D SPACE',''
  ) );
#8761 = ADVANCED_FACE('',(#8762),#2859,.F.);
#8762 = FACE_BOUND('',#8763,.F.);
#8763 = EDGE_LOOP('',(#8764,#8765,#8766,#8767));
#8764 = ORIENTED_EDGE('',*,*,#5614,.F.);
#8765 = ORIENTED_EDGE('',*,*,#8711,.T.);
#8766 = ORIENTED_EDGE('',*,*,#2843,.T.);
#8767 = ORIENTED_EDGE('',*,*,#8768,.F.);
#8768 = EDGE_CURVE('',#5615,#2844,#8769,.T.);
#8769 = SURFACE_CURVE('',#8770,(#8774,#8781),.PCURVE_S1.);
#8770 = LINE('',#8771,#8772);
#8771 = CARTESIAN_POINT('',(1.5,-84.,7.));
#8772 = VECTOR('',#8773,1.);
#8773 = DIRECTION('',(0.,0.,1.));
#8774 = PCURVE('',#2859,#8775);
#8775 = DEFINITIONAL_REPRESENTATION('',(#8776),#8780);
#8776 = LINE('',#8777,#8778);
#8777 = CARTESIAN_POINT('',(0.,3.));
#8778 = VECTOR('',#8779,1.);
#8779 = DIRECTION('',(1.,0.));
#8780 = ( GEOMETRIC_REPRESENTATION_CONTEXT(2) 
PARAMETRIC_REPRESENTATION_CONTEXT() REPRESENTATION_CONTEXT('2D SPACE',''
  ) );
#8781 = PCURVE('',#2887,#8782);
#8782 = DEFINITIONAL_REPRESENTATION('',(#8783),#8787);
#8783 = LINE('',#8784,#8785);
#8784 = CARTESIAN_POINT('',(0.,0.));
#8785 = VECTOR('',#8786,1.);
#8786 = DIRECTION('',(1.,0.));
#8787 = ( GEOMETRIC_REPRESENTATION_CONTEXT(2) 
PARAMETRIC_REPRESENTATION_CONTEXT() REPRESENTATION_CONTEXT('2D SPACE',''
  ) );
#8788 = ADVANCED_FACE('',(#8789),#4119,.T.);
#8789 = FACE_BOUND('',#8790,.T.);
#8790 = EDGE_LOOP('',(#8791,#8812,#8813,#8814));
#8791 = ORIENTED_EDGE('',*,*,#8792,.F.);
#8792 = EDGE_CURVE('',#6627,#4076,#8793,.T.);
#8793 = SURFACE_CURVE('',#8794,(#8798,#8805),.PCURVE_S1.);
#8794 = LINE('',#8795,#8796);
#8795 = CARTESIAN_POINT('',(1.5,70.,7.));
#8796 = VECTOR('',#8797,1.);
#8797 = DIRECTION('',(0.,0.,1.));
#8798 = PCURVE('',#4119,#8799);
#8799 = DEFINITIONAL_REPRESENTATION('',(#8800),#8804);
#8800 = LINE('',#8801,#8802);
#8801 = CARTESIAN_POINT('',(0.,0.));
#8802 = VECTOR('',#8803,1.);
#8803 = DIRECTION('',(1.,0.));
#8804 = ( GEOMETRIC_REPRESENTATION_CONTEXT(2) 
PARAMETRIC_REPRESENTATION_CONTEXT() REPRESENTATION_CONTEXT('2D SPACE',''
  ) );
#8805 = PCURVE('',#4091,#8806);
#8806 = DEFINITIONAL_REPRESENTATION('',(#8807),#8811);
#8807 = LINE('',#8808,#8809);
#8808 = CARTESIAN_POINT('',(0.,111.5));
#8809 = VECTOR('',#8810,1.);
#8810 = DIRECTION('',(1.,0.));
#8811 = ( GEOMETRIC_REPRESENTATION_CONTEXT(2) 
PARAMETRIC_REPRESENTATION_CONTEXT() REPRESENTATION_CONTEXT('2D SPACE',''
  ) );
#8812 = ORIENTED_EDGE('',*,*,#6649,.T.);
#8813 = ORIENTED_EDGE('',*,*,#8741,.T.);
#8814 = ORIENTED_EDGE('',*,*,#4103,.F.);
#8815 = ADVANCED_FACE('',(#8816),#2887,.T.);
#8816 = FACE_BOUND('',#8817,.T.);
#8817 = EDGE_LOOP('',(#8818,#8819,#8820,#8841));
#8818 = ORIENTED_EDGE('',*,*,#8768,.F.);
#8819 = ORIENTED_EDGE('',*,*,#5637,.T.);
#8820 = ORIENTED_EDGE('',*,*,#8821,.T.);
#8821 = EDGE_CURVE('',#5638,#2872,#8822,.T.);
#8822 = SURFACE_CURVE('',#8823,(#8827,#8834),.PCURVE_S1.);
#8823 = LINE('',#8824,#8825);
#8824 = CARTESIAN_POINT('',(1.5,-70.,7.));
#8825 = VECTOR('',#8826,1.);
#8826 = DIRECTION('',(0.,0.,1.));
#8827 = PCURVE('',#2887,#8828);
#8828 = DEFINITIONAL_REPRESENTATION('',(#8829),#8833);
#8829 = LINE('',#8830,#8831);
#8830 = CARTESIAN_POINT('',(0.,-14.));
#8831 = VECTOR('',#8832,1.);
#8832 = DIRECTION('',(1.,0.));
#8833 = ( GEOMETRIC_REPRESENTATION_CONTEXT(2) 
PARAMETRIC_REPRESENTATION_CONTEXT() REPRESENTATION_CONTEXT('2D SPACE',''
  ) );
#8834 = PCURVE('',#2915,#8835);
#8835 = DEFINITIONAL_REPRESENTATION('',(#8836),#8840);
#8836 = LINE('',#8837,#8838);
#8837 = CARTESIAN_POINT('',(0.,111.5));
#8838 = VECTOR('',#8839,1.);
#8839 = DIRECTION('',(1.,0.));
#8840 = ( GEOMETRIC_REPRESENTATION_CONTEXT(2) 
PARAMETRIC_REPRESENTATION_CONTEXT() REPRESENTATION_CONTEXT('2D SPACE',''
  ) );
#8841 = ORIENTED_EDGE('',*,*,#2871,.F.);
#8842 = ADVANCED_FACE('',(#8843),#4091,.T.);
#8843 = FACE_BOUND('',#8844,.T.);
#8844 = EDGE_LOOP('',(#8845,#8846,#8847,#8848));
#8845 = ORIENTED_EDGE('',*,*,#6626,.F.);
#8846 = ORIENTED_EDGE('',*,*,#8792,.T.);
#8847 = ORIENTED_EDGE('',*,*,#4075,.T.);
#8848 = ORIENTED_EDGE('',*,*,#8849,.F.);
#8849 = EDGE_CURVE('',#6604,#4048,#8850,.T.);
#8850 = SURFACE_CURVE('',#8851,(#8855,#8862),.PCURVE_S1.);
#8851 = LINE('',#8852,#8853);
#8852 = CARTESIAN_POINT('',(17.5,70.,7.));
#8853 = VECTOR('',#8854,1.);
#8854 = DIRECTION('',(0.,0.,1.));
#8855 = PCURVE('',#4091,#8856);
#8856 = DEFINITIONAL_REPRESENTATION('',(#8857),#8861);
#8857 = LINE('',#8858,#8859);
#8858 = CARTESIAN_POINT('',(0.,127.5));
#8859 = VECTOR('',#8860,1.);
#8860 = DIRECTION('',(1.,0.));
#8861 = ( GEOMETRIC_REPRESENTATION_CONTEXT(2) 
PARAMETRIC_REPRESENTATION_CONTEXT() REPRESENTATION_CONTEXT('2D SPACE',''
  ) );
#8862 = PCURVE('',#4063,#8863);
#8863 = DEFINITIONAL_REPRESENTATION('',(#8864),#8868);
#8864 = LINE('',#8865,#8866);
#8865 = CARTESIAN_POINT('',(0.,0.));
#8866 = VECTOR('',#8867,1.);
#8867 = DIRECTION('',(1.,0.));
#8868 = ( GEOMETRIC_REPRESENTATION_CONTEXT(2) 
PARAMETRIC_REPRESENTATION_CONTEXT() REPRESENTATION_CONTEXT('2D SPACE',''
  ) );
#8869 = ADVANCED_FACE('',(#8870),#2915,.F.);
#8870 = FACE_BOUND('',#8871,.F.);
#8871 = EDGE_LOOP('',(#8872,#8873,#8874,#8875));
#8872 = ORIENTED_EDGE('',*,*,#5660,.F.);
#8873 = ORIENTED_EDGE('',*,*,#8821,.T.);
#8874 = ORIENTED_EDGE('',*,*,#2899,.T.);
#8875 = ORIENTED_EDGE('',*,*,#8876,.F.);
#8876 = EDGE_CURVE('',#5661,#2900,#8877,.T.);
#8877 = SURFACE_CURVE('',#8878,(#8882,#8889),.PCURVE_S1.);
#8878 = LINE('',#8879,#8880);
#8879 = CARTESIAN_POINT('',(17.5,-70.,7.));
#8880 = VECTOR('',#8881,1.);
#8881 = DIRECTION('',(0.,0.,1.));
#8882 = PCURVE('',#2915,#8883);
#8883 = DEFINITIONAL_REPRESENTATION('',(#8884),#8888);
#8884 = LINE('',#8885,#8886);
#8885 = CARTESIAN_POINT('',(0.,127.5));
#8886 = VECTOR('',#8887,1.);
#8887 = DIRECTION('',(1.,0.));
#8888 = ( GEOMETRIC_REPRESENTATION_CONTEXT(2) 
PARAMETRIC_REPRESENTATION_CONTEXT() REPRESENTATION_CONTEXT('2D SPACE',''
  ) );
#8889 = PCURVE('',#2943,#8890);
#8890 = DEFINITIONAL_REPRESENTATION('',(#8891),#8895);
#8891 = LINE('',#8892,#8893);
#8892 = CARTESIAN_POINT('',(0.,-14.));
#8893 = VECTOR('',#8894,1.);
#8894 = DIRECTION('',(1.,0.));
#8895 = ( GEOMETRIC_REPRESENTATION_CONTEXT(2) 
PARAMETRIC_REPRESENTATION_CONTEXT() REPRESENTATION_CONTEXT('2D SPACE',''
  ) );
#8896 = ADVANCED_FACE('',(#8897),#4063,.F.);
#8897 = FACE_BOUND('',#8898,.F.);
#8898 = EDGE_LOOP('',(#8899,#8900,#8901,#8922));
#8899 = ORIENTED_EDGE('',*,*,#8849,.F.);
#8900 = ORIENTED_EDGE('',*,*,#6603,.T.);
#8901 = ORIENTED_EDGE('',*,*,#8902,.T.);
#8902 = EDGE_CURVE('',#6581,#4020,#8903,.T.);
#8903 = SURFACE_CURVE('',#8904,(#8908,#8915),.PCURVE_S1.);
#8904 = LINE('',#8905,#8906);
#8905 = CARTESIAN_POINT('',(17.5,84.,7.));
#8906 = VECTOR('',#8907,1.);
#8907 = DIRECTION('',(0.,0.,1.));
#8908 = PCURVE('',#4063,#8909);
#8909 = DEFINITIONAL_REPRESENTATION('',(#8910),#8914);
#8910 = LINE('',#8911,#8912);
#8911 = CARTESIAN_POINT('',(0.,-14.));
#8912 = VECTOR('',#8913,1.);
#8913 = DIRECTION('',(1.,0.));
#8914 = ( GEOMETRIC_REPRESENTATION_CONTEXT(2) 
PARAMETRIC_REPRESENTATION_CONTEXT() REPRESENTATION_CONTEXT('2D SPACE',''
  ) );
#8915 = PCURVE('',#4035,#8916);
#8916 = DEFINITIONAL_REPRESENTATION('',(#8917),#8921);
#8917 = LINE('',#8918,#8919);
#8918 = CARTESIAN_POINT('',(0.,0.));
#8919 = VECTOR('',#8920,1.);
#8920 = DIRECTION('',(1.,0.));
#8921 = ( GEOMETRIC_REPRESENTATION_CONTEXT(2) 
PARAMETRIC_REPRESENTATION_CONTEXT() REPRESENTATION_CONTEXT('2D SPACE',''
  ) );
#8922 = ORIENTED_EDGE('',*,*,#4047,.F.);
#8923 = ADVANCED_FACE('',(#8924),#2943,.F.);
#8924 = FACE_BOUND('',#8925,.F.);
#8925 = EDGE_LOOP('',(#8926,#8947,#8948,#8949));
#8926 = ORIENTED_EDGE('',*,*,#8927,.F.);
#8927 = EDGE_CURVE('',#5684,#2928,#8928,.T.);
#8928 = SURFACE_CURVE('',#8929,(#8933,#8940),.PCURVE_S1.);
#8929 = LINE('',#8930,#8931);
#8930 = CARTESIAN_POINT('',(17.5,-84.,7.));
#8931 = VECTOR('',#8932,1.);
#8932 = DIRECTION('',(0.,0.,1.));
#8933 = PCURVE('',#2943,#8934);
#8934 = DEFINITIONAL_REPRESENTATION('',(#8935),#8939);
#8935 = LINE('',#8936,#8937);
#8936 = CARTESIAN_POINT('',(0.,0.));
#8937 = VECTOR('',#8938,1.);
#8938 = DIRECTION('',(1.,0.));
#8939 = ( GEOMETRIC_REPRESENTATION_CONTEXT(2) 
PARAMETRIC_REPRESENTATION_CONTEXT() REPRESENTATION_CONTEXT('2D SPACE',''
  ) );
#8940 = PCURVE('',#2971,#8941);
#8941 = DEFINITIONAL_REPRESENTATION('',(#8942),#8946);
#8942 = LINE('',#8943,#8944);
#8943 = CARTESIAN_POINT('',(0.,0.));
#8944 = VECTOR('',#8945,1.);
#8945 = DIRECTION('',(1.,0.));
#8946 = ( GEOMETRIC_REPRESENTATION_CONTEXT(2) 
PARAMETRIC_REPRESENTATION_CONTEXT() REPRESENTATION_CONTEXT('2D SPACE',''
  ) );
#8947 = ORIENTED_EDGE('',*,*,#5683,.T.);
#8948 = ORIENTED_EDGE('',*,*,#8876,.T.);
#8949 = ORIENTED_EDGE('',*,*,#2927,.F.);
#8950 = ADVANCED_FACE('',(#8951),#4035,.T.);
#8951 = FACE_BOUND('',#8952,.T.);
#8952 = EDGE_LOOP('',(#8953,#8954,#8955,#8956));
#8953 = ORIENTED_EDGE('',*,*,#6580,.F.);
#8954 = ORIENTED_EDGE('',*,*,#8902,.T.);
#8955 = ORIENTED_EDGE('',*,*,#4019,.T.);
#8956 = ORIENTED_EDGE('',*,*,#8957,.F.);
#8957 = EDGE_CURVE('',#6558,#3992,#8958,.T.);
#8958 = SURFACE_CURVE('',#8959,(#8963,#8970),.PCURVE_S1.);
#8959 = LINE('',#8960,#8961);
#8960 = CARTESIAN_POINT('',(20.5,84.,7.));
#8961 = VECTOR('',#8962,1.);
#8962 = DIRECTION('',(0.,0.,1.));
#8963 = PCURVE('',#4035,#8964);
#8964 = DEFINITIONAL_REPRESENTATION('',(#8965),#8969);
#8965 = LINE('',#8966,#8967);
#8966 = CARTESIAN_POINT('',(0.,3.));
#8967 = VECTOR('',#8968,1.);
#8968 = DIRECTION('',(1.,0.));
#8969 = ( GEOMETRIC_REPRESENTATION_CONTEXT(2) 
PARAMETRIC_REPRESENTATION_CONTEXT() REPRESENTATION_CONTEXT('2D SPACE',''
  ) );
#8970 = PCURVE('',#4007,#8971);
#8971 = DEFINITIONAL_REPRESENTATION('',(#8972),#8976);
#8972 = LINE('',#8973,#8974);
#8973 = CARTESIAN_POINT('',(0.,-14.));
#8974 = VECTOR('',#8975,1.);
#8975 = DIRECTION('',(1.,0.));
#8976 = ( GEOMETRIC_REPRESENTATION_CONTEXT(2) 
PARAMETRIC_REPRESENTATION_CONTEXT() REPRESENTATION_CONTEXT('2D SPACE',''
  ) );
#8977 = ADVANCED_FACE('',(#8978),#2971,.F.);
#8978 = FACE_BOUND('',#8979,.F.);
#8979 = EDGE_LOOP('',(#8980,#8981,#8982,#8983));
#8980 = ORIENTED_EDGE('',*,*,#5706,.F.);
#8981 = ORIENTED_EDGE('',*,*,#8927,.T.);
#8982 = ORIENTED_EDGE('',*,*,#2955,.T.);
#8983 = ORIENTED_EDGE('',*,*,#8984,.F.);
#8984 = EDGE_CURVE('',#5707,#2956,#8985,.T.);
#8985 = SURFACE_CURVE('',#8986,(#8990,#8997),.PCURVE_S1.);
#8986 = LINE('',#8987,#8988);
#8987 = CARTESIAN_POINT('',(20.5,-84.,7.));
#8988 = VECTOR('',#8989,1.);
#8989 = DIRECTION('',(0.,0.,1.));
#8990 = PCURVE('',#2971,#8991);
#8991 = DEFINITIONAL_REPRESENTATION('',(#8992),#8996);
#8992 = LINE('',#8993,#8994);
#8993 = CARTESIAN_POINT('',(0.,3.));
#8994 = VECTOR('',#8995,1.);
#8995 = DIRECTION('',(1.,0.));
#8996 = ( GEOMETRIC_REPRESENTATION_CONTEXT(2) 
PARAMETRIC_REPRESENTATION_CONTEXT() REPRESENTATION_CONTEXT('2D SPACE',''
  ) );
#8997 = PCURVE('',#2999,#8998);
#8998 = DEFINITIONAL_REPRESENTATION('',(#8999),#9003);
#8999 = LINE('',#9000,#9001);
#9000 = CARTESIAN_POINT('',(0.,0.));
#9001 = VECTOR('',#9002,1.);
#9002 = DIRECTION('',(1.,0.));
#9003 = ( GEOMETRIC_REPRESENTATION_CONTEXT(2) 
PARAMETRIC_REPRESENTATION_CONTEXT() REPRESENTATION_CONTEXT('2D SPACE',''
  ) );
#9004 = ADVANCED_FACE('',(#9005),#4007,.T.);
#9005 = FACE_BOUND('',#9006,.T.);
#9006 = EDGE_LOOP('',(#9007,#9028,#9029,#9030));
#9007 = ORIENTED_EDGE('',*,*,#9008,.F.);
#9008 = EDGE_CURVE('',#6535,#3964,#9009,.T.);
#9009 = SURFACE_CURVE('',#9010,(#9014,#9021),.PCURVE_S1.);
#9010 = LINE('',#9011,#9012);
#9011 = CARTESIAN_POINT('',(20.5,70.,7.));
#9012 = VECTOR('',#9013,1.);
#9013 = DIRECTION('',(0.,0.,1.));
#9014 = PCURVE('',#4007,#9015);
#9015 = DEFINITIONAL_REPRESENTATION('',(#9016),#9020);
#9016 = LINE('',#9017,#9018);
#9017 = CARTESIAN_POINT('',(0.,0.));
#9018 = VECTOR('',#9019,1.);
#9019 = DIRECTION('',(1.,0.));
#9020 = ( GEOMETRIC_REPRESENTATION_CONTEXT(2) 
PARAMETRIC_REPRESENTATION_CONTEXT() REPRESENTATION_CONTEXT('2D SPACE',''
  ) );
#9021 = PCURVE('',#3979,#9022);
#9022 = DEFINITIONAL_REPRESENTATION('',(#9023),#9027);
#9023 = LINE('',#9024,#9025);
#9024 = CARTESIAN_POINT('',(0.,130.5));
#9025 = VECTOR('',#9026,1.);
#9026 = DIRECTION('',(1.,0.));
#9027 = ( GEOMETRIC_REPRESENTATION_CONTEXT(2) 
PARAMETRIC_REPRESENTATION_CONTEXT() REPRESENTATION_CONTEXT('2D SPACE',''
  ) );
#9028 = ORIENTED_EDGE('',*,*,#6557,.T.);
#9029 = ORIENTED_EDGE('',*,*,#8957,.T.);
#9030 = ORIENTED_EDGE('',*,*,#3991,.F.);
#9031 = ADVANCED_FACE('',(#9032),#2999,.T.);
#9032 = FACE_BOUND('',#9033,.T.);
#9033 = EDGE_LOOP('',(#9034,#9035,#9036,#9057));
#9034 = ORIENTED_EDGE('',*,*,#8984,.F.);
#9035 = ORIENTED_EDGE('',*,*,#5729,.T.);
#9036 = ORIENTED_EDGE('',*,*,#9037,.T.);
#9037 = EDGE_CURVE('',#5730,#2984,#9038,.T.);
#9038 = SURFACE_CURVE('',#9039,(#9043,#9050),.PCURVE_S1.);
#9039 = LINE('',#9040,#9041);
#9040 = CARTESIAN_POINT('',(20.5,-70.,7.));
#9041 = VECTOR('',#9042,1.);
#9042 = DIRECTION('',(0.,0.,1.));
#9043 = PCURVE('',#2999,#9044);
#9044 = DEFINITIONAL_REPRESENTATION('',(#9045),#9049);
#9045 = LINE('',#9046,#9047);
#9046 = CARTESIAN_POINT('',(0.,-14.));
#9047 = VECTOR('',#9048,1.);
#9048 = DIRECTION('',(1.,0.));
#9049 = ( GEOMETRIC_REPRESENTATION_CONTEXT(2) 
PARAMETRIC_REPRESENTATION_CONTEXT() REPRESENTATION_CONTEXT('2D SPACE',''
  ) );
#9050 = PCURVE('',#3027,#9051);
#9051 = DEFINITIONAL_REPRESENTATION('',(#9052),#9056);
#9052 = LINE('',#9053,#9054);
#9053 = CARTESIAN_POINT('',(0.,130.5));
#9054 = VECTOR('',#9055,1.);
#9055 = DIRECTION('',(1.,0.));
#9056 = ( GEOMETRIC_REPRESENTATION_CONTEXT(2) 
PARAMETRIC_REPRESENTATION_CONTEXT() REPRESENTATION_CONTEXT('2D SPACE',''
  ) );
#9057 = ORIENTED_EDGE('',*,*,#2983,.F.);
#9058 = ADVANCED_FACE('',(#9059),#3979,.T.);
#9059 = FACE_BOUND('',#9060,.T.);
#9060 = EDGE_LOOP('',(#9061,#9062,#9063,#9064));
#9061 = ORIENTED_EDGE('',*,*,#6534,.F.);
#9062 = ORIENTED_EDGE('',*,*,#9008,.T.);
#9063 = ORIENTED_EDGE('',*,*,#3963,.T.);
#9064 = ORIENTED_EDGE('',*,*,#9065,.F.);
#9065 = EDGE_CURVE('',#6512,#3936,#9066,.T.);
#9066 = SURFACE_CURVE('',#9067,(#9071,#9078),.PCURVE_S1.);
#9067 = LINE('',#9068,#9069);
#9068 = CARTESIAN_POINT('',(36.5,70.,7.));
#9069 = VECTOR('',#9070,1.);
#9070 = DIRECTION('',(0.,0.,1.));
#9071 = PCURVE('',#3979,#9072);
#9072 = DEFINITIONAL_REPRESENTATION('',(#9073),#9077);
#9073 = LINE('',#9074,#9075);
#9074 = CARTESIAN_POINT('',(0.,146.5));
#9075 = VECTOR('',#9076,1.);
#9076 = DIRECTION('',(1.,0.));
#9077 = ( GEOMETRIC_REPRESENTATION_CONTEXT(2) 
PARAMETRIC_REPRESENTATION_CONTEXT() REPRESENTATION_CONTEXT('2D SPACE',''
  ) );
#9078 = PCURVE('',#3951,#9079);
#9079 = DEFINITIONAL_REPRESENTATION('',(#9080),#9084);
#9080 = LINE('',#9081,#9082);
#9081 = CARTESIAN_POINT('',(0.,0.));
#9082 = VECTOR('',#9083,1.);
#9083 = DIRECTION('',(1.,0.));
#9084 = ( GEOMETRIC_REPRESENTATION_CONTEXT(2) 
PARAMETRIC_REPRESENTATION_CONTEXT() REPRESENTATION_CONTEXT('2D SPACE',''
  ) );
#9085 = ADVANCED_FACE('',(#9086),#3027,.F.);
#9086 = FACE_BOUND('',#9087,.F.);
#9087 = EDGE_LOOP('',(#9088,#9089,#9090,#9091));
#9088 = ORIENTED_EDGE('',*,*,#5752,.F.);
#9089 = ORIENTED_EDGE('',*,*,#9037,.T.);
#9090 = ORIENTED_EDGE('',*,*,#3011,.T.);
#9091 = ORIENTED_EDGE('',*,*,#9092,.F.);
#9092 = EDGE_CURVE('',#5753,#3012,#9093,.T.);
#9093 = SURFACE_CURVE('',#9094,(#9098,#9105),.PCURVE_S1.);
#9094 = LINE('',#9095,#9096);
#9095 = CARTESIAN_POINT('',(36.5,-70.,7.));
#9096 = VECTOR('',#9097,1.);
#9097 = DIRECTION('',(0.,0.,1.));
#9098 = PCURVE('',#3027,#9099);
#9099 = DEFINITIONAL_REPRESENTATION('',(#9100),#9104);
#9100 = LINE('',#9101,#9102);
#9101 = CARTESIAN_POINT('',(0.,146.5));
#9102 = VECTOR('',#9103,1.);
#9103 = DIRECTION('',(1.,0.));
#9104 = ( GEOMETRIC_REPRESENTATION_CONTEXT(2) 
PARAMETRIC_REPRESENTATION_CONTEXT() REPRESENTATION_CONTEXT('2D SPACE',''
  ) );
#9105 = PCURVE('',#3055,#9106);
#9106 = DEFINITIONAL_REPRESENTATION('',(#9107),#9111);
#9107 = LINE('',#9108,#9109);
#9108 = CARTESIAN_POINT('',(0.,-14.));
#9109 = VECTOR('',#9110,1.);
#9110 = DIRECTION('',(1.,0.));
#9111 = ( GEOMETRIC_REPRESENTATION_CONTEXT(2) 
PARAMETRIC_REPRESENTATION_CONTEXT() REPRESENTATION_CONTEXT('2D SPACE',''
  ) );
#9112 = ADVANCED_FACE('',(#9113),#3951,.F.);
#9113 = FACE_BOUND('',#9114,.F.);
#9114 = EDGE_LOOP('',(#9115,#9116,#9117,#9138));
#9115 = ORIENTED_EDGE('',*,*,#9065,.F.);
#9116 = ORIENTED_EDGE('',*,*,#6511,.T.);
#9117 = ORIENTED_EDGE('',*,*,#9118,.T.);
#9118 = EDGE_CURVE('',#6489,#3908,#9119,.T.);
#9119 = SURFACE_CURVE('',#9120,(#9124,#9131),.PCURVE_S1.);
#9120 = LINE('',#9121,#9122);
#9121 = CARTESIAN_POINT('',(36.5,84.,7.));
#9122 = VECTOR('',#9123,1.);
#9123 = DIRECTION('',(0.,0.,1.));
#9124 = PCURVE('',#3951,#9125);
#9125 = DEFINITIONAL_REPRESENTATION('',(#9126),#9130);
#9126 = LINE('',#9127,#9128);
#9127 = CARTESIAN_POINT('',(0.,-14.));
#9128 = VECTOR('',#9129,1.);
#9129 = DIRECTION('',(1.,0.));
#9130 = ( GEOMETRIC_REPRESENTATION_CONTEXT(2) 
PARAMETRIC_REPRESENTATION_CONTEXT() REPRESENTATION_CONTEXT('2D SPACE',''
  ) );
#9131 = PCURVE('',#3923,#9132);
#9132 = DEFINITIONAL_REPRESENTATION('',(#9133),#9137);
#9133 = LINE('',#9134,#9135);
#9134 = CARTESIAN_POINT('',(0.,0.));
#9135 = VECTOR('',#9136,1.);
#9136 = DIRECTION('',(1.,0.));
#9137 = ( GEOMETRIC_REPRESENTATION_CONTEXT(2) 
PARAMETRIC_REPRESENTATION_CONTEXT() REPRESENTATION_CONTEXT('2D SPACE',''
  ) );
#9138 = ORIENTED_EDGE('',*,*,#3935,.F.);
#9139 = ADVANCED_FACE('',(#9140),#3055,.F.);
#9140 = FACE_BOUND('',#9141,.F.);
#9141 = EDGE_LOOP('',(#9142,#9163,#9164,#9165));
#9142 = ORIENTED_EDGE('',*,*,#9143,.F.);
#9143 = EDGE_CURVE('',#5776,#3040,#9144,.T.);
#9144 = SURFACE_CURVE('',#9145,(#9149,#9156),.PCURVE_S1.);
#9145 = LINE('',#9146,#9147);
#9146 = CARTESIAN_POINT('',(36.5,-84.,7.));
#9147 = VECTOR('',#9148,1.);
#9148 = DIRECTION('',(0.,0.,1.));
#9149 = PCURVE('',#3055,#9150);
#9150 = DEFINITIONAL_REPRESENTATION('',(#9151),#9155);
#9151 = LINE('',#9152,#9153);
#9152 = CARTESIAN_POINT('',(0.,0.));
#9153 = VECTOR('',#9154,1.);
#9154 = DIRECTION('',(1.,0.));
#9155 = ( GEOMETRIC_REPRESENTATION_CONTEXT(2) 
PARAMETRIC_REPRESENTATION_CONTEXT() REPRESENTATION_CONTEXT('2D SPACE',''
  ) );
#9156 = PCURVE('',#3083,#9157);
#9157 = DEFINITIONAL_REPRESENTATION('',(#9158),#9162);
#9158 = LINE('',#9159,#9160);
#9159 = CARTESIAN_POINT('',(0.,0.));
#9160 = VECTOR('',#9161,1.);
#9161 = DIRECTION('',(1.,0.));
#9162 = ( GEOMETRIC_REPRESENTATION_CONTEXT(2) 
PARAMETRIC_REPRESENTATION_CONTEXT() REPRESENTATION_CONTEXT('2D SPACE',''
  ) );
#9163 = ORIENTED_EDGE('',*,*,#5775,.T.);
#9164 = ORIENTED_EDGE('',*,*,#9092,.T.);
#9165 = ORIENTED_EDGE('',*,*,#3039,.F.);
#9166 = ADVANCED_FACE('',(#9167),#3923,.T.);
#9167 = FACE_BOUND('',#9168,.T.);
#9168 = EDGE_LOOP('',(#9169,#9170,#9171,#9172));
#9169 = ORIENTED_EDGE('',*,*,#6488,.F.);
#9170 = ORIENTED_EDGE('',*,*,#9118,.T.);
#9171 = ORIENTED_EDGE('',*,*,#3907,.T.);
#9172 = ORIENTED_EDGE('',*,*,#9173,.F.);
#9173 = EDGE_CURVE('',#6466,#3880,#9174,.T.);
#9174 = SURFACE_CURVE('',#9175,(#9179,#9186),.PCURVE_S1.);
#9175 = LINE('',#9176,#9177);
#9176 = CARTESIAN_POINT('',(39.5,84.,7.));
#9177 = VECTOR('',#9178,1.);
#9178 = DIRECTION('',(0.,0.,1.));
#9179 = PCURVE('',#3923,#9180);
#9180 = DEFINITIONAL_REPRESENTATION('',(#9181),#9185);
#9181 = LINE('',#9182,#9183);
#9182 = CARTESIAN_POINT('',(0.,3.));
#9183 = VECTOR('',#9184,1.);
#9184 = DIRECTION('',(1.,0.));
#9185 = ( GEOMETRIC_REPRESENTATION_CONTEXT(2) 
PARAMETRIC_REPRESENTATION_CONTEXT() REPRESENTATION_CONTEXT('2D SPACE',''
  ) );
#9186 = PCURVE('',#3895,#9187);
#9187 = DEFINITIONAL_REPRESENTATION('',(#9188),#9192);
#9188 = LINE('',#9189,#9190);
#9189 = CARTESIAN_POINT('',(0.,-14.));
#9190 = VECTOR('',#9191,1.);
#9191 = DIRECTION('',(1.,0.));
#9192 = ( GEOMETRIC_REPRESENTATION_CONTEXT(2) 
PARAMETRIC_REPRESENTATION_CONTEXT() REPRESENTATION_CONTEXT('2D SPACE',''
  ) );
#9193 = ADVANCED_FACE('',(#9194),#3083,.F.);
#9194 = FACE_BOUND('',#9195,.F.);
#9195 = EDGE_LOOP('',(#9196,#9197,#9198,#9199));
#9196 = ORIENTED_EDGE('',*,*,#5798,.F.);
#9197 = ORIENTED_EDGE('',*,*,#9143,.T.);
#9198 = ORIENTED_EDGE('',*,*,#3067,.T.);
#9199 = ORIENTED_EDGE('',*,*,#9200,.F.);
#9200 = EDGE_CURVE('',#5799,#3068,#9201,.T.);
#9201 = SURFACE_CURVE('',#9202,(#9206,#9213),.PCURVE_S1.);
#9202 = LINE('',#9203,#9204);
#9203 = CARTESIAN_POINT('',(39.5,-84.,7.));
#9204 = VECTOR('',#9205,1.);
#9205 = DIRECTION('',(0.,0.,1.));
#9206 = PCURVE('',#3083,#9207);
#9207 = DEFINITIONAL_REPRESENTATION('',(#9208),#9212);
#9208 = LINE('',#9209,#9210);
#9209 = CARTESIAN_POINT('',(0.,3.));
#9210 = VECTOR('',#9211,1.);
#9211 = DIRECTION('',(1.,0.));
#9212 = ( GEOMETRIC_REPRESENTATION_CONTEXT(2) 
PARAMETRIC_REPRESENTATION_CONTEXT() REPRESENTATION_CONTEXT('2D SPACE',''
  ) );
#9213 = PCURVE('',#3111,#9214);
#9214 = DEFINITIONAL_REPRESENTATION('',(#9215),#9219);
#9215 = LINE('',#9216,#9217);
#9216 = CARTESIAN_POINT('',(0.,0.));
#9217 = VECTOR('',#9218,1.);
#9218 = DIRECTION('',(1.,0.));
#9219 = ( GEOMETRIC_REPRESENTATION_CONTEXT(2) 
PARAMETRIC_REPRESENTATION_CONTEXT() REPRESENTATION_CONTEXT('2D SPACE',''
  ) );
#9220 = ADVANCED_FACE('',(#9221),#3895,.T.);
#9221 = FACE_BOUND('',#9222,.T.);
#9222 = EDGE_LOOP('',(#9223,#9244,#9245,#9246));
#9223 = ORIENTED_EDGE('',*,*,#9224,.F.);
#9224 = EDGE_CURVE('',#6443,#3852,#9225,.T.);
#9225 = SURFACE_CURVE('',#9226,(#9230,#9237),.PCURVE_S1.);
#9226 = LINE('',#9227,#9228);
#9227 = CARTESIAN_POINT('',(39.5,70.,7.));
#9228 = VECTOR('',#9229,1.);
#9229 = DIRECTION('',(0.,0.,1.));
#9230 = PCURVE('',#3895,#9231);
#9231 = DEFINITIONAL_REPRESENTATION('',(#9232),#9236);
#9232 = LINE('',#9233,#9234);
#9233 = CARTESIAN_POINT('',(0.,0.));
#9234 = VECTOR('',#9235,1.);
#9235 = DIRECTION('',(1.,0.));
#9236 = ( GEOMETRIC_REPRESENTATION_CONTEXT(2) 
PARAMETRIC_REPRESENTATION_CONTEXT() REPRESENTATION_CONTEXT('2D SPACE',''
  ) );
#9237 = PCURVE('',#3867,#9238);
#9238 = DEFINITIONAL_REPRESENTATION('',(#9239),#9243);
#9239 = LINE('',#9240,#9241);
#9240 = CARTESIAN_POINT('',(0.,149.5));
#9241 = VECTOR('',#9242,1.);
#9242 = DIRECTION('',(1.,0.));
#9243 = ( GEOMETRIC_REPRESENTATION_CONTEXT(2) 
PARAMETRIC_REPRESENTATION_CONTEXT() REPRESENTATION_CONTEXT('2D SPACE',''
  ) );
#9244 = ORIENTED_EDGE('',*,*,#6465,.T.);
#9245 = ORIENTED_EDGE('',*,*,#9173,.T.);
#9246 = ORIENTED_EDGE('',*,*,#3879,.F.);
#9247 = ADVANCED_FACE('',(#9248),#3111,.T.);
#9248 = FACE_BOUND('',#9249,.T.);
#9249 = EDGE_LOOP('',(#9250,#9251,#9252,#9273));
#9250 = ORIENTED_EDGE('',*,*,#9200,.F.);
#9251 = ORIENTED_EDGE('',*,*,#5821,.T.);
#9252 = ORIENTED_EDGE('',*,*,#9253,.T.);
#9253 = EDGE_CURVE('',#5822,#3096,#9254,.T.);
#9254 = SURFACE_CURVE('',#9255,(#9259,#9266),.PCURVE_S1.);
#9255 = LINE('',#9256,#9257);
#9256 = CARTESIAN_POINT('',(39.5,-70.,7.));
#9257 = VECTOR('',#9258,1.);
#9258 = DIRECTION('',(0.,0.,1.));
#9259 = PCURVE('',#3111,#9260);
#9260 = DEFINITIONAL_REPRESENTATION('',(#9261),#9265);
#9261 = LINE('',#9262,#9263);
#9262 = CARTESIAN_POINT('',(0.,-14.));
#9263 = VECTOR('',#9264,1.);
#9264 = DIRECTION('',(1.,0.));
#9265 = ( GEOMETRIC_REPRESENTATION_CONTEXT(2) 
PARAMETRIC_REPRESENTATION_CONTEXT() REPRESENTATION_CONTEXT('2D SPACE',''
  ) );
#9266 = PCURVE('',#3139,#9267);
#9267 = DEFINITIONAL_REPRESENTATION('',(#9268),#9272);
#9268 = LINE('',#9269,#9270);
#9269 = CARTESIAN_POINT('',(0.,149.5));
#9270 = VECTOR('',#9271,1.);
#9271 = DIRECTION('',(1.,0.));
#9272 = ( GEOMETRIC_REPRESENTATION_CONTEXT(2) 
PARAMETRIC_REPRESENTATION_CONTEXT() REPRESENTATION_CONTEXT('2D SPACE',''
  ) );
#9273 = ORIENTED_EDGE('',*,*,#3095,.F.);
#9274 = ADVANCED_FACE('',(#9275),#3867,.T.);
#9275 = FACE_BOUND('',#9276,.T.);
#9276 = EDGE_LOOP('',(#9277,#9278,#9279,#9280));
#9277 = ORIENTED_EDGE('',*,*,#6442,.F.);
#9278 = ORIENTED_EDGE('',*,*,#9224,.T.);
#9279 = ORIENTED_EDGE('',*,*,#3851,.T.);
#9280 = ORIENTED_EDGE('',*,*,#9281,.F.);
#9281 = EDGE_CURVE('',#6420,#3824,#9282,.T.);
#9282 = SURFACE_CURVE('',#9283,(#9287,#9294),.PCURVE_S1.);
#9283 = LINE('',#9284,#9285);
#9284 = CARTESIAN_POINT('',(55.5,70.,7.));
#9285 = VECTOR('',#9286,1.);
#9286 = DIRECTION('',(0.,0.,1.));
#9287 = PCURVE('',#3867,#9288);
#9288 = DEFINITIONAL_REPRESENTATION('',(#9289),#9293);
#9289 = LINE('',#9290,#9291);
#9290 = CARTESIAN_POINT('',(0.,165.5));
#9291 = VECTOR('',#9292,1.);
#9292 = DIRECTION('',(1.,0.));
#9293 = ( GEOMETRIC_REPRESENTATION_CONTEXT(2) 
PARAMETRIC_REPRESENTATION_CONTEXT() REPRESENTATION_CONTEXT('2D SPACE',''
  ) );
#9294 = PCURVE('',#3839,#9295);
#9295 = DEFINITIONAL_REPRESENTATION('',(#9296),#9300);
#9296 = LINE('',#9297,#9298);
#9297 = CARTESIAN_POINT('',(0.,0.));
#9298 = VECTOR('',#9299,1.);
#9299 = DIRECTION('',(1.,0.));
#9300 = ( GEOMETRIC_REPRESENTATION_CONTEXT(2) 
PARAMETRIC_REPRESENTATION_CONTEXT() REPRESENTATION_CONTEXT('2D SPACE',''
  ) );
#9301 = ADVANCED_FACE('',(#9302),#3139,.F.);
#9302 = FACE_BOUND('',#9303,.F.);
#9303 = EDGE_LOOP('',(#9304,#9305,#9306,#9307));
#9304 = ORIENTED_EDGE('',*,*,#5844,.F.);
#9305 = ORIENTED_EDGE('',*,*,#9253,.T.);
#9306 = ORIENTED_EDGE('',*,*,#3123,.T.);
#9307 = ORIENTED_EDGE('',*,*,#9308,.F.);
#9308 = EDGE_CURVE('',#5845,#3124,#9309,.T.);
#9309 = SURFACE_CURVE('',#9310,(#9314,#9321),.PCURVE_S1.);
#9310 = LINE('',#9311,#9312);
#9311 = CARTESIAN_POINT('',(55.5,-70.,7.));
#9312 = VECTOR('',#9313,1.);
#9313 = DIRECTION('',(0.,0.,1.));
#9314 = PCURVE('',#3139,#9315);
#9315 = DEFINITIONAL_REPRESENTATION('',(#9316),#9320);
#9316 = LINE('',#9317,#9318);
#9317 = CARTESIAN_POINT('',(0.,165.5));
#9318 = VECTOR('',#9319,1.);
#9319 = DIRECTION('',(1.,0.));
#9320 = ( GEOMETRIC_REPRESENTATION_CONTEXT(2) 
PARAMETRIC_REPRESENTATION_CONTEXT() REPRESENTATION_CONTEXT('2D SPACE',''
  ) );
#9321 = PCURVE('',#3167,#9322);
#9322 = DEFINITIONAL_REPRESENTATION('',(#9323),#9327);
#9323 = LINE('',#9324,#9325);
#9324 = CARTESIAN_POINT('',(0.,-14.));
#9325 = VECTOR('',#9326,1.);
#9326 = DIRECTION('',(1.,0.));
#9327 = ( GEOMETRIC_REPRESENTATION_CONTEXT(2) 
PARAMETRIC_REPRESENTATION_CONTEXT() REPRESENTATION_CONTEXT('2D SPACE',''
  ) );
#9328 = ADVANCED_FACE('',(#9329),#3839,.F.);
#9329 = FACE_BOUND('',#9330,.F.);
#9330 = EDGE_LOOP('',(#9331,#9332,#9333,#9354));
#9331 = ORIENTED_EDGE('',*,*,#9281,.F.);
#9332 = ORIENTED_EDGE('',*,*,#6419,.T.);
#9333 = ORIENTED_EDGE('',*,*,#9334,.T.);
#9334 = EDGE_CURVE('',#6397,#3796,#9335,.T.);
#9335 = SURFACE_CURVE('',#9336,(#9340,#9347),.PCURVE_S1.);
#9336 = LINE('',#9337,#9338);
#9337 = CARTESIAN_POINT('',(55.5,84.,7.));
#9338 = VECTOR('',#9339,1.);
#9339 = DIRECTION('',(0.,0.,1.));
#9340 = PCURVE('',#3839,#9341);
#9341 = DEFINITIONAL_REPRESENTATION('',(#9342),#9346);
#9342 = LINE('',#9343,#9344);
#9343 = CARTESIAN_POINT('',(0.,-14.));
#9344 = VECTOR('',#9345,1.);
#9345 = DIRECTION('',(1.,0.));
#9346 = ( GEOMETRIC_REPRESENTATION_CONTEXT(2) 
PARAMETRIC_REPRESENTATION_CONTEXT() REPRESENTATION_CONTEXT('2D SPACE',''
  ) );
#9347 = PCURVE('',#3811,#9348);
#9348 = DEFINITIONAL_REPRESENTATION('',(#9349),#9353);
#9349 = LINE('',#9350,#9351);
#9350 = CARTESIAN_POINT('',(0.,0.));
#9351 = VECTOR('',#9352,1.);
#9352 = DIRECTION('',(1.,0.));
#9353 = ( GEOMETRIC_REPRESENTATION_CONTEXT(2) 
PARAMETRIC_REPRESENTATION_CONTEXT() REPRESENTATION_CONTEXT('2D SPACE',''
  ) );
#9354 = ORIENTED_EDGE('',*,*,#3823,.F.);
#9355 = ADVANCED_FACE('',(#9356),#3167,.F.);
#9356 = FACE_BOUND('',#9357,.F.);
#9357 = EDGE_LOOP('',(#9358,#9379,#9380,#9381));
#9358 = ORIENTED_EDGE('',*,*,#9359,.F.);
#9359 = EDGE_CURVE('',#5868,#3152,#9360,.T.);
#9360 = SURFACE_CURVE('',#9361,(#9365,#9372),.PCURVE_S1.);
#9361 = LINE('',#9362,#9363);
#9362 = CARTESIAN_POINT('',(55.5,-84.,7.));
#9363 = VECTOR('',#9364,1.);
#9364 = DIRECTION('',(0.,0.,1.));
#9365 = PCURVE('',#3167,#9366);
#9366 = DEFINITIONAL_REPRESENTATION('',(#9367),#9371);
#9367 = LINE('',#9368,#9369);
#9368 = CARTESIAN_POINT('',(0.,0.));
#9369 = VECTOR('',#9370,1.);
#9370 = DIRECTION('',(1.,0.));
#9371 = ( GEOMETRIC_REPRESENTATION_CONTEXT(2) 
PARAMETRIC_REPRESENTATION_CONTEXT() REPRESENTATION_CONTEXT('2D SPACE',''
  ) );
#9372 = PCURVE('',#3195,#9373);
#9373 = DEFINITIONAL_REPRESENTATION('',(#9374),#9378);
#9374 = LINE('',#9375,#9376);
#9375 = CARTESIAN_POINT('',(0.,0.));
#9376 = VECTOR('',#9377,1.);
#9377 = DIRECTION('',(1.,0.));
#9378 = ( GEOMETRIC_REPRESENTATION_CONTEXT(2) 
PARAMETRIC_REPRESENTATION_CONTEXT() REPRESENTATION_CONTEXT('2D SPACE',''
  ) );
#9379 = ORIENTED_EDGE('',*,*,#5867,.T.);
#9380 = ORIENTED_EDGE('',*,*,#9308,.T.);
#9381 = ORIENTED_EDGE('',*,*,#3151,.F.);
#9382 = ADVANCED_FACE('',(#9383),#3811,.T.);
#9383 = FACE_BOUND('',#9384,.T.);
#9384 = EDGE_LOOP('',(#9385,#9386,#9387,#9388));
#9385 = ORIENTED_EDGE('',*,*,#6396,.F.);
#9386 = ORIENTED_EDGE('',*,*,#9334,.T.);
#9387 = ORIENTED_EDGE('',*,*,#3795,.T.);
#9388 = ORIENTED_EDGE('',*,*,#9389,.F.);
#9389 = EDGE_CURVE('',#6374,#3768,#9390,.T.);
#9390 = SURFACE_CURVE('',#9391,(#9395,#9402),.PCURVE_S1.);
#9391 = LINE('',#9392,#9393);
#9392 = CARTESIAN_POINT('',(58.5,84.,7.));
#9393 = VECTOR('',#9394,1.);
#9394 = DIRECTION('',(0.,0.,1.));
#9395 = PCURVE('',#3811,#9396);
#9396 = DEFINITIONAL_REPRESENTATION('',(#9397),#9401);
#9397 = LINE('',#9398,#9399);
#9398 = CARTESIAN_POINT('',(0.,3.));
#9399 = VECTOR('',#9400,1.);
#9400 = DIRECTION('',(1.,0.));
#9401 = ( GEOMETRIC_REPRESENTATION_CONTEXT(2) 
PARAMETRIC_REPRESENTATION_CONTEXT() REPRESENTATION_CONTEXT('2D SPACE',''
  ) );
#9402 = PCURVE('',#3783,#9403);
#9403 = DEFINITIONAL_REPRESENTATION('',(#9404),#9408);
#9404 = LINE('',#9405,#9406);
#9405 = CARTESIAN_POINT('',(0.,-14.));
#9406 = VECTOR('',#9407,1.);
#9407 = DIRECTION('',(1.,0.));
#9408 = ( GEOMETRIC_REPRESENTATION_CONTEXT(2) 
PARAMETRIC_REPRESENTATION_CONTEXT() REPRESENTATION_CONTEXT('2D SPACE',''
  ) );
#9409 = ADVANCED_FACE('',(#9410),#3195,.F.);
#9410 = FACE_BOUND('',#9411,.F.);
#9411 = EDGE_LOOP('',(#9412,#9413,#9414,#9415));
#9412 = ORIENTED_EDGE('',*,*,#5890,.F.);
#9413 = ORIENTED_EDGE('',*,*,#9359,.T.);
#9414 = ORIENTED_EDGE('',*,*,#3179,.T.);
#9415 = ORIENTED_EDGE('',*,*,#9416,.F.);
#9416 = EDGE_CURVE('',#5891,#3180,#9417,.T.);
#9417 = SURFACE_CURVE('',#9418,(#9422,#9429),.PCURVE_S1.);
#9418 = LINE('',#9419,#9420);
#9419 = CARTESIAN_POINT('',(58.5,-84.,7.));
#9420 = VECTOR('',#9421,1.);
#9421 = DIRECTION('',(0.,0.,1.));
#9422 = PCURVE('',#3195,#9423);
#9423 = DEFINITIONAL_REPRESENTATION('',(#9424),#9428);
#9424 = LINE('',#9425,#9426);
#9425 = CARTESIAN_POINT('',(0.,3.));
#9426 = VECTOR('',#9427,1.);
#9427 = DIRECTION('',(1.,0.));
#9428 = ( GEOMETRIC_REPRESENTATION_CONTEXT(2) 
PARAMETRIC_REPRESENTATION_CONTEXT() REPRESENTATION_CONTEXT('2D SPACE',''
  ) );
#9429 = PCURVE('',#3223,#9430);
#9430 = DEFINITIONAL_REPRESENTATION('',(#9431),#9435);
#9431 = LINE('',#9432,#9433);
#9432 = CARTESIAN_POINT('',(0.,0.));
#9433 = VECTOR('',#9434,1.);
#9434 = DIRECTION('',(1.,0.));
#9435 = ( GEOMETRIC_REPRESENTATION_CONTEXT(2) 
PARAMETRIC_REPRESENTATION_CONTEXT() REPRESENTATION_CONTEXT('2D SPACE',''
  ) );
#9436 = ADVANCED_FACE('',(#9437),#3783,.T.);
#9437 = FACE_BOUND('',#9438,.T.);
#9438 = EDGE_LOOP('',(#9439,#9460,#9461,#9462));
#9439 = ORIENTED_EDGE('',*,*,#9440,.F.);
#9440 = EDGE_CURVE('',#6351,#3740,#9441,.T.);
#9441 = SURFACE_CURVE('',#9442,(#9446,#9453),.PCURVE_S1.);
#9442 = LINE('',#9443,#9444);
#9443 = CARTESIAN_POINT('',(58.5,70.,7.));
#9444 = VECTOR('',#9445,1.);
#9445 = DIRECTION('',(0.,0.,1.));
#9446 = PCURVE('',#3783,#9447);
#9447 = DEFINITIONAL_REPRESENTATION('',(#9448),#9452);
#9448 = LINE('',#9449,#9450);
#9449 = CARTESIAN_POINT('',(0.,0.));
#9450 = VECTOR('',#9451,1.);
#9451 = DIRECTION('',(1.,0.));
#9452 = ( GEOMETRIC_REPRESENTATION_CONTEXT(2) 
PARAMETRIC_REPRESENTATION_CONTEXT() REPRESENTATION_CONTEXT('2D SPACE',''
  ) );
#9453 = PCURVE('',#3755,#9454);
#9454 = DEFINITIONAL_REPRESENTATION('',(#9455),#9459);
#9455 = LINE('',#9456,#9457);
#9456 = CARTESIAN_POINT('',(0.,168.5));
#9457 = VECTOR('',#9458,1.);
#9458 = DIRECTION('',(1.,0.));
#9459 = ( GEOMETRIC_REPRESENTATION_CONTEXT(2) 
PARAMETRIC_REPRESENTATION_CONTEXT() REPRESENTATION_CONTEXT('2D SPACE',''
  ) );
#9460 = ORIENTED_EDGE('',*,*,#6373,.T.);
#9461 = ORIENTED_EDGE('',*,*,#9389,.T.);
#9462 = ORIENTED_EDGE('',*,*,#3767,.F.);
#9463 = ADVANCED_FACE('',(#9464),#3223,.T.);
#9464 = FACE_BOUND('',#9465,.T.);
#9465 = EDGE_LOOP('',(#9466,#9467,#9468,#9489));
#9466 = ORIENTED_EDGE('',*,*,#9416,.F.);
#9467 = ORIENTED_EDGE('',*,*,#5913,.T.);
#9468 = ORIENTED_EDGE('',*,*,#9469,.T.);
#9469 = EDGE_CURVE('',#5914,#3208,#9470,.T.);
#9470 = SURFACE_CURVE('',#9471,(#9475,#9482),.PCURVE_S1.);
#9471 = LINE('',#9472,#9473);
#9472 = CARTESIAN_POINT('',(58.5,-70.,7.));
#9473 = VECTOR('',#9474,1.);
#9474 = DIRECTION('',(0.,0.,1.));
#9475 = PCURVE('',#3223,#9476);
#9476 = DEFINITIONAL_REPRESENTATION('',(#9477),#9481);
#9477 = LINE('',#9478,#9479);
#9478 = CARTESIAN_POINT('',(0.,-14.));
#9479 = VECTOR('',#9480,1.);
#9480 = DIRECTION('',(1.,0.));
#9481 = ( GEOMETRIC_REPRESENTATION_CONTEXT(2) 
PARAMETRIC_REPRESENTATION_CONTEXT() REPRESENTATION_CONTEXT('2D SPACE',''
  ) );
#9482 = PCURVE('',#3251,#9483);
#9483 = DEFINITIONAL_REPRESENTATION('',(#9484),#9488);
#9484 = LINE('',#9485,#9486);
#9485 = CARTESIAN_POINT('',(0.,168.5));
#9486 = VECTOR('',#9487,1.);
#9487 = DIRECTION('',(1.,0.));
#9488 = ( GEOMETRIC_REPRESENTATION_CONTEXT(2) 
PARAMETRIC_REPRESENTATION_CONTEXT() REPRESENTATION_CONTEXT('2D SPACE',''
  ) );
#9489 = ORIENTED_EDGE('',*,*,#3207,.F.);
#9490 = ADVANCED_FACE('',(#9491),#3755,.T.);
#9491 = FACE_BOUND('',#9492,.T.);
#9492 = EDGE_LOOP('',(#9493,#9494,#9495,#9496));
#9493 = ORIENTED_EDGE('',*,*,#6350,.F.);
#9494 = ORIENTED_EDGE('',*,*,#9440,.T.);
#9495 = ORIENTED_EDGE('',*,*,#3739,.T.);
#9496 = ORIENTED_EDGE('',*,*,#9497,.F.);
#9497 = EDGE_CURVE('',#6328,#3712,#9498,.T.);
#9498 = SURFACE_CURVE('',#9499,(#9503,#9510),.PCURVE_S1.);
#9499 = LINE('',#9500,#9501);
#9500 = CARTESIAN_POINT('',(74.5,70.,7.));
#9501 = VECTOR('',#9502,1.);
#9502 = DIRECTION('',(0.,0.,1.));
#9503 = PCURVE('',#3755,#9504);
#9504 = DEFINITIONAL_REPRESENTATION('',(#9505),#9509);
#9505 = LINE('',#9506,#9507);
#9506 = CARTESIAN_POINT('',(0.,184.5));
#9507 = VECTOR('',#9508,1.);
#9508 = DIRECTION('',(1.,0.));
#9509 = ( GEOMETRIC_REPRESENTATION_CONTEXT(2) 
PARAMETRIC_REPRESENTATION_CONTEXT() REPRESENTATION_CONTEXT('2D SPACE',''
  ) );
#9510 = PCURVE('',#3727,#9511);
#9511 = DEFINITIONAL_REPRESENTATION('',(#9512),#9516);
#9512 = LINE('',#9513,#9514);
#9513 = CARTESIAN_POINT('',(0.,0.));
#9514 = VECTOR('',#9515,1.);
#9515 = DIRECTION('',(1.,0.));
#9516 = ( GEOMETRIC_REPRESENTATION_CONTEXT(2) 
PARAMETRIC_REPRESENTATION_CONTEXT() REPRESENTATION_CONTEXT('2D SPACE',''
  ) );
#9517 = ADVANCED_FACE('',(#9518),#3251,.F.);
#9518 = FACE_BOUND('',#9519,.F.);
#9519 = EDGE_LOOP('',(#9520,#9521,#9522,#9523));
#9520 = ORIENTED_EDGE('',*,*,#5936,.F.);
#9521 = ORIENTED_EDGE('',*,*,#9469,.T.);
#9522 = ORIENTED_EDGE('',*,*,#3235,.T.);
#9523 = ORIENTED_EDGE('',*,*,#9524,.F.);
#9524 = EDGE_CURVE('',#5937,#3236,#9525,.T.);
#9525 = SURFACE_CURVE('',#9526,(#9530,#9537),.PCURVE_S1.);
#9526 = LINE('',#9527,#9528);
#9527 = CARTESIAN_POINT('',(74.5,-70.,7.));
#9528 = VECTOR('',#9529,1.);
#9529 = DIRECTION('',(0.,0.,1.));
#9530 = PCURVE('',#3251,#9531);
#9531 = DEFINITIONAL_REPRESENTATION('',(#9532),#9536);
#9532 = LINE('',#9533,#9534);
#9533 = CARTESIAN_POINT('',(0.,184.5));
#9534 = VECTOR('',#9535,1.);
#9535 = DIRECTION('',(1.,0.));
#9536 = ( GEOMETRIC_REPRESENTATION_CONTEXT(2) 
PARAMETRIC_REPRESENTATION_CONTEXT() REPRESENTATION_CONTEXT('2D SPACE',''
  ) );
#9537 = PCURVE('',#3279,#9538);
#9538 = DEFINITIONAL_REPRESENTATION('',(#9539),#9543);
#9539 = LINE('',#9540,#9541);
#9540 = CARTESIAN_POINT('',(0.,-14.));
#9541 = VECTOR('',#9542,1.);
#9542 = DIRECTION('',(1.,0.));
#9543 = ( GEOMETRIC_REPRESENTATION_CONTEXT(2) 
PARAMETRIC_REPRESENTATION_CONTEXT() REPRESENTATION_CONTEXT('2D SPACE',''
  ) );
#9544 = ADVANCED_FACE('',(#9545),#3727,.F.);
#9545 = FACE_BOUND('',#9546,.F.);
#9546 = EDGE_LOOP('',(#9547,#9548,#9549,#9570));
#9547 = ORIENTED_EDGE('',*,*,#9497,.F.);
#9548 = ORIENTED_EDGE('',*,*,#6327,.T.);
#9549 = ORIENTED_EDGE('',*,*,#9550,.T.);
#9550 = EDGE_CURVE('',#6305,#3684,#9551,.T.);
#9551 = SURFACE_CURVE('',#9552,(#9556,#9563),.PCURVE_S1.);
#9552 = LINE('',#9553,#9554);
#9553 = CARTESIAN_POINT('',(74.5,84.,7.));
#9554 = VECTOR('',#9555,1.);
#9555 = DIRECTION('',(0.,0.,1.));
#9556 = PCURVE('',#3727,#9557);
#9557 = DEFINITIONAL_REPRESENTATION('',(#9558),#9562);
#9558 = LINE('',#9559,#9560);
#9559 = CARTESIAN_POINT('',(0.,-14.));
#9560 = VECTOR('',#9561,1.);
#9561 = DIRECTION('',(1.,0.));
#9562 = ( GEOMETRIC_REPRESENTATION_CONTEXT(2) 
PARAMETRIC_REPRESENTATION_CONTEXT() REPRESENTATION_CONTEXT('2D SPACE',''
  ) );
#9563 = PCURVE('',#3699,#9564);
#9564 = DEFINITIONAL_REPRESENTATION('',(#9565),#9569);
#9565 = LINE('',#9566,#9567);
#9566 = CARTESIAN_POINT('',(0.,0.));
#9567 = VECTOR('',#9568,1.);
#9568 = DIRECTION('',(1.,0.));
#9569 = ( GEOMETRIC_REPRESENTATION_CONTEXT(2) 
PARAMETRIC_REPRESENTATION_CONTEXT() REPRESENTATION_CONTEXT('2D SPACE',''
  ) );
#9570 = ORIENTED_EDGE('',*,*,#3711,.F.);
#9571 = ADVANCED_FACE('',(#9572),#3279,.F.);
#9572 = FACE_BOUND('',#9573,.F.);
#9573 = EDGE_LOOP('',(#9574,#9595,#9596,#9597));
#9574 = ORIENTED_EDGE('',*,*,#9575,.F.);
#9575 = EDGE_CURVE('',#5960,#3264,#9576,.T.);
#9576 = SURFACE_CURVE('',#9577,(#9581,#9588),.PCURVE_S1.);
#9577 = LINE('',#9578,#9579);
#9578 = CARTESIAN_POINT('',(74.5,-84.,7.));
#9579 = VECTOR('',#9580,1.);
#9580 = DIRECTION('',(0.,0.,1.));
#9581 = PCURVE('',#3279,#9582);
#9582 = DEFINITIONAL_REPRESENTATION('',(#9583),#9587);
#9583 = LINE('',#9584,#9585);
#9584 = CARTESIAN_POINT('',(0.,0.));
#9585 = VECTOR('',#9586,1.);
#9586 = DIRECTION('',(1.,0.));
#9587 = ( GEOMETRIC_REPRESENTATION_CONTEXT(2) 
PARAMETRIC_REPRESENTATION_CONTEXT() REPRESENTATION_CONTEXT('2D SPACE',''
  ) );
#9588 = PCURVE('',#3307,#9589);
#9589 = DEFINITIONAL_REPRESENTATION('',(#9590),#9594);
#9590 = LINE('',#9591,#9592);
#9591 = CARTESIAN_POINT('',(0.,0.));
#9592 = VECTOR('',#9593,1.);
#9593 = DIRECTION('',(1.,0.));
#9594 = ( GEOMETRIC_REPRESENTATION_CONTEXT(2) 
PARAMETRIC_REPRESENTATION_CONTEXT() REPRESENTATION_CONTEXT('2D SPACE',''
  ) );
#9595 = ORIENTED_EDGE('',*,*,#5959,.T.);
#9596 = ORIENTED_EDGE('',*,*,#9524,.T.);
#9597 = ORIENTED_EDGE('',*,*,#3263,.F.);
#9598 = ADVANCED_FACE('',(#9599),#3699,.T.);
#9599 = FACE_BOUND('',#9600,.T.);
#9600 = EDGE_LOOP('',(#9601,#9602,#9603,#9604));
#9601 = ORIENTED_EDGE('',*,*,#6304,.F.);
#9602 = ORIENTED_EDGE('',*,*,#9550,.T.);
#9603 = ORIENTED_EDGE('',*,*,#3683,.T.);
#9604 = ORIENTED_EDGE('',*,*,#9605,.F.);
#9605 = EDGE_CURVE('',#6282,#3656,#9606,.T.);
#9606 = SURFACE_CURVE('',#9607,(#9611,#9618),.PCURVE_S1.);
#9607 = LINE('',#9608,#9609);
#9608 = CARTESIAN_POINT('',(77.5,84.,7.));
#9609 = VECTOR('',#9610,1.);
#9610 = DIRECTION('',(0.,0.,1.));
#9611 = PCURVE('',#3699,#9612);
#9612 = DEFINITIONAL_REPRESENTATION('',(#9613),#9617);
#9613 = LINE('',#9614,#9615);
#9614 = CARTESIAN_POINT('',(0.,3.));
#9615 = VECTOR('',#9616,1.);
#9616 = DIRECTION('',(1.,0.));
#9617 = ( GEOMETRIC_REPRESENTATION_CONTEXT(2) 
PARAMETRIC_REPRESENTATION_CONTEXT() REPRESENTATION_CONTEXT('2D SPACE',''
  ) );
#9618 = PCURVE('',#3671,#9619);
#9619 = DEFINITIONAL_REPRESENTATION('',(#9620),#9624);
#9620 = LINE('',#9621,#9622);
#9621 = CARTESIAN_POINT('',(0.,-14.));
#9622 = VECTOR('',#9623,1.);
#9623 = DIRECTION('',(1.,0.));
#9624 = ( GEOMETRIC_REPRESENTATION_CONTEXT(2) 
PARAMETRIC_REPRESENTATION_CONTEXT() REPRESENTATION_CONTEXT('2D SPACE',''
  ) );
#9625 = ADVANCED_FACE('',(#9626),#3307,.F.);
#9626 = FACE_BOUND('',#9627,.F.);
#9627 = EDGE_LOOP('',(#9628,#9629,#9630,#9631));
#9628 = ORIENTED_EDGE('',*,*,#5982,.F.);
#9629 = ORIENTED_EDGE('',*,*,#9575,.T.);
#9630 = ORIENTED_EDGE('',*,*,#3291,.T.);
#9631 = ORIENTED_EDGE('',*,*,#9632,.F.);
#9632 = EDGE_CURVE('',#5983,#3292,#9633,.T.);
#9633 = SURFACE_CURVE('',#9634,(#9638,#9645),.PCURVE_S1.);
#9634 = LINE('',#9635,#9636);
#9635 = CARTESIAN_POINT('',(77.5,-84.,7.));
#9636 = VECTOR('',#9637,1.);
#9637 = DIRECTION('',(0.,0.,1.));
#9638 = PCURVE('',#3307,#9639);
#9639 = DEFINITIONAL_REPRESENTATION('',(#9640),#9644);
#9640 = LINE('',#9641,#9642);
#9641 = CARTESIAN_POINT('',(0.,3.));
#9642 = VECTOR('',#9643,1.);
#9643 = DIRECTION('',(1.,0.));
#9644 = ( GEOMETRIC_REPRESENTATION_CONTEXT(2) 
PARAMETRIC_REPRESENTATION_CONTEXT() REPRESENTATION_CONTEXT('2D SPACE',''
  ) );
#9645 = PCURVE('',#3335,#9646);
#9646 = DEFINITIONAL_REPRESENTATION('',(#9647),#9651);
#9647 = LINE('',#9648,#9649);
#9648 = CARTESIAN_POINT('',(0.,0.));
#9649 = VECTOR('',#9650,1.);
#9650 = DIRECTION('',(1.,0.));
#9651 = ( GEOMETRIC_REPRESENTATION_CONTEXT(2) 
PARAMETRIC_REPRESENTATION_CONTEXT() REPRESENTATION_CONTEXT('2D SPACE',''
  ) );
#9652 = ADVANCED_FACE('',(#9653),#3671,.T.);
#9653 = FACE_BOUND('',#9654,.T.);
#9654 = EDGE_LOOP('',(#9655,#9676,#9677,#9678));
#9655 = ORIENTED_EDGE('',*,*,#9656,.F.);
#9656 = EDGE_CURVE('',#6259,#3628,#9657,.T.);
#9657 = SURFACE_CURVE('',#9658,(#9662,#9669),.PCURVE_S1.);
#9658 = LINE('',#9659,#9660);
#9659 = CARTESIAN_POINT('',(77.5,70.,7.));
#9660 = VECTOR('',#9661,1.);
#9661 = DIRECTION('',(0.,0.,1.));
#9662 = PCURVE('',#3671,#9663);
#9663 = DEFINITIONAL_REPRESENTATION('',(#9664),#9668);
#9664 = LINE('',#9665,#9666);
#9665 = CARTESIAN_POINT('',(0.,0.));
#9666 = VECTOR('',#9667,1.);
#9667 = DIRECTION('',(1.,0.));
#9668 = ( GEOMETRIC_REPRESENTATION_CONTEXT(2) 
PARAMETRIC_REPRESENTATION_CONTEXT() REPRESENTATION_CONTEXT('2D SPACE',''
  ) );
#9669 = PCURVE('',#3643,#9670);
#9670 = DEFINITIONAL_REPRESENTATION('',(#9671),#9675);
#9671 = LINE('',#9672,#9673);
#9672 = CARTESIAN_POINT('',(0.,187.5));
#9673 = VECTOR('',#9674,1.);
#9674 = DIRECTION('',(1.,0.));
#9675 = ( GEOMETRIC_REPRESENTATION_CONTEXT(2) 
PARAMETRIC_REPRESENTATION_CONTEXT() REPRESENTATION_CONTEXT('2D SPACE',''
  ) );
#9676 = ORIENTED_EDGE('',*,*,#6281,.T.);
#9677 = ORIENTED_EDGE('',*,*,#9605,.T.);
#9678 = ORIENTED_EDGE('',*,*,#3655,.F.);
#9679 = ADVANCED_FACE('',(#9680),#3335,.T.);
#9680 = FACE_BOUND('',#9681,.T.);
#9681 = EDGE_LOOP('',(#9682,#9683,#9684,#9705));
#9682 = ORIENTED_EDGE('',*,*,#9632,.F.);
#9683 = ORIENTED_EDGE('',*,*,#6005,.T.);
#9684 = ORIENTED_EDGE('',*,*,#9685,.T.);
#9685 = EDGE_CURVE('',#6006,#3320,#9686,.T.);
#9686 = SURFACE_CURVE('',#9687,(#9691,#9698),.PCURVE_S1.);
#9687 = LINE('',#9688,#9689);
#9688 = CARTESIAN_POINT('',(77.5,-70.,7.));
#9689 = VECTOR('',#9690,1.);
#9690 = DIRECTION('',(0.,0.,1.));
#9691 = PCURVE('',#3335,#9692);
#9692 = DEFINITIONAL_REPRESENTATION('',(#9693),#9697);
#9693 = LINE('',#9694,#9695);
#9694 = CARTESIAN_POINT('',(0.,-14.));
#9695 = VECTOR('',#9696,1.);
#9696 = DIRECTION('',(1.,0.));
#9697 = ( GEOMETRIC_REPRESENTATION_CONTEXT(2) 
PARAMETRIC_REPRESENTATION_CONTEXT() REPRESENTATION_CONTEXT('2D SPACE',''
  ) );
#9698 = PCURVE('',#3363,#9699);
#9699 = DEFINITIONAL_REPRESENTATION('',(#9700),#9704);
#9700 = LINE('',#9701,#9702);
#9701 = CARTESIAN_POINT('',(0.,187.5));
#9702 = VECTOR('',#9703,1.);
#9703 = DIRECTION('',(1.,0.));
#9704 = ( GEOMETRIC_REPRESENTATION_CONTEXT(2) 
PARAMETRIC_REPRESENTATION_CONTEXT() REPRESENTATION_CONTEXT('2D SPACE',''
  ) );
#9705 = ORIENTED_EDGE('',*,*,#3319,.F.);
#9706 = ADVANCED_FACE('',(#9707),#3643,.T.);
#9707 = FACE_BOUND('',#9708,.T.);
#9708 = EDGE_LOOP('',(#9709,#9710,#9711,#9712));
#9709 = ORIENTED_EDGE('',*,*,#6258,.F.);
#9710 = ORIENTED_EDGE('',*,*,#9656,.T.);
#9711 = ORIENTED_EDGE('',*,*,#3627,.T.);
#9712 = ORIENTED_EDGE('',*,*,#9713,.F.);
#9713 = EDGE_CURVE('',#6236,#3600,#9714,.T.);
#9714 = SURFACE_CURVE('',#9715,(#9719,#9726),.PCURVE_S1.);
#9715 = LINE('',#9716,#9717);
#9716 = CARTESIAN_POINT('',(93.5,70.,7.));
#9717 = VECTOR('',#9718,1.);
#9718 = DIRECTION('',(0.,0.,1.));
#9719 = PCURVE('',#3643,#9720);
#9720 = DEFINITIONAL_REPRESENTATION('',(#9721),#9725);
#9721 = LINE('',#9722,#9723);
#9722 = CARTESIAN_POINT('',(0.,203.5));
#9723 = VECTOR('',#9724,1.);
#9724 = DIRECTION('',(1.,0.));
#9725 = ( GEOMETRIC_REPRESENTATION_CONTEXT(2) 
PARAMETRIC_REPRESENTATION_CONTEXT() REPRESENTATION_CONTEXT('2D SPACE',''
  ) );
#9726 = PCURVE('',#3615,#9727);
#9727 = DEFINITIONAL_REPRESENTATION('',(#9728),#9732);
#9728 = LINE('',#9729,#9730);
#9729 = CARTESIAN_POINT('',(0.,0.));
#9730 = VECTOR('',#9731,1.);
#9731 = DIRECTION('',(1.,0.));
#9732 = ( GEOMETRIC_REPRESENTATION_CONTEXT(2) 
PARAMETRIC_REPRESENTATION_CONTEXT() REPRESENTATION_CONTEXT('2D SPACE',''
  ) );
#9733 = ADVANCED_FACE('',(#9734),#3363,.F.);
#9734 = FACE_BOUND('',#9735,.F.);
#9735 = EDGE_LOOP('',(#9736,#9737,#9738,#9739));
#9736 = ORIENTED_EDGE('',*,*,#6028,.F.);
#9737 = ORIENTED_EDGE('',*,*,#9685,.T.);
#9738 = ORIENTED_EDGE('',*,*,#3347,.T.);
#9739 = ORIENTED_EDGE('',*,*,#9740,.F.);
#9740 = EDGE_CURVE('',#6029,#3348,#9741,.T.);
#9741 = SURFACE_CURVE('',#9742,(#9746,#9753),.PCURVE_S1.);
#9742 = LINE('',#9743,#9744);
#9743 = CARTESIAN_POINT('',(93.5,-70.,7.));
#9744 = VECTOR('',#9745,1.);
#9745 = DIRECTION('',(0.,0.,1.));
#9746 = PCURVE('',#3363,#9747);
#9747 = DEFINITIONAL_REPRESENTATION('',(#9748),#9752);
#9748 = LINE('',#9749,#9750);
#9749 = CARTESIAN_POINT('',(0.,203.5));
#9750 = VECTOR('',#9751,1.);
#9751 = DIRECTION('',(1.,0.));
#9752 = ( GEOMETRIC_REPRESENTATION_CONTEXT(2) 
PARAMETRIC_REPRESENTATION_CONTEXT() REPRESENTATION_CONTEXT('2D SPACE',''
  ) );
#9753 = PCURVE('',#3391,#9754);
#9754 = DEFINITIONAL_REPRESENTATION('',(#9755),#9759);
#9755 = LINE('',#9756,#9757);
#9756 = CARTESIAN_POINT('',(0.,-14.));
#9757 = VECTOR('',#9758,1.);
#9758 = DIRECTION('',(1.,0.));
#9759 = ( GEOMETRIC_REPRESENTATION_CONTEXT(2) 
PARAMETRIC_REPRESENTATION_CONTEXT() REPRESENTATION_CONTEXT('2D SPACE',''
  ) );
#9760 = ADVANCED_FACE('',(#9761),#3615,.F.);
#9761 = FACE_BOUND('',#9762,.F.);
#9762 = EDGE_LOOP('',(#9763,#9764,#9765,#9786));
#9763 = ORIENTED_EDGE('',*,*,#9713,.F.);
#9764 = ORIENTED_EDGE('',*,*,#6235,.T.);
#9765 = ORIENTED_EDGE('',*,*,#9766,.T.);
#9766 = EDGE_CURVE('',#6213,#3572,#9767,.T.);
#9767 = SURFACE_CURVE('',#9768,(#9772,#9779),.PCURVE_S1.);
#9768 = LINE('',#9769,#9770);
#9769 = CARTESIAN_POINT('',(93.5,84.,7.));
#9770 = VECTOR('',#9771,1.);
#9771 = DIRECTION('',(0.,0.,1.));
#9772 = PCURVE('',#3615,#9773);
#9773 = DEFINITIONAL_REPRESENTATION('',(#9774),#9778);
#9774 = LINE('',#9775,#9776);
#9775 = CARTESIAN_POINT('',(0.,-14.));
#9776 = VECTOR('',#9777,1.);
#9777 = DIRECTION('',(1.,0.));
#9778 = ( GEOMETRIC_REPRESENTATION_CONTEXT(2) 
PARAMETRIC_REPRESENTATION_CONTEXT() REPRESENTATION_CONTEXT('2D SPACE',''
  ) );
#9779 = PCURVE('',#3587,#9780);
#9780 = DEFINITIONAL_REPRESENTATION('',(#9781),#9785);
#9781 = LINE('',#9782,#9783);
#9782 = CARTESIAN_POINT('',(0.,0.));
#9783 = VECTOR('',#9784,1.);
#9784 = DIRECTION('',(1.,0.));
#9785 = ( GEOMETRIC_REPRESENTATION_CONTEXT(2) 
PARAMETRIC_REPRESENTATION_CONTEXT() REPRESENTATION_CONTEXT('2D SPACE',''
  ) );
#9786 = ORIENTED_EDGE('',*,*,#3599,.F.);
#9787 = ADVANCED_FACE('',(#9788),#3391,.F.);
#9788 = FACE_BOUND('',#9789,.F.);
#9789 = EDGE_LOOP('',(#9790,#9811,#9812,#9813));
#9790 = ORIENTED_EDGE('',*,*,#9791,.F.);
#9791 = EDGE_CURVE('',#6052,#3376,#9792,.T.);
#9792 = SURFACE_CURVE('',#9793,(#9797,#9804),.PCURVE_S1.);
#9793 = LINE('',#9794,#9795);
#9794 = CARTESIAN_POINT('',(93.5,-84.,7.));
#9795 = VECTOR('',#9796,1.);
#9796 = DIRECTION('',(0.,0.,1.));
#9797 = PCURVE('',#3391,#9798);
#9798 = DEFINITIONAL_REPRESENTATION('',(#9799),#9803);
#9799 = LINE('',#9800,#9801);
#9800 = CARTESIAN_POINT('',(0.,0.));
#9801 = VECTOR('',#9802,1.);
#9802 = DIRECTION('',(1.,0.));
#9803 = ( GEOMETRIC_REPRESENTATION_CONTEXT(2) 
PARAMETRIC_REPRESENTATION_CONTEXT() REPRESENTATION_CONTEXT('2D SPACE',''
  ) );
#9804 = PCURVE('',#3419,#9805);
#9805 = DEFINITIONAL_REPRESENTATION('',(#9806),#9810);
#9806 = LINE('',#9807,#9808);
#9807 = CARTESIAN_POINT('',(0.,0.));
#9808 = VECTOR('',#9809,1.);
#9809 = DIRECTION('',(1.,0.));
#9810 = ( GEOMETRIC_REPRESENTATION_CONTEXT(2) 
PARAMETRIC_REPRESENTATION_CONTEXT() REPRESENTATION_CONTEXT('2D SPACE',''
  ) );
#9811 = ORIENTED_EDGE('',*,*,#6051,.T.);
#9812 = ORIENTED_EDGE('',*,*,#9740,.T.);
#9813 = ORIENTED_EDGE('',*,*,#3375,.F.);
#9814 = ADVANCED_FACE('',(#9815),#3587,.T.);
#9815 = FACE_BOUND('',#9816,.T.);
#9816 = EDGE_LOOP('',(#9817,#9818,#9819,#9820));
#9817 = ORIENTED_EDGE('',*,*,#6212,.F.);
#9818 = ORIENTED_EDGE('',*,*,#9766,.T.);
#9819 = ORIENTED_EDGE('',*,*,#3571,.T.);
#9820 = ORIENTED_EDGE('',*,*,#9821,.F.);
#9821 = EDGE_CURVE('',#6190,#3544,#9822,.T.);
#9822 = SURFACE_CURVE('',#9823,(#9827,#9834),.PCURVE_S1.);
#9823 = LINE('',#9824,#9825);
#9824 = CARTESIAN_POINT('',(96.5,84.,7.));
#9825 = VECTOR('',#9826,1.);
#9826 = DIRECTION('',(0.,0.,1.));
#9827 = PCURVE('',#3587,#9828);
#9828 = DEFINITIONAL_REPRESENTATION('',(#9829),#9833);
#9829 = LINE('',#9830,#9831);
#9830 = CARTESIAN_POINT('',(0.,3.));
#9831 = VECTOR('',#9832,1.);
#9832 = DIRECTION('',(1.,0.));
#9833 = ( GEOMETRIC_REPRESENTATION_CONTEXT(2) 
PARAMETRIC_REPRESENTATION_CONTEXT() REPRESENTATION_CONTEXT('2D SPACE',''
  ) );
#9834 = PCURVE('',#3559,#9835);
#9835 = DEFINITIONAL_REPRESENTATION('',(#9836),#9840);
#9836 = LINE('',#9837,#9838);
#9837 = CARTESIAN_POINT('',(0.,-14.));
#9838 = VECTOR('',#9839,1.);
#9839 = DIRECTION('',(1.,0.));
#9840 = ( GEOMETRIC_REPRESENTATION_CONTEXT(2) 
PARAMETRIC_REPRESENTATION_CONTEXT() REPRESENTATION_CONTEXT('2D SPACE',''
  ) );
#9841 = ADVANCED_FACE('',(#9842),#3419,.F.);
#9842 = FACE_BOUND('',#9843,.F.);
#9843 = EDGE_LOOP('',(#9844,#9845,#9846,#9847));
#9844 = ORIENTED_EDGE('',*,*,#6074,.F.);
#9845 = ORIENTED_EDGE('',*,*,#9791,.T.);
#9846 = ORIENTED_EDGE('',*,*,#3403,.T.);
#9847 = ORIENTED_EDGE('',*,*,#9848,.F.);
#9848 = EDGE_CURVE('',#6075,#3404,#9849,.T.);
#9849 = SURFACE_CURVE('',#9850,(#9854,#9861),.PCURVE_S1.);
#9850 = LINE('',#9851,#9852);
#9851 = CARTESIAN_POINT('',(96.5,-84.,7.));
#9852 = VECTOR('',#9853,1.);
#9853 = DIRECTION('',(0.,0.,1.));
#9854 = PCURVE('',#3419,#9855);
#9855 = DEFINITIONAL_REPRESENTATION('',(#9856),#9860);
#9856 = LINE('',#9857,#9858);
#9857 = CARTESIAN_POINT('',(0.,3.));
#9858 = VECTOR('',#9859,1.);
#9859 = DIRECTION('',(1.,0.));
#9860 = ( GEOMETRIC_REPRESENTATION_CONTEXT(2) 
PARAMETRIC_REPRESENTATION_CONTEXT() REPRESENTATION_CONTEXT('2D SPACE',''
  ) );
#9861 = PCURVE('',#3447,#9862);
#9862 = DEFINITIONAL_REPRESENTATION('',(#9863),#9867);
#9863 = LINE('',#9864,#9865);
#9864 = CARTESIAN_POINT('',(0.,0.));
#9865 = VECTOR('',#9866,1.);
#9866 = DIRECTION('',(1.,0.));
#9867 = ( GEOMETRIC_REPRESENTATION_CONTEXT(2) 
PARAMETRIC_REPRESENTATION_CONTEXT() REPRESENTATION_CONTEXT('2D SPACE',''
  ) );
#9868 = ADVANCED_FACE('',(#9869),#3559,.T.);
#9869 = FACE_BOUND('',#9870,.T.);
#9870 = EDGE_LOOP('',(#9871,#9892,#9893,#9894));
#9871 = ORIENTED_EDGE('',*,*,#9872,.F.);
#9872 = EDGE_CURVE('',#6167,#3516,#9873,.T.);
#9873 = SURFACE_CURVE('',#9874,(#9878,#9885),.PCURVE_S1.);
#9874 = LINE('',#9875,#9876);
#9875 = CARTESIAN_POINT('',(96.5,70.,7.));
#9876 = VECTOR('',#9877,1.);
#9877 = DIRECTION('',(0.,0.,1.));
#9878 = PCURVE('',#3559,#9879);
#9879 = DEFINITIONAL_REPRESENTATION('',(#9880),#9884);
#9880 = LINE('',#9881,#9882);
#9881 = CARTESIAN_POINT('',(0.,0.));
#9882 = VECTOR('',#9883,1.);
#9883 = DIRECTION('',(1.,0.));
#9884 = ( GEOMETRIC_REPRESENTATION_CONTEXT(2) 
PARAMETRIC_REPRESENTATION_CONTEXT() REPRESENTATION_CONTEXT('2D SPACE',''
  ) );
#9885 = PCURVE('',#3531,#9886);
#9886 = DEFINITIONAL_REPRESENTATION('',(#9887),#9891);
#9887 = LINE('',#9888,#9889);
#9888 = CARTESIAN_POINT('',(0.,206.5));
#9889 = VECTOR('',#9890,1.);
#9890 = DIRECTION('',(1.,0.));
#9891 = ( GEOMETRIC_REPRESENTATION_CONTEXT(2) 
PARAMETRIC_REPRESENTATION_CONTEXT() REPRESENTATION_CONTEXT('2D SPACE',''
  ) );
#9892 = ORIENTED_EDGE('',*,*,#6189,.T.);
#9893 = ORIENTED_EDGE('',*,*,#9821,.T.);
#9894 = ORIENTED_EDGE('',*,*,#3543,.F.);
#9895 = ADVANCED_FACE('',(#9896),#3447,.T.);
#9896 = FACE_BOUND('',#9897,.T.);
#9897 = EDGE_LOOP('',(#9898,#9899,#9900,#9921));
#9898 = ORIENTED_EDGE('',*,*,#9848,.F.);
#9899 = ORIENTED_EDGE('',*,*,#6097,.T.);
#9900 = ORIENTED_EDGE('',*,*,#9901,.T.);
#9901 = EDGE_CURVE('',#6098,#3432,#9902,.T.);
#9902 = SURFACE_CURVE('',#9903,(#9907,#9914),.PCURVE_S1.);
#9903 = LINE('',#9904,#9905);
#9904 = CARTESIAN_POINT('',(96.5,-70.,7.));
#9905 = VECTOR('',#9906,1.);
#9906 = DIRECTION('',(0.,0.,1.));
#9907 = PCURVE('',#3447,#9908);
#9908 = DEFINITIONAL_REPRESENTATION('',(#9909),#9913);
#9909 = LINE('',#9910,#9911);
#9910 = CARTESIAN_POINT('',(0.,-14.));
#9911 = VECTOR('',#9912,1.);
#9912 = DIRECTION('',(1.,0.));
#9913 = ( GEOMETRIC_REPRESENTATION_CONTEXT(2) 
PARAMETRIC_REPRESENTATION_CONTEXT() REPRESENTATION_CONTEXT('2D SPACE',''
  ) );
#9914 = PCURVE('',#3475,#9915);
#9915 = DEFINITIONAL_REPRESENTATION('',(#9916),#9920);
#9916 = LINE('',#9917,#9918);
#9917 = CARTESIAN_POINT('',(0.,206.5));
#9918 = VECTOR('',#9919,1.);
#9919 = DIRECTION('',(1.,0.));
#9920 = ( GEOMETRIC_REPRESENTATION_CONTEXT(2) 
PARAMETRIC_REPRESENTATION_CONTEXT() REPRESENTATION_CONTEXT('2D SPACE',''
  ) );
#9921 = ORIENTED_EDGE('',*,*,#3431,.F.);
#9922 = ADVANCED_FACE('',(#9923),#3531,.T.);
#9923 = FACE_BOUND('',#9924,.T.);
#9924 = EDGE_LOOP('',(#9925,#9926,#9927,#9928));
#9925 = ORIENTED_EDGE('',*,*,#6166,.F.);
#9926 = ORIENTED_EDGE('',*,*,#9872,.T.);
#9927 = ORIENTED_EDGE('',*,*,#3515,.T.);
#9928 = ORIENTED_EDGE('',*,*,#9929,.F.);
#9929 = EDGE_CURVE('',#6144,#3488,#9930,.T.);
#9930 = SURFACE_CURVE('',#9931,(#9935,#9942),.PCURVE_S1.);
#9931 = LINE('',#9932,#9933);
#9932 = CARTESIAN_POINT('',(110.,70.,7.));
#9933 = VECTOR('',#9934,1.);
#9934 = DIRECTION('',(0.,0.,1.));
#9935 = PCURVE('',#3531,#9936);
#9936 = DEFINITIONAL_REPRESENTATION('',(#9937),#9941);
#9937 = LINE('',#9938,#9939);
#9938 = CARTESIAN_POINT('',(0.,220.));
#9939 = VECTOR('',#9940,1.);
#9940 = DIRECTION('',(1.,0.));
#9941 = ( GEOMETRIC_REPRESENTATION_CONTEXT(2) 
PARAMETRIC_REPRESENTATION_CONTEXT() REPRESENTATION_CONTEXT('2D SPACE',''
  ) );
#9942 = PCURVE('',#3503,#9943);
#9943 = DEFINITIONAL_REPRESENTATION('',(#9944),#9948);
#9944 = LINE('',#9945,#9946);
#9945 = CARTESIAN_POINT('',(0.,-140.));
#9946 = VECTOR('',#9947,1.);
#9947 = DIRECTION('',(1.,0.));
#9948 = ( GEOMETRIC_REPRESENTATION_CONTEXT(2) 
PARAMETRIC_REPRESENTATION_CONTEXT() REPRESENTATION_CONTEXT('2D SPACE',''
  ) );
#9949 = ADVANCED_FACE('',(#9950),#3475,.F.);
#9950 = FACE_BOUND('',#9951,.F.);
#9951 = EDGE_LOOP('',(#9952,#9953,#9954,#9955));
#9952 = ORIENTED_EDGE('',*,*,#6120,.F.);
#9953 = ORIENTED_EDGE('',*,*,#9901,.T.);
#9954 = ORIENTED_EDGE('',*,*,#3459,.T.);
#9955 = ORIENTED_EDGE('',*,*,#9956,.F.);
#9956 = EDGE_CURVE('',#6121,#3460,#9957,.T.);
#9957 = SURFACE_CURVE('',#9958,(#9962,#9969),.PCURVE_S1.);
#9958 = LINE('',#9959,#9960);
#9959 = CARTESIAN_POINT('',(110.,-70.,7.));
#9960 = VECTOR('',#9961,1.);
#9961 = DIRECTION('',(0.,0.,1.));
#9962 = PCURVE('',#3475,#9963);
#9963 = DEFINITIONAL_REPRESENTATION('',(#9964),#9968);
#9964 = LINE('',#9965,#9966);
#9965 = CARTESIAN_POINT('',(0.,220.));
#9966 = VECTOR('',#9967,1.);
#9967 = DIRECTION('',(1.,0.));
#9968 = ( GEOMETRIC_REPRESENTATION_CONTEXT(2) 
PARAMETRIC_REPRESENTATION_CONTEXT() REPRESENTATION_CONTEXT('2D SPACE',''
  ) );
#9969 = PCURVE('',#3503,#9970);
#9970 = DEFINITIONAL_REPRESENTATION('',(#9971),#9975);
#9971 = LINE('',#9972,#9973);
#9972 = CARTESIAN_POINT('',(0.,0.));
#9973 = VECTOR('',#9974,1.);
#9974 = DIRECTION('',(1.,0.));
#9975 = ( GEOMETRIC_REPRESENTATION_CONTEXT(2) 
PARAMETRIC_REPRESENTATION_CONTEXT() REPRESENTATION_CONTEXT('2D SPACE',''
  ) );
#9976 = ADVANCED_FACE('',(#9977,#9983,#10014,#10045,#10076,#10107,#10138
    ,#10169,#10200,#10231,#10262,#10293,#10324,#10355,#10461),#3503,.T.
  );
#9977 = FACE_BOUND('',#9978,.T.);
#9978 = EDGE_LOOP('',(#9979,#9980,#9981,#9982));
#9979 = ORIENTED_EDGE('',*,*,#9956,.F.);
#9980 = ORIENTED_EDGE('',*,*,#6143,.T.);
#9981 = ORIENTED_EDGE('',*,*,#9929,.T.);
#9982 = ORIENTED_EDGE('',*,*,#3487,.F.);
#9983 = FACE_BOUND('',#9984,.T.);
#9984 = EDGE_LOOP('',(#9985));
#9985 = ORIENTED_EDGE('',*,*,#9986,.F.);
#9986 = EDGE_CURVE('',#9987,#9987,#9989,.T.);
#9987 = VERTEX_POINT('',#9988);
#9988 = CARTESIAN_POINT('',(110.,46.5,26.4));
#9989 = SURFACE_CURVE('',#9990,(#9995,#10002),.PCURVE_S1.);
#9990 = CIRCLE('',#9991,1.6);
#9991 = AXIS2_PLACEMENT_3D('',#9992,#9993,#9994);
#9992 = CARTESIAN_POINT('',(110.,46.5,28.));
#9993 = DIRECTION('',(1.,0.,2.22044604925E-16));
#9994 = DIRECTION('',(2.22044604925E-16,0.,-1.));
#9995 = PCURVE('',#3503,#9996);
#9996 = DEFINITIONAL_REPRESENTATION('',(#9997),#10001);
#9997 = CIRCLE('',#9998,1.6);
#9998 = AXIS2_PLACEMENT_2D('',#9999,#10000);
#9999 = CARTESIAN_POINT('',(21.,-116.5));
#10000 = DIRECTION('',(-1.,0.));
#10001 = ( GEOMETRIC_REPRESENTATION_CONTEXT(2) 
PARAMETRIC_REPRESENTATION_CONTEXT() REPRESENTATION_CONTEXT('2D SPACE',''
  ) );
#10002 = PCURVE('',#10003,#10008);
#10003 = CYLINDRICAL_SURFACE('',#10004,1.6);
#10004 = AXIS2_PLACEMENT_3D('',#10005,#10006,#10007);
#10005 = CARTESIAN_POINT('',(105.5,46.5,28.));
#10006 = DIRECTION('',(1.,0.,2.22044604925E-16));
#10007 = DIRECTION('',(2.22044604925E-16,0.,-1.));
#10008 = DEFINITIONAL_REPRESENTATION('',(#10009),#10013);
#10009 = LINE('',#10010,#10011);
#10010 = CARTESIAN_POINT('',(0.,4.5));
#10011 = VECTOR('',#10012,1.);
#10012 = DIRECTION('',(1.,0.));
#10013 = ( GEOMETRIC_REPRESENTATION_CONTEXT(2) 
PARAMETRIC_REPRESENTATION_CONTEXT() REPRESENTATION_CONTEXT('2D SPACE',''
  ) );
#10014 = FACE_BOUND('',#10015,.T.);
#10015 = EDGE_LOOP('',(#10016));
#10016 = ORIENTED_EDGE('',*,*,#10017,.F.);
#10017 = EDGE_CURVE('',#10018,#10018,#10020,.T.);
#10018 = VERTEX_POINT('',#10019);
#10019 = CARTESIAN_POINT('',(110.,31.5,26.4));
#10020 = SURFACE_CURVE('',#10021,(#10026,#10033),.PCURVE_S1.);
#10021 = CIRCLE('',#10022,1.6);
#10022 = AXIS2_PLACEMENT_3D('',#10023,#10024,#10025);
#10023 = CARTESIAN_POINT('',(110.,31.5,28.));
#10024 = DIRECTION('',(1.,0.,2.22044604925E-16));
#10025 = DIRECTION('',(2.22044604925E-16,0.,-1.));
#10026 = PCURVE('',#3503,#10027);
#10027 = DEFINITIONAL_REPRESENTATION('',(#10028),#10032);
#10028 = CIRCLE('',#10029,1.6);
#10029 = AXIS2_PLACEMENT_2D('',#10030,#10031);
#10030 = CARTESIAN_POINT('',(21.,-101.5));
#10031 = DIRECTION('',(-1.,0.));
#10032 = ( GEOMETRIC_REPRESENTATION_CONTEXT(2) 
PARAMETRIC_REPRESENTATION_CONTEXT() REPRESENTATION_CONTEXT('2D SPACE',''
  ) );
#10033 = PCURVE('',#10034,#10039);
#10034 = CYLINDRICAL_SURFACE('',#10035,1.6);
#10035 = AXIS2_PLACEMENT_3D('',#10036,#10037,#10038);
#10036 = CARTESIAN_POINT('',(105.5,31.5,28.));
#10037 = DIRECTION('',(1.,0.,2.22044604925E-16));
#10038 = DIRECTION('',(2.22044604925E-16,0.,-1.));
#10039 = DEFINITIONAL_REPRESENTATION('',(#10040),#10044);
#10040 = LINE('',#10041,#10042);
#10041 = CARTESIAN_POINT('',(0.,4.5));
#10042 = VECTOR('',#10043,1.);
#10043 = DIRECTION('',(1.,0.));
#10044 = ( GEOMETRIC_REPRESENTATION_CONTEXT(2) 
PARAMETRIC_REPRESENTATION_CONTEXT() REPRESENTATION_CONTEXT('2D SPACE',''
  ) );
#10045 = FACE_BOUND('',#10046,.T.);
#10046 = EDGE_LOOP('',(#10047));
#10047 = ORIENTED_EDGE('',*,*,#10048,.F.);
#10048 = EDGE_CURVE('',#10049,#10049,#10051,.T.);
#10049 = VERTEX_POINT('',#10050);
#10050 = CARTESIAN_POINT('',(110.,20.5,26.4));
#10051 = SURFACE_CURVE('',#10052,(#10057,#10064),.PCURVE_S1.);
#10052 = CIRCLE('',#10053,1.6);
#10053 = AXIS2_PLACEMENT_3D('',#10054,#10055,#10056);
#10054 = CARTESIAN_POINT('',(110.,20.5,28.));
#10055 = DIRECTION('',(1.,0.,2.22044604925E-16));
#10056 = DIRECTION('',(2.22044604925E-16,0.,-1.));
#10057 = PCURVE('',#3503,#10058);
#10058 = DEFINITIONAL_REPRESENTATION('',(#10059),#10063);
#10059 = CIRCLE('',#10060,1.6);
#10060 = AXIS2_PLACEMENT_2D('',#10061,#10062);
#10061 = CARTESIAN_POINT('',(21.,-90.5));
#10062 = DIRECTION('',(-1.,0.));
#10063 = ( GEOMETRIC_REPRESENTATION_CONTEXT(2) 
PARAMETRIC_REPRESENTATION_CONTEXT() REPRESENTATION_CONTEXT('2D SPACE',''
  ) );
#10064 = PCURVE('',#10065,#10070);
#10065 = CYLINDRICAL_SURFACE('',#10066,1.6);
#10066 = AXIS2_PLACEMENT_3D('',#10067,#10068,#10069);
#10067 = CARTESIAN_POINT('',(105.5,20.5,28.));
#10068 = DIRECTION('',(1.,0.,2.22044604925E-16));
#10069 = DIRECTION('',(2.22044604925E-16,0.,-1.));
#10070 = DEFINITIONAL_REPRESENTATION('',(#10071),#10075);
#10071 = LINE('',#10072,#10073);
#10072 = CARTESIAN_POINT('',(0.,4.5));
#10073 = VECTOR('',#10074,1.);
#10074 = DIRECTION('',(1.,0.));
#10075 = ( GEOMETRIC_REPRESENTATION_CONTEXT(2) 
PARAMETRIC_REPRESENTATION_CONTEXT() REPRESENTATION_CONTEXT('2D SPACE',''
  ) );
#10076 = FACE_BOUND('',#10077,.T.);
#10077 = EDGE_LOOP('',(#10078));
#10078 = ORIENTED_EDGE('',*,*,#10079,.F.);
#10079 = EDGE_CURVE('',#10080,#10080,#10082,.T.);
#10080 = VERTEX_POINT('',#10081);
#10081 = CARTESIAN_POINT('',(110.,5.5,26.4));
#10082 = SURFACE_CURVE('',#10083,(#10088,#10095),.PCURVE_S1.);
#10083 = CIRCLE('',#10084,1.6);
#10084 = AXIS2_PLACEMENT_3D('',#10085,#10086,#10087);
#10085 = CARTESIAN_POINT('',(110.,5.5,28.));
#10086 = DIRECTION('',(1.,0.,2.22044604925E-16));
#10087 = DIRECTION('',(2.22044604925E-16,0.,-1.));
#10088 = PCURVE('',#3503,#10089);
#10089 = DEFINITIONAL_REPRESENTATION('',(#10090),#10094);
#10090 = CIRCLE('',#10091,1.6);
#10091 = AXIS2_PLACEMENT_2D('',#10092,#10093);
#10092 = CARTESIAN_POINT('',(21.,-75.5));
#10093 = DIRECTION('',(-1.,0.));
#10094 = ( GEOMETRIC_REPRESENTATION_CONTEXT(2) 
PARAMETRIC_REPRESENTATION_CONTEXT() REPRESENTATION_CONTEXT('2D SPACE',''
  ) );
#10095 = PCURVE('',#10096,#10101);
#10096 = CYLINDRICAL_SURFACE('',#10097,1.6);
#10097 = AXIS2_PLACEMENT_3D('',#10098,#10099,#10100);
#10098 = CARTESIAN_POINT('',(105.5,5.5,28.));
#10099 = DIRECTION('',(1.,0.,2.22044604925E-16));
#10100 = DIRECTION('',(2.22044604925E-16,0.,-1.));
#10101 = DEFINITIONAL_REPRESENTATION('',(#10102),#10106);
#10102 = LINE('',#10103,#10104);
#10103 = CARTESIAN_POINT('',(0.,4.5));
#10104 = VECTOR('',#10105,1.);
#10105 = DIRECTION('',(1.,0.));
#10106 = ( GEOMETRIC_REPRESENTATION_CONTEXT(2) 
PARAMETRIC_REPRESENTATION_CONTEXT() REPRESENTATION_CONTEXT('2D SPACE',''
  ) );
#10107 = FACE_BOUND('',#10108,.T.);
#10108 = EDGE_LOOP('',(#10109));
#10109 = ORIENTED_EDGE('',*,*,#10110,.F.);
#10110 = EDGE_CURVE('',#10111,#10111,#10113,.T.);
#10111 = VERTEX_POINT('',#10112);
#10112 = CARTESIAN_POINT('',(110.,39.,27.25));
#10113 = SURFACE_CURVE('',#10114,(#10119,#10126),.PCURVE_S1.);
#10114 = CIRCLE('',#10115,8.25);
#10115 = AXIS2_PLACEMENT_3D('',#10116,#10117,#10118);
#10116 = CARTESIAN_POINT('',(110.,39.,35.5));
#10117 = DIRECTION('',(1.,0.,2.22044604925E-16));
#10118 = DIRECTION('',(2.22044604925E-16,0.,-1.));
#10119 = PCURVE('',#3503,#10120);
#10120 = DEFINITIONAL_REPRESENTATION('',(#10121),#10125);
#10121 = CIRCLE('',#10122,8.25);
#10122 = AXIS2_PLACEMENT_2D('',#10123,#10124);
#10123 = CARTESIAN_POINT('',(28.5,-109.));
#10124 = DIRECTION('',(-1.,0.));
#10125 = ( GEOMETRIC_REPRESENTATION_CONTEXT(2) 
PARAMETRIC_REPRESENTATION_CONTEXT() REPRESENTATION_CONTEXT('2D SPACE',''
  ) );
#10126 = PCURVE('',#10127,#10132);
#10127 = CYLINDRICAL_SURFACE('',#10128,8.25);
#10128 = AXIS2_PLACEMENT_3D('',#10129,#10130,#10131);
#10129 = CARTESIAN_POINT('',(105.5,39.,35.5));
#10130 = DIRECTION('',(1.,0.,2.22044604925E-16));
#10131 = DIRECTION('',(2.22044604925E-16,0.,-1.));
#10132 = DEFINITIONAL_REPRESENTATION('',(#10133),#10137);
#10133 = LINE('',#10134,#10135);
#10134 = CARTESIAN_POINT('',(0.,4.5));
#10135 = VECTOR('',#10136,1.);
#10136 = DIRECTION('',(1.,0.));
#10137 = ( GEOMETRIC_REPRESENTATION_CONTEXT(2) 
PARAMETRIC_REPRESENTATION_CONTEXT() REPRESENTATION_CONTEXT('2D SPACE',''
  ) );
#10138 = FACE_BOUND('',#10139,.T.);
#10139 = EDGE_LOOP('',(#10140));
#10140 = ORIENTED_EDGE('',*,*,#10141,.F.);
#10141 = EDGE_CURVE('',#10142,#10142,#10144,.T.);
#10142 = VERTEX_POINT('',#10143);
#10143 = CARTESIAN_POINT('',(110.,46.5,41.4));
#10144 = SURFACE_CURVE('',#10145,(#10150,#10157),.PCURVE_S1.);
#10145 = CIRCLE('',#10146,1.6);
#10146 = AXIS2_PLACEMENT_3D('',#10147,#10148,#10149);
#10147 = CARTESIAN_POINT('',(110.,46.5,43.));
#10148 = DIRECTION('',(1.,0.,2.22044604925E-16));
#10149 = DIRECTION('',(2.22044604925E-16,0.,-1.));
#10150 = PCURVE('',#3503,#10151);
#10151 = DEFINITIONAL_REPRESENTATION('',(#10152),#10156);
#10152 = CIRCLE('',#10153,1.6);
#10153 = AXIS2_PLACEMENT_2D('',#10154,#10155);
#10154 = CARTESIAN_POINT('',(36.,-116.5));
#10155 = DIRECTION('',(-1.,0.));
#10156 = ( GEOMETRIC_REPRESENTATION_CONTEXT(2) 
PARAMETRIC_REPRESENTATION_CONTEXT() REPRESENTATION_CONTEXT('2D SPACE',''
  ) );
#10157 = PCURVE('',#10158,#10163);
#10158 = CYLINDRICAL_SURFACE('',#10159,1.6);
#10159 = AXIS2_PLACEMENT_3D('',#10160,#10161,#10162);
#10160 = CARTESIAN_POINT('',(105.5,46.5,43.));
#10161 = DIRECTION('',(1.,0.,2.22044604925E-16));
#10162 = DIRECTION('',(2.22044604925E-16,0.,-1.));
#10163 = DEFINITIONAL_REPRESENTATION('',(#10164),#10168);
#10164 = LINE('',#10165,#10166);
#10165 = CARTESIAN_POINT('',(0.,4.5));
#10166 = VECTOR('',#10167,1.);
#10167 = DIRECTION('',(1.,0.));
#10168 = ( GEOMETRIC_REPRESENTATION_CONTEXT(2) 
PARAMETRIC_REPRESENTATION_CONTEXT() REPRESENTATION_CONTEXT('2D SPACE',''
  ) );
#10169 = FACE_BOUND('',#10170,.T.);
#10170 = EDGE_LOOP('',(#10171));
#10171 = ORIENTED_EDGE('',*,*,#10172,.F.);
#10172 = EDGE_CURVE('',#10173,#10173,#10175,.T.);
#10173 = VERTEX_POINT('',#10174);
#10174 = CARTESIAN_POINT('',(110.,31.5,41.4));
#10175 = SURFACE_CURVE('',#10176,(#10181,#10188),.PCURVE_S1.);
#10176 = CIRCLE('',#10177,1.6);
#10177 = AXIS2_PLACEMENT_3D('',#10178,#10179,#10180);
#10178 = CARTESIAN_POINT('',(110.,31.5,43.));
#10179 = DIRECTION('',(1.,0.,2.22044604925E-16));
#10180 = DIRECTION('',(2.22044604925E-16,0.,-1.));
#10181 = PCURVE('',#3503,#10182);
#10182 = DEFINITIONAL_REPRESENTATION('',(#10183),#10187);
#10183 = CIRCLE('',#10184,1.6);
#10184 = AXIS2_PLACEMENT_2D('',#10185,#10186);
#10185 = CARTESIAN_POINT('',(36.,-101.5));
#10186 = DIRECTION('',(-1.,0.));
#10187 = ( GEOMETRIC_REPRESENTATION_CONTEXT(2) 
PARAMETRIC_REPRESENTATION_CONTEXT() REPRESENTATION_CONTEXT('2D SPACE',''
  ) );
#10188 = PCURVE('',#10189,#10194);
#10189 = CYLINDRICAL_SURFACE('',#10190,1.6);
#10190 = AXIS2_PLACEMENT_3D('',#10191,#10192,#10193);
#10191 = CARTESIAN_POINT('',(105.5,31.5,43.));
#10192 = DIRECTION('',(1.,0.,2.22044604925E-16));
#10193 = DIRECTION('',(2.22044604925E-16,0.,-1.));
#10194 = DEFINITIONAL_REPRESENTATION('',(#10195),#10199);
#10195 = LINE('',#10196,#10197);
#10196 = CARTESIAN_POINT('',(0.,4.5));
#10197 = VECTOR('',#10198,1.);
#10198 = DIRECTION('',(1.,0.));
#10199 = ( GEOMETRIC_REPRESENTATION_CONTEXT(2) 
PARAMETRIC_REPRESENTATION_CONTEXT() REPRESENTATION_CONTEXT('2D SPACE',''
  ) );
#10200 = FACE_BOUND('',#10201,.T.);
#10201 = EDGE_LOOP('',(#10202));
#10202 = ORIENTED_EDGE('',*,*,#10203,.F.);
#10203 = EDGE_CURVE('',#10204,#10204,#10206,.T.);
#10204 = VERTEX_POINT('',#10205);
#10205 = CARTESIAN_POINT('',(110.,13.,27.25));
#10206 = SURFACE_CURVE('',#10207,(#10212,#10219),.PCURVE_S1.);
#10207 = CIRCLE('',#10208,8.25);
#10208 = AXIS2_PLACEMENT_3D('',#10209,#10210,#10211);
#10209 = CARTESIAN_POINT('',(110.,13.,35.5));
#10210 = DIRECTION('',(1.,0.,2.22044604925E-16));
#10211 = DIRECTION('',(2.22044604925E-16,0.,-1.));
#10212 = PCURVE('',#3503,#10213);
#10213 = DEFINITIONAL_REPRESENTATION('',(#10214),#10218);
#10214 = CIRCLE('',#10215,8.25);
#10215 = AXIS2_PLACEMENT_2D('',#10216,#10217);
#10216 = CARTESIAN_POINT('',(28.5,-83.));
#10217 = DIRECTION('',(-1.,0.));
#10218 = ( GEOMETRIC_REPRESENTATION_CONTEXT(2) 
PARAMETRIC_REPRESENTATION_CONTEXT() REPRESENTATION_CONTEXT('2D SPACE',''
  ) );
#10219 = PCURVE('',#10220,#10225);
#10220 = CYLINDRICAL_SURFACE('',#10221,8.25);
#10221 = AXIS2_PLACEMENT_3D('',#10222,#10223,#10224);
#10222 = CARTESIAN_POINT('',(105.5,13.,35.5));
#10223 = DIRECTION('',(1.,0.,2.22044604925E-16));
#10224 = DIRECTION('',(2.22044604925E-16,0.,-1.));
#10225 = DEFINITIONAL_REPRESENTATION('',(#10226),#10230);
#10226 = LINE('',#10227,#10228);
#10227 = CARTESIAN_POINT('',(0.,4.5));
#10228 = VECTOR('',#10229,1.);
#10229 = DIRECTION('',(1.,0.));
#10230 = ( GEOMETRIC_REPRESENTATION_CONTEXT(2) 
PARAMETRIC_REPRESENTATION_CONTEXT() REPRESENTATION_CONTEXT('2D SPACE',''
  ) );
#10231 = FACE_BOUND('',#10232,.T.);
#10232 = EDGE_LOOP('',(#10233));
#10233 = ORIENTED_EDGE('',*,*,#10234,.F.);
#10234 = EDGE_CURVE('',#10235,#10235,#10237,.T.);
#10235 = VERTEX_POINT('',#10236);
#10236 = CARTESIAN_POINT('',(110.,20.5,41.4));
#10237 = SURFACE_CURVE('',#10238,(#10243,#10250),.PCURVE_S1.);
#10238 = CIRCLE('',#10239,1.6);
#10239 = AXIS2_PLACEMENT_3D('',#10240,#10241,#10242);
#10240 = CARTESIAN_POINT('',(110.,20.5,43.));
#10241 = DIRECTION('',(1.,0.,2.22044604925E-16));
#10242 = DIRECTION('',(2.22044604925E-16,0.,-1.));
#10243 = PCURVE('',#3503,#10244);
#10244 = DEFINITIONAL_REPRESENTATION('',(#10245),#10249);
#10245 = CIRCLE('',#10246,1.6);
#10246 = AXIS2_PLACEMENT_2D('',#10247,#10248);
#10247 = CARTESIAN_POINT('',(36.,-90.5));
#10248 = DIRECTION('',(-1.,0.));
#10249 = ( GEOMETRIC_REPRESENTATION_CONTEXT(2) 
PARAMETRIC_REPRESENTATION_CONTEXT() REPRESENTATION_CONTEXT('2D SPACE',''
  ) );
#10250 = PCURVE('',#10251,#10256);
#10251 = CYLINDRICAL_SURFACE('',#10252,1.6);
#10252 = AXIS2_PLACEMENT_3D('',#10253,#10254,#10255);
#10253 = CARTESIAN_POINT('',(105.5,20.5,43.));
#10254 = DIRECTION('',(1.,0.,2.22044604925E-16));
#10255 = DIRECTION('',(2.22044604925E-16,0.,-1.));
#10256 = DEFINITIONAL_REPRESENTATION('',(#10257),#10261);
#10257 = LINE('',#10258,#10259);
#10258 = CARTESIAN_POINT('',(0.,4.5));
#10259 = VECTOR('',#10260,1.);
#10260 = DIRECTION('',(1.,0.));
#10261 = ( GEOMETRIC_REPRESENTATION_CONTEXT(2) 
PARAMETRIC_REPRESENTATION_CONTEXT() REPRESENTATION_CONTEXT('2D SPACE',''
  ) );
#10262 = FACE_BOUND('',#10263,.T.);
#10263 = EDGE_LOOP('',(#10264));
#10264 = ORIENTED_EDGE('',*,*,#10265,.F.);
#10265 = EDGE_CURVE('',#10266,#10266,#10268,.T.);
#10266 = VERTEX_POINT('',#10267);
#10267 = CARTESIAN_POINT('',(110.,5.5,41.4));
#10268 = SURFACE_CURVE('',#10269,(#10274,#10281),.PCURVE_S1.);
#10269 = CIRCLE('',#10270,1.6);
#10270 = AXIS2_PLACEMENT_3D('',#10271,#10272,#10273);
#10271 = CARTESIAN_POINT('',(110.,5.5,43.));
#10272 = DIRECTION('',(1.,0.,2.22044604925E-16));
#10273 = DIRECTION('',(2.22044604925E-16,0.,-1.));
#10274 = PCURVE('',#3503,#10275);
#10275 = DEFINITIONAL_REPRESENTATION('',(#10276),#10280);
#10276 = CIRCLE('',#10277,1.6);
#10277 = AXIS2_PLACEMENT_2D('',#10278,#10279);
#10278 = CARTESIAN_POINT('',(36.,-75.5));
#10279 = DIRECTION('',(-1.,0.));
#10280 = ( GEOMETRIC_REPRESENTATION_CONTEXT(2) 
PARAMETRIC_REPRESENTATION_CONTEXT() REPRESENTATION_CONTEXT('2D SPACE',''
  ) );
#10281 = PCURVE('',#10282,#10287);
#10282 = CYLINDRICAL_SURFACE('',#10283,1.6);
#10283 = AXIS2_PLACEMENT_3D('',#10284,#10285,#10286);
#10284 = CARTESIAN_POINT('',(105.5,5.5,43.));
#10285 = DIRECTION('',(1.,0.,2.22044604925E-16));
#10286 = DIRECTION('',(2.22044604925E-16,0.,-1.));
#10287 = DEFINITIONAL_REPRESENTATION('',(#10288),#10292);
#10288 = LINE('',#10289,#10290);
#10289 = CARTESIAN_POINT('',(0.,4.5));
#10290 = VECTOR('',#10291,1.);
#10291 = DIRECTION('',(1.,0.));
#10292 = ( GEOMETRIC_REPRESENTATION_CONTEXT(2) 
PARAMETRIC_REPRESENTATION_CONTEXT() REPRESENTATION_CONTEXT('2D SPACE',''
  ) );
#10293 = FACE_BOUND('',#10294,.T.);
#10294 = EDGE_LOOP('',(#10295));
#10295 = ORIENTED_EDGE('',*,*,#10296,.F.);
#10296 = EDGE_CURVE('',#10297,#10297,#10299,.T.);
#10297 = VERTEX_POINT('',#10298);
#10298 = CARTESIAN_POINT('',(110.,-42.,19.4));
#10299 = SURFACE_CURVE('',#10300,(#10305,#10312),.PCURVE_S1.);
#10300 = CIRCLE('',#10301,1.6);
#10301 = AXIS2_PLACEMENT_3D('',#10302,#10303,#10304);
#10302 = CARTESIAN_POINT('',(110.,-42.,21.));
#10303 = DIRECTION('',(1.,0.,2.22044604925E-16));
#10304 = DIRECTION('',(2.22044604925E-16,0.,-1.));
#10305 = PCURVE('',#3503,#10306);
#10306 = DEFINITIONAL_REPRESENTATION('',(#10307),#10311);
#10307 = CIRCLE('',#10308,1.6);
#10308 = AXIS2_PLACEMENT_2D('',#10309,#10310);
#10309 = CARTESIAN_POINT('',(14.,-28.));
#10310 = DIRECTION('',(-1.,0.));
#10311 = ( GEOMETRIC_REPRESENTATION_CONTEXT(2) 
PARAMETRIC_REPRESENTATION_CONTEXT() REPRESENTATION_CONTEXT('2D SPACE',''
  ) );
#10312 = PCURVE('',#10313,#10318);
#10313 = CYLINDRICAL_SURFACE('',#10314,1.6);
#10314 = AXIS2_PLACEMENT_3D('',#10315,#10316,#10317);
#10315 = CARTESIAN_POINT('',(105.5,-42.,21.));
#10316 = DIRECTION('',(1.,0.,2.22044604925E-16));
#10317 = DIRECTION('',(2.22044604925E-16,0.,-1.));
#10318 = DEFINITIONAL_REPRESENTATION('',(#10319),#10323);
#10319 = LINE('',#10320,#10321);
#10320 = CARTESIAN_POINT('',(0.,4.5));
#10321 = VECTOR('',#10322,1.);
#10322 = DIRECTION('',(1.,0.));
#10323 = ( GEOMETRIC_REPRESENTATION_CONTEXT(2) 
PARAMETRIC_REPRESENTATION_CONTEXT() REPRESENTATION_CONTEXT('2D SPACE',''
  ) );
#10324 = FACE_BOUND('',#10325,.T.);
#10325 = EDGE_LOOP('',(#10326));
#10326 = ORIENTED_EDGE('',*,*,#10327,.F.);
#10327 = EDGE_CURVE('',#10328,#10328,#10330,.T.);
#10328 = VERTEX_POINT('',#10329);
#10329 = CARTESIAN_POINT('',(110.,-14.,25.25));
#10330 = SURFACE_CURVE('',#10331,(#10336,#10343),.PCURVE_S1.);
#10331 = CIRCLE('',#10332,10.25);
#10332 = AXIS2_PLACEMENT_3D('',#10333,#10334,#10335);
#10333 = CARTESIAN_POINT('',(110.,-14.,35.5));
#10334 = DIRECTION('',(1.,0.,2.22044604925E-16));
#10335 = DIRECTION('',(2.22044604925E-16,0.,-1.));
#10336 = PCURVE('',#3503,#10337);
#10337 = DEFINITIONAL_REPRESENTATION('',(#10338),#10342);
#10338 = CIRCLE('',#10339,10.25);
#10339 = AXIS2_PLACEMENT_2D('',#10340,#10341);
#10340 = CARTESIAN_POINT('',(28.5,-56.));
#10341 = DIRECTION('',(-1.,0.));
#10342 = ( GEOMETRIC_REPRESENTATION_CONTEXT(2) 
PARAMETRIC_REPRESENTATION_CONTEXT() REPRESENTATION_CONTEXT('2D SPACE',''
  ) );
#10343 = PCURVE('',#10344,#10349);
#10344 = CYLINDRICAL_SURFACE('',#10345,10.25);
#10345 = AXIS2_PLACEMENT_3D('',#10346,#10347,#10348);
#10346 = CARTESIAN_POINT('',(105.5,-14.,35.5));
#10347 = DIRECTION('',(1.,0.,2.22044604925E-16));
#10348 = DIRECTION('',(2.22044604925E-16,0.,-1.));
#10349 = DEFINITIONAL_REPRESENTATION('',(#10350),#10354);
#10350 = LINE('',#10351,#10352);
#10351 = CARTESIAN_POINT('',(0.,4.5));
#10352 = VECTOR('',#10353,1.);
#10353 = DIRECTION('',(1.,0.));
#10354 = ( GEOMETRIC_REPRESENTATION_CONTEXT(2) 
PARAMETRIC_REPRESENTATION_CONTEXT() REPRESENTATION_CONTEXT('2D SPACE',''
  ) );
#10355 = FACE_BOUND('',#10356,.T.);
#10356 = EDGE_LOOP('',(#10357,#10385,#10411,#10437));
#10357 = ORIENTED_EDGE('',*,*,#10358,.T.);
#10358 = EDGE_CURVE('',#10359,#10361,#10363,.T.);
#10359 = VERTEX_POINT('',#10360);
#10360 = CARTESIAN_POINT('',(110.,-36.,24.5));
#10361 = VERTEX_POINT('',#10362);
#10362 = CARTESIAN_POINT('',(110.,-48.,24.5));
#10363 = SURFACE_CURVE('',#10364,(#10368,#10374),.PCURVE_S1.);
#10364 = LINE('',#10365,#10366);
#10365 = CARTESIAN_POINT('',(110.,-59.,24.5));
#10366 = VECTOR('',#10367,1.);
#10367 = DIRECTION('',(0.,-1.,0.));
#10368 = PCURVE('',#3503,#10369);
#10369 = DEFINITIONAL_REPRESENTATION('',(#10370),#10373);
#10370 = B_SPLINE_CURVE_WITH_KNOTS('',1,(#10371,#10372),.UNSPECIFIED.,
  .F.,.F.,(2,2),(-23.,-11.),.PIECEWISE_BEZIER_KNOTS.);
#10371 = CARTESIAN_POINT('',(17.5,-34.));
#10372 = CARTESIAN_POINT('',(17.5,-22.));
#10373 = ( GEOMETRIC_REPRESENTATION_CONTEXT(2) 
PARAMETRIC_REPRESENTATION_CONTEXT() REPRESENTATION_CONTEXT('2D SPACE',''
  ) );
#10374 = PCURVE('',#10375,#10380);
#10375 = PLANE('',#10376);
#10376 = AXIS2_PLACEMENT_3D('',#10377,#10378,#10379);
#10377 = CARTESIAN_POINT('',(105.,-48.,24.5));
#10378 = DIRECTION('',(0.,0.,1.));
#10379 = DIRECTION('',(1.,0.,-0.));
#10380 = DEFINITIONAL_REPRESENTATION('',(#10381),#10384);
#10381 = B_SPLINE_CURVE_WITH_KNOTS('',1,(#10382,#10383),.UNSPECIFIED.,
  .F.,.F.,(2,2),(-23.,-11.),.PIECEWISE_BEZIER_KNOTS.);
#10382 = CARTESIAN_POINT('',(5.,12.));
#10383 = CARTESIAN_POINT('',(5.,0.));
#10384 = ( GEOMETRIC_REPRESENTATION_CONTEXT(2) 
PARAMETRIC_REPRESENTATION_CONTEXT() REPRESENTATION_CONTEXT('2D SPACE',''
  ) );
#10385 = ORIENTED_EDGE('',*,*,#10386,.T.);
#10386 = EDGE_CURVE('',#10361,#10387,#10389,.T.);
#10387 = VERTEX_POINT('',#10388);
#10388 = CARTESIAN_POINT('',(110.,-48.,46.5));
#10389 = SURFACE_CURVE('',#10390,(#10394,#10400),.PCURVE_S1.);
#10390 = LINE('',#10391,#10392);
#10391 = CARTESIAN_POINT('',(110.,-48.,15.75));
#10392 = VECTOR('',#10393,1.);
#10393 = DIRECTION('',(0.,0.,1.));
#10394 = PCURVE('',#3503,#10395);
#10395 = DEFINITIONAL_REPRESENTATION('',(#10396),#10399);
#10396 = B_SPLINE_CURVE_WITH_KNOTS('',1,(#10397,#10398),.UNSPECIFIED.,
  .F.,.F.,(2,2),(8.75,30.75),.PIECEWISE_BEZIER_KNOTS.);
#10397 = CARTESIAN_POINT('',(17.5,-22.));
#10398 = CARTESIAN_POINT('',(39.5,-22.));
#10399 = ( GEOMETRIC_REPRESENTATION_CONTEXT(2) 
PARAMETRIC_REPRESENTATION_CONTEXT() REPRESENTATION_CONTEXT('2D SPACE',''
  ) );
#10400 = PCURVE('',#10401,#10406);
#10401 = PLANE('',#10402);
#10402 = AXIS2_PLACEMENT_3D('',#10403,#10404,#10405);
#10403 = CARTESIAN_POINT('',(105.,-48.,24.5));
#10404 = DIRECTION('',(-0.,1.,0.));
#10405 = DIRECTION('',(0.,0.,1.));
#10406 = DEFINITIONAL_REPRESENTATION('',(#10407),#10410);
#10407 = B_SPLINE_CURVE_WITH_KNOTS('',1,(#10408,#10409),.UNSPECIFIED.,
  .F.,.F.,(2,2),(8.75,30.75),.PIECEWISE_BEZIER_KNOTS.);
#10408 = CARTESIAN_POINT('',(0.,5.));
#10409 = CARTESIAN_POINT('',(22.,5.));
#10410 = ( GEOMETRIC_REPRESENTATION_CONTEXT(2) 
PARAMETRIC_REPRESENTATION_CONTEXT() REPRESENTATION_CONTEXT('2D SPACE',''
  ) );
#10411 = ORIENTED_EDGE('',*,*,#10412,.F.);
#10412 = EDGE_CURVE('',#10413,#10387,#10415,.T.);
#10413 = VERTEX_POINT('',#10414);
#10414 = CARTESIAN_POINT('',(110.,-36.,46.5));
#10415 = SURFACE_CURVE('',#10416,(#10420,#10426),.PCURVE_S1.);
#10416 = LINE('',#10417,#10418);
#10417 = CARTESIAN_POINT('',(110.,-59.,46.5));
#10418 = VECTOR('',#10419,1.);
#10419 = DIRECTION('',(0.,-1.,0.));
#10420 = PCURVE('',#3503,#10421);
#10421 = DEFINITIONAL_REPRESENTATION('',(#10422),#10425);
#10422 = B_SPLINE_CURVE_WITH_KNOTS('',1,(#10423,#10424),.UNSPECIFIED.,
  .F.,.F.,(2,2),(-23.,-11.),.PIECEWISE_BEZIER_KNOTS.);
#10423 = CARTESIAN_POINT('',(39.5,-34.));
#10424 = CARTESIAN_POINT('',(39.5,-22.));
#10425 = ( GEOMETRIC_REPRESENTATION_CONTEXT(2) 
PARAMETRIC_REPRESENTATION_CONTEXT() REPRESENTATION_CONTEXT('2D SPACE',''
  ) );
#10426 = PCURVE('',#10427,#10432);
#10427 = PLANE('',#10428);
#10428 = AXIS2_PLACEMENT_3D('',#10429,#10430,#10431);
#10429 = CARTESIAN_POINT('',(105.,-48.,46.5));
#10430 = DIRECTION('',(0.,0.,1.));
#10431 = DIRECTION('',(1.,0.,-0.));
#10432 = DEFINITIONAL_REPRESENTATION('',(#10433),#10436);
#10433 = B_SPLINE_CURVE_WITH_KNOTS('',1,(#10434,#10435),.UNSPECIFIED.,
  .F.,.F.,(2,2),(-23.,-11.),.PIECEWISE_BEZIER_KNOTS.);
#10434 = CARTESIAN_POINT('',(5.,12.));
#10435 = CARTESIAN_POINT('',(5.,0.));
#10436 = ( GEOMETRIC_REPRESENTATION_CONTEXT(2) 
PARAMETRIC_REPRESENTATION_CONTEXT() REPRESENTATION_CONTEXT('2D SPACE',''
  ) );
#10437 = ORIENTED_EDGE('',*,*,#10438,.F.);
#10438 = EDGE_CURVE('',#10359,#10413,#10439,.T.);
#10439 = SURFACE_CURVE('',#10440,(#10444,#10450),.PCURVE_S1.);
#10440 = LINE('',#10441,#10442);
#10441 = CARTESIAN_POINT('',(110.,-36.,15.75));
#10442 = VECTOR('',#10443,1.);
#10443 = DIRECTION('',(0.,0.,1.));
#10444 = PCURVE('',#3503,#10445);
#10445 = DEFINITIONAL_REPRESENTATION('',(#10446),#10449);
#10446 = B_SPLINE_CURVE_WITH_KNOTS('',1,(#10447,#10448),.UNSPECIFIED.,
  .F.,.F.,(2,2),(8.75,30.75),.PIECEWISE_BEZIER_KNOTS.);
#10447 = CARTESIAN_POINT('',(17.5,-34.));
#10448 = CARTESIAN_POINT('',(39.5,-34.));
#10449 = ( GEOMETRIC_REPRESENTATION_CONTEXT(2) 
PARAMETRIC_REPRESENTATION_CONTEXT() REPRESENTATION_CONTEXT('2D SPACE',''
  ) );
#10450 = PCURVE('',#10451,#10456);
#10451 = PLANE('',#10452);
#10452 = AXIS2_PLACEMENT_3D('',#10453,#10454,#10455);
#10453 = CARTESIAN_POINT('',(105.,-36.,24.5));
#10454 = DIRECTION('',(-0.,1.,0.));
#10455 = DIRECTION('',(0.,0.,1.));
#10456 = DEFINITIONAL_REPRESENTATION('',(#10457),#10460);
#10457 = B_SPLINE_CURVE_WITH_KNOTS('',1,(#10458,#10459),.UNSPECIFIED.,
  .F.,.F.,(2,2),(8.75,30.75),.PIECEWISE_BEZIER_KNOTS.);
#10458 = CARTESIAN_POINT('',(0.,5.));
#10459 = CARTESIAN_POINT('',(22.,5.));
#10460 = ( GEOMETRIC_REPRESENTATION_CONTEXT(2) 
PARAMETRIC_REPRESENTATION_CONTEXT() REPRESENTATION_CONTEXT('2D SPACE',''
  ) );
#10461 = FACE_BOUND('',#10462,.T.);
#10462 = EDGE_LOOP('',(#10463));
#10463 = ORIENTED_EDGE('',*,*,#10464,.F.);
#10464 = EDGE_CURVE('',#10465,#10465,#10467,.T.);
#10465 = VERTEX_POINT('',#10466);
#10466 = CARTESIAN_POINT('',(110.,-42.,48.4));
#10467 = SURFACE_CURVE('',#10468,(#10473,#10480),.PCURVE_S1.);
#10468 = CIRCLE('',#10469,1.6);
#10469 = AXIS2_PLACEMENT_3D('',#10470,#10471,#10472);
#10470 = CARTESIAN_POINT('',(110.,-42.,50.));
#10471 = DIRECTION('',(1.,0.,2.22044604925E-16));
#10472 = DIRECTION('',(2.22044604925E-16,0.,-1.));
#10473 = PCURVE('',#3503,#10474);
#10474 = DEFINITIONAL_REPRESENTATION('',(#10475),#10479);
#10475 = CIRCLE('',#10476,1.6);
#10476 = AXIS2_PLACEMENT_2D('',#10477,#10478);
#10477 = CARTESIAN_POINT('',(43.,-28.));
#10478 = DIRECTION('',(-1.,0.));
#10479 = ( GEOMETRIC_REPRESENTATION_CONTEXT(2) 
PARAMETRIC_REPRESENTATION_CONTEXT() REPRESENTATION_CONTEXT('2D SPACE',''
  ) );
#10480 = PCURVE('',#10481,#10486);
#10481 = CYLINDRICAL_SURFACE('',#10482,1.6);
#10482 = AXIS2_PLACEMENT_3D('',#10483,#10484,#10485);
#10483 = CARTESIAN_POINT('',(105.5,-42.,50.));
#10484 = DIRECTION('',(1.,0.,2.22044604925E-16));
#10485 = DIRECTION('',(2.22044604925E-16,0.,-1.));
#10486 = DEFINITIONAL_REPRESENTATION('',(#10487),#10491);
#10487 = LINE('',#10488,#10489);
#10488 = CARTESIAN_POINT('',(0.,4.5));
#10489 = VECTOR('',#10490,1.);
#10490 = DIRECTION('',(1.,0.));
#10491 = ( GEOMETRIC_REPRESENTATION_CONTEXT(2) 
PARAMETRIC_REPRESENTATION_CONTEXT() REPRESENTATION_CONTEXT('2D SPACE',''
  ) );
#10492 = ADVANCED_FACE('',(#10493),#4787,.F.);
#10493 = FACE_BOUND('',#10494,.F.);
#10494 = EDGE_LOOP('',(#10495,#10496,#10517,#10518));
#10495 = ORIENTED_EDGE('',*,*,#4770,.F.);
#10496 = ORIENTED_EDGE('',*,*,#10497,.F.);
#10497 = EDGE_CURVE('',#7202,#4771,#10498,.T.);
#10498 = SEAM_CURVE('',#10499,(#10503,#10510),.PCURVE_S1.);
#10499 = LINE('',#10500,#10501);
#10500 = CARTESIAN_POINT('',(-100.85,-62.5,6.));
#10501 = VECTOR('',#10502,1.);
#10502 = DIRECTION('',(0.,0.,1.));
#10503 = PCURVE('',#4787,#10504);
#10504 = DEFINITIONAL_REPRESENTATION('',(#10505),#10509);
#10505 = LINE('',#10506,#10507);
#10506 = CARTESIAN_POINT('',(6.28318530718,-0.));
#10507 = VECTOR('',#10508,1.);
#10508 = DIRECTION('',(0.,1.));
#10509 = ( GEOMETRIC_REPRESENTATION_CONTEXT(2) 
PARAMETRIC_REPRESENTATION_CONTEXT() REPRESENTATION_CONTEXT('2D SPACE',''
  ) );
#10510 = PCURVE('',#4787,#10511);
#10511 = DEFINITIONAL_REPRESENTATION('',(#10512),#10516);
#10512 = LINE('',#10513,#10514);
#10513 = CARTESIAN_POINT('',(0.,-0.));
#10514 = VECTOR('',#10515,1.);
#10515 = DIRECTION('',(0.,1.));
#10516 = ( GEOMETRIC_REPRESENTATION_CONTEXT(2) 
PARAMETRIC_REPRESENTATION_CONTEXT() REPRESENTATION_CONTEXT('2D SPACE',''
  ) );
#10517 = ORIENTED_EDGE('',*,*,#7201,.T.);
#10518 = ORIENTED_EDGE('',*,*,#10497,.T.);
#10519 = ADVANCED_FACE('',(#10520),#4818,.F.);
#10520 = FACE_BOUND('',#10521,.F.);
#10521 = EDGE_LOOP('',(#10522,#10523,#10544,#10545));
#10522 = ORIENTED_EDGE('',*,*,#4801,.F.);
#10523 = ORIENTED_EDGE('',*,*,#10524,.F.);
#10524 = EDGE_CURVE('',#7228,#4802,#10525,.T.);
#10525 = SEAM_CURVE('',#10526,(#10530,#10537),.PCURVE_S1.);
#10526 = LINE('',#10527,#10528);
#10527 = CARTESIAN_POINT('',(104.15,-62.5,6.));
#10528 = VECTOR('',#10529,1.);
#10529 = DIRECTION('',(0.,0.,1.));
#10530 = PCURVE('',#4818,#10531);
#10531 = DEFINITIONAL_REPRESENTATION('',(#10532),#10536);
#10532 = LINE('',#10533,#10534);
#10533 = CARTESIAN_POINT('',(6.28318530718,-0.));
#10534 = VECTOR('',#10535,1.);
#10535 = DIRECTION('',(0.,1.));
#10536 = ( GEOMETRIC_REPRESENTATION_CONTEXT(2) 
PARAMETRIC_REPRESENTATION_CONTEXT() REPRESENTATION_CONTEXT('2D SPACE',''
  ) );
#10537 = PCURVE('',#4818,#10538);
#10538 = DEFINITIONAL_REPRESENTATION('',(#10539),#10543);
#10539 = LINE('',#10540,#10541);
#10540 = CARTESIAN_POINT('',(0.,-0.));
#10541 = VECTOR('',#10542,1.);
#10542 = DIRECTION('',(0.,1.));
#10543 = ( GEOMETRIC_REPRESENTATION_CONTEXT(2) 
PARAMETRIC_REPRESENTATION_CONTEXT() REPRESENTATION_CONTEXT('2D SPACE',''
  ) );
#10544 = ORIENTED_EDGE('',*,*,#7227,.T.);
#10545 = ORIENTED_EDGE('',*,*,#10524,.T.);
#10546 = ADVANCED_FACE('',(#10547,#10589),#4850,.T.);
#10547 = FACE_BOUND('',#10548,.T.);
#10548 = EDGE_LOOP('',(#10549,#10568,#10569,#10588));
#10549 = ORIENTED_EDGE('',*,*,#10550,.F.);
#10550 = EDGE_CURVE('',#7254,#4833,#10551,.T.);
#10551 = SURFACE_CURVE('',#10552,(#10556,#10562),.PCURVE_S1.);
#10552 = LINE('',#10553,#10554);
#10553 = CARTESIAN_POINT('',(102.5,-67.,7.));
#10554 = VECTOR('',#10555,1.);
#10555 = DIRECTION('',(0.,0.,1.));
#10556 = PCURVE('',#4850,#10557);
#10557 = DEFINITIONAL_REPRESENTATION('',(#10558),#10561);
#10558 = B_SPLINE_CURVE_WITH_KNOTS('',1,(#10559,#10560),.UNSPECIFIED.,
  .F.,.F.,(2,2),(-2.399999999625E-06,56.0000024),
  .PIECEWISE_BEZIER_KNOTS.);
#10559 = CARTESIAN_POINT('',(0.9999976,209.5));
#10560 = CARTESIAN_POINT('',(57.0000024,209.5));
#10561 = ( GEOMETRIC_REPRESENTATION_CONTEXT(2) 
PARAMETRIC_REPRESENTATION_CONTEXT() REPRESENTATION_CONTEXT('2D SPACE',''
  ) );
#10562 = PCURVE('',#5052,#10563);
#10563 = DEFINITIONAL_REPRESENTATION('',(#10564),#10567);
#10564 = B_SPLINE_CURVE_WITH_KNOTS('',1,(#10565,#10566),.UNSPECIFIED.,
  .F.,.F.,(2,2),(-2.399999999625E-06,56.0000024),
  .PIECEWISE_BEZIER_KNOTS.);
#10565 = CARTESIAN_POINT('',(4.712388980385,-2.399999999625E-06));
#10566 = CARTESIAN_POINT('',(4.712388980385,56.0000024));
#10567 = ( GEOMETRIC_REPRESENTATION_CONTEXT(2) 
PARAMETRIC_REPRESENTATION_CONTEXT() REPRESENTATION_CONTEXT('2D SPACE',''
  ) );
#10568 = ORIENTED_EDGE('',*,*,#7253,.T.);
#10569 = ORIENTED_EDGE('',*,*,#10570,.T.);
#10570 = EDGE_CURVE('',#7256,#4835,#10571,.T.);
#10571 = SURFACE_CURVE('',#10572,(#10576,#10582),.PCURVE_S1.);
#10572 = LINE('',#10573,#10574);
#10573 = CARTESIAN_POINT('',(-102.5,-67.,7.));
#10574 = VECTOR('',#10575,1.);
#10575 = DIRECTION('',(0.,0.,1.));
#10576 = PCURVE('',#4850,#10577);
#10577 = DEFINITIONAL_REPRESENTATION('',(#10578),#10581);
#10578 = B_SPLINE_CURVE_WITH_KNOTS('',1,(#10579,#10580),.UNSPECIFIED.,
  .F.,.F.,(2,2),(-2.399999999625E-06,56.0000024),
  .PIECEWISE_BEZIER_KNOTS.);
#10579 = CARTESIAN_POINT('',(0.9999976,4.5));
#10580 = CARTESIAN_POINT('',(57.0000024,4.5));
#10581 = ( GEOMETRIC_REPRESENTATION_CONTEXT(2) 
PARAMETRIC_REPRESENTATION_CONTEXT() REPRESENTATION_CONTEXT('2D SPACE',''
  ) );
#10582 = PCURVE('',#4882,#10583);
#10583 = DEFINITIONAL_REPRESENTATION('',(#10584),#10587);
#10584 = B_SPLINE_CURVE_WITH_KNOTS('',1,(#10585,#10586),.UNSPECIFIED.,
  .F.,.F.,(2,2),(0.,56.),.PIECEWISE_BEZIER_KNOTS.);
#10585 = CARTESIAN_POINT('',(4.712388980385,0.));
#10586 = CARTESIAN_POINT('',(4.712388980385,56.));
#10587 = ( GEOMETRIC_REPRESENTATION_CONTEXT(2) 
PARAMETRIC_REPRESENTATION_CONTEXT() REPRESENTATION_CONTEXT('2D SPACE',''
  ) );
#10588 = ORIENTED_EDGE('',*,*,#4832,.F.);
#10589 = FACE_BOUND('',#10590,.T.);
#10590 = EDGE_LOOP('',(#10591));
#10591 = ORIENTED_EDGE('',*,*,#10592,.T.);
#10592 = EDGE_CURVE('',#10593,#10593,#10595,.T.);
#10593 = VERTEX_POINT('',#10594);
#10594 = CARTESIAN_POINT('',(-81.25,-67.,25.));
#10595 = SURFACE_CURVE('',#10596,(#10601,#10612),.PCURVE_S1.);
#10596 = CIRCLE('',#10597,4.25);
#10597 = AXIS2_PLACEMENT_3D('',#10598,#10599,#10600);
#10598 = CARTESIAN_POINT('',(-85.5,-67.,25.));
#10599 = DIRECTION('',(0.,-1.,2.22044604925E-16));
#10600 = DIRECTION('',(1.,0.,0.));
#10601 = PCURVE('',#4850,#10602);
#10602 = DEFINITIONAL_REPRESENTATION('',(#10603),#10611);
#10603 = ( BOUNDED_CURVE() B_SPLINE_CURVE(2,(#10604,#10605,#10606,#10607
    ,#10608,#10609,#10610),.UNSPECIFIED.,.T.,.F.) 
B_SPLINE_CURVE_WITH_KNOTS((1,2,2,2,2,1),(-2.094395102393,0.,
    2.094395102393,4.188790204786,6.28318530718,8.377580409573),
.UNSPECIFIED.) CURVE() GEOMETRIC_REPRESENTATION_ITEM() 
RATIONAL_B_SPLINE_CURVE((1.,0.5,1.,0.5,1.,0.5,1.)) REPRESENTATION_ITEM(
  '') );
#10604 = CARTESIAN_POINT('',(19.,25.75));
#10605 = CARTESIAN_POINT('',(26.361215932168,25.75));
#10606 = CARTESIAN_POINT('',(22.680607966084,19.375));
#10607 = CARTESIAN_POINT('',(19.,13.));
#10608 = CARTESIAN_POINT('',(15.319392033916,19.375));
#10609 = CARTESIAN_POINT('',(11.638784067832,25.75));
#10610 = CARTESIAN_POINT('',(19.,25.75));
#10611 = ( GEOMETRIC_REPRESENTATION_CONTEXT(2) 
PARAMETRIC_REPRESENTATION_CONTEXT() REPRESENTATION_CONTEXT('2D SPACE',''
  ) );
#10612 = PCURVE('',#7805,#10613);
#10613 = DEFINITIONAL_REPRESENTATION('',(#10614),#10618);
#10614 = LINE('',#10615,#10616);
#10615 = CARTESIAN_POINT('',(0.,1.5));
#10616 = VECTOR('',#10617,1.);
#10617 = DIRECTION('',(1.,0.));
#10618 = ( GEOMETRIC_REPRESENTATION_CONTEXT(2) 
PARAMETRIC_REPRESENTATION_CONTEXT() REPRESENTATION_CONTEXT('2D SPACE',''
  ) );
#10619 = ADVANCED_FACE('',(#10620),#5052,.T.);
#10620 = FACE_BOUND('',#10621,.T.);
#10621 = EDGE_LOOP('',(#10622,#10623,#10644,#10645));
#10622 = ORIENTED_EDGE('',*,*,#5037,.F.);
#10623 = ORIENTED_EDGE('',*,*,#10624,.F.);
#10624 = EDGE_CURVE('',#7394,#5011,#10625,.T.);
#10625 = SURFACE_CURVE('',#10626,(#10630,#10637),.PCURVE_S1.);
#10626 = LINE('',#10627,#10628);
#10627 = CARTESIAN_POINT('',(107.,-62.5,7.));
#10628 = VECTOR('',#10629,1.);
#10629 = DIRECTION('',(0.,0.,1.));
#10630 = PCURVE('',#5052,#10631);
#10631 = DEFINITIONAL_REPRESENTATION('',(#10632),#10636);
#10632 = LINE('',#10633,#10634);
#10633 = CARTESIAN_POINT('',(0.,-0.));
#10634 = VECTOR('',#10635,1.);
#10635 = DIRECTION('',(0.,1.));
#10636 = ( GEOMETRIC_REPRESENTATION_CONTEXT(2) 
PARAMETRIC_REPRESENTATION_CONTEXT() REPRESENTATION_CONTEXT('2D SPACE',''
  ) );
#10637 = PCURVE('',#5026,#10638);
#10638 = DEFINITIONAL_REPRESENTATION('',(#10639),#10643);
#10639 = LINE('',#10640,#10641);
#10640 = CARTESIAN_POINT('',(1.,-4.5));
#10641 = VECTOR('',#10642,1.);
#10642 = DIRECTION('',(1.,0.));
#10643 = ( GEOMETRIC_REPRESENTATION_CONTEXT(2) 
PARAMETRIC_REPRESENTATION_CONTEXT() REPRESENTATION_CONTEXT('2D SPACE',''
  ) );
#10644 = ORIENTED_EDGE('',*,*,#7415,.T.);
#10645 = ORIENTED_EDGE('',*,*,#10550,.T.);
#10646 = ADVANCED_FACE('',(#10647),#4882,.T.);
#10647 = FACE_BOUND('',#10648,.T.);
#10648 = EDGE_LOOP('',(#10649,#10650,#10669,#10670));
#10649 = ORIENTED_EDGE('',*,*,#7277,.T.);
#10650 = ORIENTED_EDGE('',*,*,#10651,.T.);
#10651 = EDGE_CURVE('',#7278,#4862,#10652,.T.);
#10652 = SURFACE_CURVE('',#10653,(#10657,#10663),.PCURVE_S1.);
#10653 = LINE('',#10654,#10655);
#10654 = CARTESIAN_POINT('',(-107.,-62.5,7.));
#10655 = VECTOR('',#10656,1.);
#10656 = DIRECTION('',(0.,0.,1.));
#10657 = PCURVE('',#4882,#10658);
#10658 = DEFINITIONAL_REPRESENTATION('',(#10659),#10662);
#10659 = B_SPLINE_CURVE_WITH_KNOTS('',1,(#10660,#10661),.UNSPECIFIED.,
  .F.,.F.,(2,2),(0.,56.),.PIECEWISE_BEZIER_KNOTS.);
#10660 = CARTESIAN_POINT('',(9.424777960769,0.));
#10661 = CARTESIAN_POINT('',(9.424777960769,56.));
#10662 = ( GEOMETRIC_REPRESENTATION_CONTEXT(2) 
PARAMETRIC_REPRESENTATION_CONTEXT() REPRESENTATION_CONTEXT('2D SPACE',''
  ) );
#10663 = PCURVE('',#4910,#10664);
#10664 = DEFINITIONAL_REPRESENTATION('',(#10665),#10668);
#10665 = B_SPLINE_CURVE_WITH_KNOTS('',1,(#10666,#10667),.UNSPECIFIED.,
  .F.,.F.,(2,2),(-2.399999999625E-06,56.0000024),
  .PIECEWISE_BEZIER_KNOTS.);
#10666 = CARTESIAN_POINT('',(0.9999976,-4.5));
#10667 = CARTESIAN_POINT('',(57.0000024,-4.5));
#10668 = ( GEOMETRIC_REPRESENTATION_CONTEXT(2) 
PARAMETRIC_REPRESENTATION_CONTEXT() REPRESENTATION_CONTEXT('2D SPACE',''
  ) );
#10669 = ORIENTED_EDGE('',*,*,#4861,.T.);
#10670 = ORIENTED_EDGE('',*,*,#10570,.F.);
#10671 = ADVANCED_FACE('',(#10672,#10698,#10724,#10750,#10776,#10802,
    #10828,#10854,#10880,#10906,#10932,#10958,#10984,#11010,#11096),
  #5026,.F.);
#10672 = FACE_BOUND('',#10673,.F.);
#10673 = EDGE_LOOP('',(#10674,#10675,#10676,#10697));
#10674 = ORIENTED_EDGE('',*,*,#10624,.F.);
#10675 = ORIENTED_EDGE('',*,*,#7393,.T.);
#10676 = ORIENTED_EDGE('',*,*,#10677,.T.);
#10677 = EDGE_CURVE('',#7370,#4982,#10678,.T.);
#10678 = SURFACE_CURVE('',#10679,(#10683,#10690),.PCURVE_S1.);
#10679 = LINE('',#10680,#10681);
#10680 = CARTESIAN_POINT('',(107.,62.5,7.));
#10681 = VECTOR('',#10682,1.);
#10682 = DIRECTION('',(0.,0.,1.));
#10683 = PCURVE('',#5026,#10684);
#10684 = DEFINITIONAL_REPRESENTATION('',(#10685),#10689);
#10685 = LINE('',#10686,#10687);
#10686 = CARTESIAN_POINT('',(1.,-129.5));
#10687 = VECTOR('',#10688,1.);
#10688 = DIRECTION('',(1.,0.));
#10689 = ( GEOMETRIC_REPRESENTATION_CONTEXT(2) 
PARAMETRIC_REPRESENTATION_CONTEXT() REPRESENTATION_CONTEXT('2D SPACE',''
  ) );
#10690 = PCURVE('',#4998,#10691);
#10691 = DEFINITIONAL_REPRESENTATION('',(#10692),#10696);
#10692 = LINE('',#10693,#10694);
#10693 = CARTESIAN_POINT('',(6.28318530718,-0.));
#10694 = VECTOR('',#10695,1.);
#10695 = DIRECTION('',(0.,1.));
#10696 = ( GEOMETRIC_REPRESENTATION_CONTEXT(2) 
PARAMETRIC_REPRESENTATION_CONTEXT() REPRESENTATION_CONTEXT('2D SPACE',''
  ) );
#10697 = ORIENTED_EDGE('',*,*,#5010,.F.);
#10698 = FACE_BOUND('',#10699,.F.);
#10699 = EDGE_LOOP('',(#10700));
#10700 = ORIENTED_EDGE('',*,*,#10701,.F.);
#10701 = EDGE_CURVE('',#10702,#10702,#10704,.T.);
#10702 = VERTEX_POINT('',#10703);
#10703 = CARTESIAN_POINT('',(107.,46.5,26.4));
#10704 = SURFACE_CURVE('',#10705,(#10710,#10717),.PCURVE_S1.);
#10705 = CIRCLE('',#10706,1.6);
#10706 = AXIS2_PLACEMENT_3D('',#10707,#10708,#10709);
#10707 = CARTESIAN_POINT('',(107.,46.5,28.));
#10708 = DIRECTION('',(1.,0.,2.22044604925E-16));
#10709 = DIRECTION('',(2.22044604925E-16,0.,-1.));
#10710 = PCURVE('',#5026,#10711);
#10711 = DEFINITIONAL_REPRESENTATION('',(#10712),#10716);
#10712 = CIRCLE('',#10713,1.6);
#10713 = AXIS2_PLACEMENT_2D('',#10714,#10715);
#10714 = CARTESIAN_POINT('',(22.,-113.5));
#10715 = DIRECTION('',(-1.,0.));
#10716 = ( GEOMETRIC_REPRESENTATION_CONTEXT(2) 
PARAMETRIC_REPRESENTATION_CONTEXT() REPRESENTATION_CONTEXT('2D SPACE',''
  ) );
#10717 = PCURVE('',#10003,#10718);
#10718 = DEFINITIONAL_REPRESENTATION('',(#10719),#10723);
#10719 = LINE('',#10720,#10721);
#10720 = CARTESIAN_POINT('',(0.,1.5));
#10721 = VECTOR('',#10722,1.);
#10722 = DIRECTION('',(1.,0.));
#10723 = ( GEOMETRIC_REPRESENTATION_CONTEXT(2) 
PARAMETRIC_REPRESENTATION_CONTEXT() REPRESENTATION_CONTEXT('2D SPACE',''
  ) );
#10724 = FACE_BOUND('',#10725,.F.);
#10725 = EDGE_LOOP('',(#10726));
#10726 = ORIENTED_EDGE('',*,*,#10727,.F.);
#10727 = EDGE_CURVE('',#10728,#10728,#10730,.T.);
#10728 = VERTEX_POINT('',#10729);
#10729 = CARTESIAN_POINT('',(107.,31.5,26.4));
#10730 = SURFACE_CURVE('',#10731,(#10736,#10743),.PCURVE_S1.);
#10731 = CIRCLE('',#10732,1.6);
#10732 = AXIS2_PLACEMENT_3D('',#10733,#10734,#10735);
#10733 = CARTESIAN_POINT('',(107.,31.5,28.));
#10734 = DIRECTION('',(1.,0.,2.22044604925E-16));
#10735 = DIRECTION('',(2.22044604925E-16,0.,-1.));
#10736 = PCURVE('',#5026,#10737);
#10737 = DEFINITIONAL_REPRESENTATION('',(#10738),#10742);
#10738 = CIRCLE('',#10739,1.6);
#10739 = AXIS2_PLACEMENT_2D('',#10740,#10741);
#10740 = CARTESIAN_POINT('',(22.,-98.5));
#10741 = DIRECTION('',(-1.,0.));
#10742 = ( GEOMETRIC_REPRESENTATION_CONTEXT(2) 
PARAMETRIC_REPRESENTATION_CONTEXT() REPRESENTATION_CONTEXT('2D SPACE',''
  ) );
#10743 = PCURVE('',#10034,#10744);
#10744 = DEFINITIONAL_REPRESENTATION('',(#10745),#10749);
#10745 = LINE('',#10746,#10747);
#10746 = CARTESIAN_POINT('',(0.,1.5));
#10747 = VECTOR('',#10748,1.);
#10748 = DIRECTION('',(1.,0.));
#10749 = ( GEOMETRIC_REPRESENTATION_CONTEXT(2) 
PARAMETRIC_REPRESENTATION_CONTEXT() REPRESENTATION_CONTEXT('2D SPACE',''
  ) );
#10750 = FACE_BOUND('',#10751,.F.);
#10751 = EDGE_LOOP('',(#10752));
#10752 = ORIENTED_EDGE('',*,*,#10753,.F.);
#10753 = EDGE_CURVE('',#10754,#10754,#10756,.T.);
#10754 = VERTEX_POINT('',#10755);
#10755 = CARTESIAN_POINT('',(107.,20.5,26.4));
#10756 = SURFACE_CURVE('',#10757,(#10762,#10769),.PCURVE_S1.);
#10757 = CIRCLE('',#10758,1.6);
#10758 = AXIS2_PLACEMENT_3D('',#10759,#10760,#10761);
#10759 = CARTESIAN_POINT('',(107.,20.5,28.));
#10760 = DIRECTION('',(1.,0.,2.22044604925E-16));
#10761 = DIRECTION('',(2.22044604925E-16,0.,-1.));
#10762 = PCURVE('',#5026,#10763);
#10763 = DEFINITIONAL_REPRESENTATION('',(#10764),#10768);
#10764 = CIRCLE('',#10765,1.6);
#10765 = AXIS2_PLACEMENT_2D('',#10766,#10767);
#10766 = CARTESIAN_POINT('',(22.,-87.5));
#10767 = DIRECTION('',(-1.,0.));
#10768 = ( GEOMETRIC_REPRESENTATION_CONTEXT(2) 
PARAMETRIC_REPRESENTATION_CONTEXT() REPRESENTATION_CONTEXT('2D SPACE',''
  ) );
#10769 = PCURVE('',#10065,#10770);
#10770 = DEFINITIONAL_REPRESENTATION('',(#10771),#10775);
#10771 = LINE('',#10772,#10773);
#10772 = CARTESIAN_POINT('',(0.,1.5));
#10773 = VECTOR('',#10774,1.);
#10774 = DIRECTION('',(1.,0.));
#10775 = ( GEOMETRIC_REPRESENTATION_CONTEXT(2) 
PARAMETRIC_REPRESENTATION_CONTEXT() REPRESENTATION_CONTEXT('2D SPACE',''
  ) );
#10776 = FACE_BOUND('',#10777,.F.);
#10777 = EDGE_LOOP('',(#10778));
#10778 = ORIENTED_EDGE('',*,*,#10779,.F.);
#10779 = EDGE_CURVE('',#10780,#10780,#10782,.T.);
#10780 = VERTEX_POINT('',#10781);
#10781 = CARTESIAN_POINT('',(107.,5.5,26.4));
#10782 = SURFACE_CURVE('',#10783,(#10788,#10795),.PCURVE_S1.);
#10783 = CIRCLE('',#10784,1.6);
#10784 = AXIS2_PLACEMENT_3D('',#10785,#10786,#10787);
#10785 = CARTESIAN_POINT('',(107.,5.5,28.));
#10786 = DIRECTION('',(1.,0.,2.22044604925E-16));
#10787 = DIRECTION('',(2.22044604925E-16,0.,-1.));
#10788 = PCURVE('',#5026,#10789);
#10789 = DEFINITIONAL_REPRESENTATION('',(#10790),#10794);
#10790 = CIRCLE('',#10791,1.6);
#10791 = AXIS2_PLACEMENT_2D('',#10792,#10793);
#10792 = CARTESIAN_POINT('',(22.,-72.5));
#10793 = DIRECTION('',(-1.,0.));
#10794 = ( GEOMETRIC_REPRESENTATION_CONTEXT(2) 
PARAMETRIC_REPRESENTATION_CONTEXT() REPRESENTATION_CONTEXT('2D SPACE',''
  ) );
#10795 = PCURVE('',#10096,#10796);
#10796 = DEFINITIONAL_REPRESENTATION('',(#10797),#10801);
#10797 = LINE('',#10798,#10799);
#10798 = CARTESIAN_POINT('',(0.,1.5));
#10799 = VECTOR('',#10800,1.);
#10800 = DIRECTION('',(1.,0.));
#10801 = ( GEOMETRIC_REPRESENTATION_CONTEXT(2) 
PARAMETRIC_REPRESENTATION_CONTEXT() REPRESENTATION_CONTEXT('2D SPACE',''
  ) );
#10802 = FACE_BOUND('',#10803,.F.);
#10803 = EDGE_LOOP('',(#10804));
#10804 = ORIENTED_EDGE('',*,*,#10805,.F.);
#10805 = EDGE_CURVE('',#10806,#10806,#10808,.T.);
#10806 = VERTEX_POINT('',#10807);
#10807 = CARTESIAN_POINT('',(107.,39.,27.25));
#10808 = SURFACE_CURVE('',#10809,(#10814,#10821),.PCURVE_S1.);
#10809 = CIRCLE('',#10810,8.25);
#10810 = AXIS2_PLACEMENT_3D('',#10811,#10812,#10813);
#10811 = CARTESIAN_POINT('',(107.,39.,35.5));
#10812 = DIRECTION('',(1.,0.,2.22044604925E-16));
#10813 = DIRECTION('',(2.22044604925E-16,0.,-1.));
#10814 = PCURVE('',#5026,#10815);
#10815 = DEFINITIONAL_REPRESENTATION('',(#10816),#10820);
#10816 = CIRCLE('',#10817,8.25);
#10817 = AXIS2_PLACEMENT_2D('',#10818,#10819);
#10818 = CARTESIAN_POINT('',(29.5,-106.));
#10819 = DIRECTION('',(-1.,0.));
#10820 = ( GEOMETRIC_REPRESENTATION_CONTEXT(2) 
PARAMETRIC_REPRESENTATION_CONTEXT() REPRESENTATION_CONTEXT('2D SPACE',''
  ) );
#10821 = PCURVE('',#10127,#10822);
#10822 = DEFINITIONAL_REPRESENTATION('',(#10823),#10827);
#10823 = LINE('',#10824,#10825);
#10824 = CARTESIAN_POINT('',(0.,1.5));
#10825 = VECTOR('',#10826,1.);
#10826 = DIRECTION('',(1.,0.));
#10827 = ( GEOMETRIC_REPRESENTATION_CONTEXT(2) 
PARAMETRIC_REPRESENTATION_CONTEXT() REPRESENTATION_CONTEXT('2D SPACE',''
  ) );
#10828 = FACE_BOUND('',#10829,.F.);
#10829 = EDGE_LOOP('',(#10830));
#10830 = ORIENTED_EDGE('',*,*,#10831,.F.);
#10831 = EDGE_CURVE('',#10832,#10832,#10834,.T.);
#10832 = VERTEX_POINT('',#10833);
#10833 = CARTESIAN_POINT('',(107.,46.5,41.4));
#10834 = SURFACE_CURVE('',#10835,(#10840,#10847),.PCURVE_S1.);
#10835 = CIRCLE('',#10836,1.6);
#10836 = AXIS2_PLACEMENT_3D('',#10837,#10838,#10839);
#10837 = CARTESIAN_POINT('',(107.,46.5,43.));
#10838 = DIRECTION('',(1.,0.,2.22044604925E-16));
#10839 = DIRECTION('',(2.22044604925E-16,0.,-1.));
#10840 = PCURVE('',#5026,#10841);
#10841 = DEFINITIONAL_REPRESENTATION('',(#10842),#10846);
#10842 = CIRCLE('',#10843,1.6);
#10843 = AXIS2_PLACEMENT_2D('',#10844,#10845);
#10844 = CARTESIAN_POINT('',(37.,-113.5));
#10845 = DIRECTION('',(-1.,0.));
#10846 = ( GEOMETRIC_REPRESENTATION_CONTEXT(2) 
PARAMETRIC_REPRESENTATION_CONTEXT() REPRESENTATION_CONTEXT('2D SPACE',''
  ) );
#10847 = PCURVE('',#10158,#10848);
#10848 = DEFINITIONAL_REPRESENTATION('',(#10849),#10853);
#10849 = LINE('',#10850,#10851);
#10850 = CARTESIAN_POINT('',(0.,1.5));
#10851 = VECTOR('',#10852,1.);
#10852 = DIRECTION('',(1.,0.));
#10853 = ( GEOMETRIC_REPRESENTATION_CONTEXT(2) 
PARAMETRIC_REPRESENTATION_CONTEXT() REPRESENTATION_CONTEXT('2D SPACE',''
  ) );
#10854 = FACE_BOUND('',#10855,.F.);
#10855 = EDGE_LOOP('',(#10856));
#10856 = ORIENTED_EDGE('',*,*,#10857,.F.);
#10857 = EDGE_CURVE('',#10858,#10858,#10860,.T.);
#10858 = VERTEX_POINT('',#10859);
#10859 = CARTESIAN_POINT('',(107.,31.5,41.4));
#10860 = SURFACE_CURVE('',#10861,(#10866,#10873),.PCURVE_S1.);
#10861 = CIRCLE('',#10862,1.6);
#10862 = AXIS2_PLACEMENT_3D('',#10863,#10864,#10865);
#10863 = CARTESIAN_POINT('',(107.,31.5,43.));
#10864 = DIRECTION('',(1.,0.,2.22044604925E-16));
#10865 = DIRECTION('',(2.22044604925E-16,0.,-1.));
#10866 = PCURVE('',#5026,#10867);
#10867 = DEFINITIONAL_REPRESENTATION('',(#10868),#10872);
#10868 = CIRCLE('',#10869,1.6);
#10869 = AXIS2_PLACEMENT_2D('',#10870,#10871);
#10870 = CARTESIAN_POINT('',(37.,-98.5));
#10871 = DIRECTION('',(-1.,0.));
#10872 = ( GEOMETRIC_REPRESENTATION_CONTEXT(2) 
PARAMETRIC_REPRESENTATION_CONTEXT() REPRESENTATION_CONTEXT('2D SPACE',''
  ) );
#10873 = PCURVE('',#10189,#10874);
#10874 = DEFINITIONAL_REPRESENTATION('',(#10875),#10879);
#10875 = LINE('',#10876,#10877);
#10876 = CARTESIAN_POINT('',(0.,1.5));
#10877 = VECTOR('',#10878,1.);
#10878 = DIRECTION('',(1.,0.));
#10879 = ( GEOMETRIC_REPRESENTATION_CONTEXT(2) 
PARAMETRIC_REPRESENTATION_CONTEXT() REPRESENTATION_CONTEXT('2D SPACE',''
  ) );
#10880 = FACE_BOUND('',#10881,.F.);
#10881 = EDGE_LOOP('',(#10882));
#10882 = ORIENTED_EDGE('',*,*,#10883,.F.);
#10883 = EDGE_CURVE('',#10884,#10884,#10886,.T.);
#10884 = VERTEX_POINT('',#10885);
#10885 = CARTESIAN_POINT('',(107.,13.,27.25));
#10886 = SURFACE_CURVE('',#10887,(#10892,#10899),.PCURVE_S1.);
#10887 = CIRCLE('',#10888,8.25);
#10888 = AXIS2_PLACEMENT_3D('',#10889,#10890,#10891);
#10889 = CARTESIAN_POINT('',(107.,13.,35.5));
#10890 = DIRECTION('',(1.,0.,2.22044604925E-16));
#10891 = DIRECTION('',(2.22044604925E-16,0.,-1.));
#10892 = PCURVE('',#5026,#10893);
#10893 = DEFINITIONAL_REPRESENTATION('',(#10894),#10898);
#10894 = CIRCLE('',#10895,8.25);
#10895 = AXIS2_PLACEMENT_2D('',#10896,#10897);
#10896 = CARTESIAN_POINT('',(29.5,-80.));
#10897 = DIRECTION('',(-1.,0.));
#10898 = ( GEOMETRIC_REPRESENTATION_CONTEXT(2) 
PARAMETRIC_REPRESENTATION_CONTEXT() REPRESENTATION_CONTEXT('2D SPACE',''
  ) );
#10899 = PCURVE('',#10220,#10900);
#10900 = DEFINITIONAL_REPRESENTATION('',(#10901),#10905);
#10901 = LINE('',#10902,#10903);
#10902 = CARTESIAN_POINT('',(0.,1.5));
#10903 = VECTOR('',#10904,1.);
#10904 = DIRECTION('',(1.,0.));
#10905 = ( GEOMETRIC_REPRESENTATION_CONTEXT(2) 
PARAMETRIC_REPRESENTATION_CONTEXT() REPRESENTATION_CONTEXT('2D SPACE',''
  ) );
#10906 = FACE_BOUND('',#10907,.F.);
#10907 = EDGE_LOOP('',(#10908));
#10908 = ORIENTED_EDGE('',*,*,#10909,.F.);
#10909 = EDGE_CURVE('',#10910,#10910,#10912,.T.);
#10910 = VERTEX_POINT('',#10911);
#10911 = CARTESIAN_POINT('',(107.,20.5,41.4));
#10912 = SURFACE_CURVE('',#10913,(#10918,#10925),.PCURVE_S1.);
#10913 = CIRCLE('',#10914,1.6);
#10914 = AXIS2_PLACEMENT_3D('',#10915,#10916,#10917);
#10915 = CARTESIAN_POINT('',(107.,20.5,43.));
#10916 = DIRECTION('',(1.,0.,2.22044604925E-16));
#10917 = DIRECTION('',(2.22044604925E-16,0.,-1.));
#10918 = PCURVE('',#5026,#10919);
#10919 = DEFINITIONAL_REPRESENTATION('',(#10920),#10924);
#10920 = CIRCLE('',#10921,1.6);
#10921 = AXIS2_PLACEMENT_2D('',#10922,#10923);
#10922 = CARTESIAN_POINT('',(37.,-87.5));
#10923 = DIRECTION('',(-1.,0.));
#10924 = ( GEOMETRIC_REPRESENTATION_CONTEXT(2) 
PARAMETRIC_REPRESENTATION_CONTEXT() REPRESENTATION_CONTEXT('2D SPACE',''
  ) );
#10925 = PCURVE('',#10251,#10926);
#10926 = DEFINITIONAL_REPRESENTATION('',(#10927),#10931);
#10927 = LINE('',#10928,#10929);
#10928 = CARTESIAN_POINT('',(0.,1.5));
#10929 = VECTOR('',#10930,1.);
#10930 = DIRECTION('',(1.,0.));
#10931 = ( GEOMETRIC_REPRESENTATION_CONTEXT(2) 
PARAMETRIC_REPRESENTATION_CONTEXT() REPRESENTATION_CONTEXT('2D SPACE',''
  ) );
#10932 = FACE_BOUND('',#10933,.F.);
#10933 = EDGE_LOOP('',(#10934));
#10934 = ORIENTED_EDGE('',*,*,#10935,.F.);
#10935 = EDGE_CURVE('',#10936,#10936,#10938,.T.);
#10936 = VERTEX_POINT('',#10937);
#10937 = CARTESIAN_POINT('',(107.,5.5,41.4));
#10938 = SURFACE_CURVE('',#10939,(#10944,#10951),.PCURVE_S1.);
#10939 = CIRCLE('',#10940,1.6);
#10940 = AXIS2_PLACEMENT_3D('',#10941,#10942,#10943);
#10941 = CARTESIAN_POINT('',(107.,5.5,43.));
#10942 = DIRECTION('',(1.,0.,2.22044604925E-16));
#10943 = DIRECTION('',(2.22044604925E-16,0.,-1.));
#10944 = PCURVE('',#5026,#10945);
#10945 = DEFINITIONAL_REPRESENTATION('',(#10946),#10950);
#10946 = CIRCLE('',#10947,1.6);
#10947 = AXIS2_PLACEMENT_2D('',#10948,#10949);
#10948 = CARTESIAN_POINT('',(37.,-72.5));
#10949 = DIRECTION('',(-1.,0.));
#10950 = ( GEOMETRIC_REPRESENTATION_CONTEXT(2) 
PARAMETRIC_REPRESENTATION_CONTEXT() REPRESENTATION_CONTEXT('2D SPACE',''
  ) );
#10951 = PCURVE('',#10282,#10952);
#10952 = DEFINITIONAL_REPRESENTATION('',(#10953),#10957);
#10953 = LINE('',#10954,#10955);
#10954 = CARTESIAN_POINT('',(0.,1.5));
#10955 = VECTOR('',#10956,1.);
#10956 = DIRECTION('',(1.,0.));
#10957 = ( GEOMETRIC_REPRESENTATION_CONTEXT(2) 
PARAMETRIC_REPRESENTATION_CONTEXT() REPRESENTATION_CONTEXT('2D SPACE',''
  ) );
#10958 = FACE_BOUND('',#10959,.F.);
#10959 = EDGE_LOOP('',(#10960));
#10960 = ORIENTED_EDGE('',*,*,#10961,.F.);
#10961 = EDGE_CURVE('',#10962,#10962,#10964,.T.);
#10962 = VERTEX_POINT('',#10963);
#10963 = CARTESIAN_POINT('',(107.,-42.,19.4));
#10964 = SURFACE_CURVE('',#10965,(#10970,#10977),.PCURVE_S1.);
#10965 = CIRCLE('',#10966,1.6);
#10966 = AXIS2_PLACEMENT_3D('',#10967,#10968,#10969);
#10967 = CARTESIAN_POINT('',(107.,-42.,21.));
#10968 = DIRECTION('',(1.,0.,2.22044604925E-16));
#10969 = DIRECTION('',(2.22044604925E-16,0.,-1.));
#10970 = PCURVE('',#5026,#10971);
#10971 = DEFINITIONAL_REPRESENTATION('',(#10972),#10976);
#10972 = CIRCLE('',#10973,1.6);
#10973 = AXIS2_PLACEMENT_2D('',#10974,#10975);
#10974 = CARTESIAN_POINT('',(15.,-25.));
#10975 = DIRECTION('',(-1.,0.));
#10976 = ( GEOMETRIC_REPRESENTATION_CONTEXT(2) 
PARAMETRIC_REPRESENTATION_CONTEXT() REPRESENTATION_CONTEXT('2D SPACE',''
  ) );
#10977 = PCURVE('',#10313,#10978);
#10978 = DEFINITIONAL_REPRESENTATION('',(#10979),#10983);
#10979 = LINE('',#10980,#10981);
#10980 = CARTESIAN_POINT('',(0.,1.5));
#10981 = VECTOR('',#10982,1.);
#10982 = DIRECTION('',(1.,0.));
#10983 = ( GEOMETRIC_REPRESENTATION_CONTEXT(2) 
PARAMETRIC_REPRESENTATION_CONTEXT() REPRESENTATION_CONTEXT('2D SPACE',''
  ) );
#10984 = FACE_BOUND('',#10985,.F.);
#10985 = EDGE_LOOP('',(#10986));
#10986 = ORIENTED_EDGE('',*,*,#10987,.F.);
#10987 = EDGE_CURVE('',#10988,#10988,#10990,.T.);
#10988 = VERTEX_POINT('',#10989);
#10989 = CARTESIAN_POINT('',(107.,-14.,25.25));
#10990 = SURFACE_CURVE('',#10991,(#10996,#11003),.PCURVE_S1.);
#10991 = CIRCLE('',#10992,10.25);
#10992 = AXIS2_PLACEMENT_3D('',#10993,#10994,#10995);
#10993 = CARTESIAN_POINT('',(107.,-14.,35.5));
#10994 = DIRECTION('',(1.,0.,2.22044604925E-16));
#10995 = DIRECTION('',(2.22044604925E-16,0.,-1.));
#10996 = PCURVE('',#5026,#10997);
#10997 = DEFINITIONAL_REPRESENTATION('',(#10998),#11002);
#10998 = CIRCLE('',#10999,10.25);
#10999 = AXIS2_PLACEMENT_2D('',#11000,#11001);
#11000 = CARTESIAN_POINT('',(29.5,-53.));
#11001 = DIRECTION('',(-1.,0.));
#11002 = ( GEOMETRIC_REPRESENTATION_CONTEXT(2) 
PARAMETRIC_REPRESENTATION_CONTEXT() REPRESENTATION_CONTEXT('2D SPACE',''
  ) );
#11003 = PCURVE('',#10344,#11004);
#11004 = DEFINITIONAL_REPRESENTATION('',(#11005),#11009);
#11005 = LINE('',#11006,#11007);
#11006 = CARTESIAN_POINT('',(0.,1.5));
#11007 = VECTOR('',#11008,1.);
#11008 = DIRECTION('',(1.,0.));
#11009 = ( GEOMETRIC_REPRESENTATION_CONTEXT(2) 
PARAMETRIC_REPRESENTATION_CONTEXT() REPRESENTATION_CONTEXT('2D SPACE',''
  ) );
#11010 = FACE_BOUND('',#11011,.F.);
#11011 = EDGE_LOOP('',(#11012,#11035,#11056,#11077));
#11012 = ORIENTED_EDGE('',*,*,#11013,.T.);
#11013 = EDGE_CURVE('',#11014,#11016,#11018,.T.);
#11014 = VERTEX_POINT('',#11015);
#11015 = CARTESIAN_POINT('',(107.,-36.,24.5));
#11016 = VERTEX_POINT('',#11017);
#11017 = CARTESIAN_POINT('',(107.,-48.,24.5));
#11018 = SURFACE_CURVE('',#11019,(#11023,#11029),.PCURVE_S1.);
#11019 = LINE('',#11020,#11021);
#11020 = CARTESIAN_POINT('',(107.,-57.5,24.5));
#11021 = VECTOR('',#11022,1.);
#11022 = DIRECTION('',(0.,-1.,0.));
#11023 = PCURVE('',#5026,#11024);
#11024 = DEFINITIONAL_REPRESENTATION('',(#11025),#11028);
#11025 = B_SPLINE_CURVE_WITH_KNOTS('',1,(#11026,#11027),.UNSPECIFIED.,
  .F.,.F.,(2,2),(-21.5,-9.5),.PIECEWISE_BEZIER_KNOTS.);
#11026 = CARTESIAN_POINT('',(18.5,-31.));
#11027 = CARTESIAN_POINT('',(18.5,-19.));
#11028 = ( GEOMETRIC_REPRESENTATION_CONTEXT(2) 
PARAMETRIC_REPRESENTATION_CONTEXT() REPRESENTATION_CONTEXT('2D SPACE',''
  ) );
#11029 = PCURVE('',#10375,#11030);
#11030 = DEFINITIONAL_REPRESENTATION('',(#11031),#11034);
#11031 = B_SPLINE_CURVE_WITH_KNOTS('',1,(#11032,#11033),.UNSPECIFIED.,
  .F.,.F.,(2,2),(-21.5,-9.5),.PIECEWISE_BEZIER_KNOTS.);
#11032 = CARTESIAN_POINT('',(2.,12.));
#11033 = CARTESIAN_POINT('',(2.,0.));
#11034 = ( GEOMETRIC_REPRESENTATION_CONTEXT(2) 
PARAMETRIC_REPRESENTATION_CONTEXT() REPRESENTATION_CONTEXT('2D SPACE',''
  ) );
#11035 = ORIENTED_EDGE('',*,*,#11036,.T.);
#11036 = EDGE_CURVE('',#11016,#11037,#11039,.T.);
#11037 = VERTEX_POINT('',#11038);
#11038 = CARTESIAN_POINT('',(107.,-48.,46.5));
#11039 = SURFACE_CURVE('',#11040,(#11044,#11050),.PCURVE_S1.);
#11040 = LINE('',#11041,#11042);
#11041 = CARTESIAN_POINT('',(107.,-48.,15.25));
#11042 = VECTOR('',#11043,1.);
#11043 = DIRECTION('',(0.,0.,1.));
#11044 = PCURVE('',#5026,#11045);
#11045 = DEFINITIONAL_REPRESENTATION('',(#11046),#11049);
#11046 = B_SPLINE_CURVE_WITH_KNOTS('',1,(#11047,#11048),.UNSPECIFIED.,
  .F.,.F.,(2,2),(9.25,31.25),.PIECEWISE_BEZIER_KNOTS.);
#11047 = CARTESIAN_POINT('',(18.5,-19.));
#11048 = CARTESIAN_POINT('',(40.5,-19.));
#11049 = ( GEOMETRIC_REPRESENTATION_CONTEXT(2) 
PARAMETRIC_REPRESENTATION_CONTEXT() REPRESENTATION_CONTEXT('2D SPACE',''
  ) );
#11050 = PCURVE('',#10401,#11051);
#11051 = DEFINITIONAL_REPRESENTATION('',(#11052),#11055);
#11052 = B_SPLINE_CURVE_WITH_KNOTS('',1,(#11053,#11054),.UNSPECIFIED.,
  .F.,.F.,(2,2),(9.25,31.25),.PIECEWISE_BEZIER_KNOTS.);
#11053 = CARTESIAN_POINT('',(0.,2.));
#11054 = CARTESIAN_POINT('',(22.,2.));
#11055 = ( GEOMETRIC_REPRESENTATION_CONTEXT(2) 
PARAMETRIC_REPRESENTATION_CONTEXT() REPRESENTATION_CONTEXT('2D SPACE',''
  ) );
#11056 = ORIENTED_EDGE('',*,*,#11057,.F.);
#11057 = EDGE_CURVE('',#11058,#11037,#11060,.T.);
#11058 = VERTEX_POINT('',#11059);
#11059 = CARTESIAN_POINT('',(107.,-36.,46.5));
#11060 = SURFACE_CURVE('',#11061,(#11065,#11071),.PCURVE_S1.);
#11061 = LINE('',#11062,#11063);
#11062 = CARTESIAN_POINT('',(107.,-57.5,46.5));
#11063 = VECTOR('',#11064,1.);
#11064 = DIRECTION('',(0.,-1.,0.));
#11065 = PCURVE('',#5026,#11066);
#11066 = DEFINITIONAL_REPRESENTATION('',(#11067),#11070);
#11067 = B_SPLINE_CURVE_WITH_KNOTS('',1,(#11068,#11069),.UNSPECIFIED.,
  .F.,.F.,(2,2),(-21.5,-9.5),.PIECEWISE_BEZIER_KNOTS.);
#11068 = CARTESIAN_POINT('',(40.5,-31.));
#11069 = CARTESIAN_POINT('',(40.5,-19.));
#11070 = ( GEOMETRIC_REPRESENTATION_CONTEXT(2) 
PARAMETRIC_REPRESENTATION_CONTEXT() REPRESENTATION_CONTEXT('2D SPACE',''
  ) );
#11071 = PCURVE('',#10427,#11072);
#11072 = DEFINITIONAL_REPRESENTATION('',(#11073),#11076);
#11073 = B_SPLINE_CURVE_WITH_KNOTS('',1,(#11074,#11075),.UNSPECIFIED.,
  .F.,.F.,(2,2),(-21.5,-9.5),.PIECEWISE_BEZIER_KNOTS.);
#11074 = CARTESIAN_POINT('',(2.,12.));
#11075 = CARTESIAN_POINT('',(2.,0.));
#11076 = ( GEOMETRIC_REPRESENTATION_CONTEXT(2) 
PARAMETRIC_REPRESENTATION_CONTEXT() REPRESENTATION_CONTEXT('2D SPACE',''
  ) );
#11077 = ORIENTED_EDGE('',*,*,#11078,.F.);
#11078 = EDGE_CURVE('',#11014,#11058,#11079,.T.);
#11079 = SURFACE_CURVE('',#11080,(#11084,#11090),.PCURVE_S1.);
#11080 = LINE('',#11081,#11082);
#11081 = CARTESIAN_POINT('',(107.,-36.,15.25));
#11082 = VECTOR('',#11083,1.);
#11083 = DIRECTION('',(0.,0.,1.));
#11084 = PCURVE('',#5026,#11085);
#11085 = DEFINITIONAL_REPRESENTATION('',(#11086),#11089);
#11086 = B_SPLINE_CURVE_WITH_KNOTS('',1,(#11087,#11088),.UNSPECIFIED.,
  .F.,.F.,(2,2),(9.25,31.25),.PIECEWISE_BEZIER_KNOTS.);
#11087 = CARTESIAN_POINT('',(18.5,-31.));
#11088 = CARTESIAN_POINT('',(40.5,-31.));
#11089 = ( GEOMETRIC_REPRESENTATION_CONTEXT(2) 
PARAMETRIC_REPRESENTATION_CONTEXT() REPRESENTATION_CONTEXT('2D SPACE',''
  ) );
#11090 = PCURVE('',#10451,#11091);
#11091 = DEFINITIONAL_REPRESENTATION('',(#11092),#11095);
#11092 = B_SPLINE_CURVE_WITH_KNOTS('',1,(#11093,#11094),.UNSPECIFIED.,
  .F.,.F.,(2,2),(9.25,31.25),.PIECEWISE_BEZIER_KNOTS.);
#11093 = CARTESIAN_POINT('',(0.,2.));
#11094 = CARTESIAN_POINT('',(22.,2.));
#11095 = ( GEOMETRIC_REPRESENTATION_CONTEXT(2) 
PARAMETRIC_REPRESENTATION_CONTEXT() REPRESENTATION_CONTEXT('2D SPACE',''
  ) );
#11096 = FACE_BOUND('',#11097,.F.);
#11097 = EDGE_LOOP('',(#11098));
#11098 = ORIENTED_EDGE('',*,*,#11099,.F.);
#11099 = EDGE_CURVE('',#11100,#11100,#11102,.T.);
#11100 = VERTEX_POINT('',#11101);
#11101 = CARTESIAN_POINT('',(107.,-42.,48.4));
#11102 = SURFACE_CURVE('',#11103,(#11108,#11115),.PCURVE_S1.);
#11103 = CIRCLE('',#11104,1.6);
#11104 = AXIS2_PLACEMENT_3D('',#11105,#11106,#11107);
#11105 = CARTESIAN_POINT('',(107.,-42.,50.));
#11106 = DIRECTION('',(1.,0.,2.22044604925E-16));
#11107 = DIRECTION('',(2.22044604925E-16,0.,-1.));
#11108 = PCURVE('',#5026,#11109);
#11109 = DEFINITIONAL_REPRESENTATION('',(#11110),#11114);
#11110 = CIRCLE('',#11111,1.6);
#11111 = AXIS2_PLACEMENT_2D('',#11112,#11113);
#11112 = CARTESIAN_POINT('',(44.,-25.));
#11113 = DIRECTION('',(-1.,0.));
#11114 = ( GEOMETRIC_REPRESENTATION_CONTEXT(2) 
PARAMETRIC_REPRESENTATION_CONTEXT() REPRESENTATION_CONTEXT('2D SPACE',''
  ) );
#11115 = PCURVE('',#10481,#11116);
#11116 = DEFINITIONAL_REPRESENTATION('',(#11117),#11121);
#11117 = LINE('',#11118,#11119);
#11118 = CARTESIAN_POINT('',(0.,1.5));
#11119 = VECTOR('',#11120,1.);
#11120 = DIRECTION('',(1.,0.));
#11121 = ( GEOMETRIC_REPRESENTATION_CONTEXT(2) 
PARAMETRIC_REPRESENTATION_CONTEXT() REPRESENTATION_CONTEXT('2D SPACE',''
  ) );
#11122 = ADVANCED_FACE('',(#11123,#11147),#4910,.T.);
#11123 = FACE_BOUND('',#11124,.T.);
#11124 = EDGE_LOOP('',(#11125,#11126,#11127,#11146));
#11125 = ORIENTED_EDGE('',*,*,#10651,.F.);
#11126 = ORIENTED_EDGE('',*,*,#7301,.T.);
#11127 = ORIENTED_EDGE('',*,*,#11128,.T.);
#11128 = EDGE_CURVE('',#7302,#4895,#11129,.T.);
#11129 = SURFACE_CURVE('',#11130,(#11134,#11140),.PCURVE_S1.);
#11130 = LINE('',#11131,#11132);
#11131 = CARTESIAN_POINT('',(-107.,62.5,7.));
#11132 = VECTOR('',#11133,1.);
#11133 = DIRECTION('',(0.,0.,1.));
#11134 = PCURVE('',#4910,#11135);
#11135 = DEFINITIONAL_REPRESENTATION('',(#11136),#11139);
#11136 = B_SPLINE_CURVE_WITH_KNOTS('',1,(#11137,#11138),.UNSPECIFIED.,
  .F.,.F.,(2,2),(-2.399999999625E-06,56.0000024),
  .PIECEWISE_BEZIER_KNOTS.);
#11137 = CARTESIAN_POINT('',(0.9999976,-129.5));
#11138 = CARTESIAN_POINT('',(57.0000024,-129.5));
#11139 = ( GEOMETRIC_REPRESENTATION_CONTEXT(2) 
PARAMETRIC_REPRESENTATION_CONTEXT() REPRESENTATION_CONTEXT('2D SPACE',''
  ) );
#11140 = PCURVE('',#4942,#11141);
#11141 = DEFINITIONAL_REPRESENTATION('',(#11142),#11145);
#11142 = B_SPLINE_CURVE_WITH_KNOTS('',1,(#11143,#11144),.UNSPECIFIED.,
  .F.,.F.,(2,2),(0.,56.),.PIECEWISE_BEZIER_KNOTS.);
#11143 = CARTESIAN_POINT('',(3.14159265359,0.));
#11144 = CARTESIAN_POINT('',(3.14159265359,56.));
#11145 = ( GEOMETRIC_REPRESENTATION_CONTEXT(2) 
PARAMETRIC_REPRESENTATION_CONTEXT() REPRESENTATION_CONTEXT('2D SPACE',''
  ) );
#11146 = ORIENTED_EDGE('',*,*,#4894,.F.);
#11147 = FACE_BOUND('',#11148,.T.);
#11148 = EDGE_LOOP('',(#11149));
#11149 = ORIENTED_EDGE('',*,*,#7519,.F.);
#11150 = ADVANCED_FACE('',(#11151),#4998,.T.);
#11151 = FACE_BOUND('',#11152,.T.);
#11152 = EDGE_LOOP('',(#11153,#11154,#11155,#11174));
#11153 = ORIENTED_EDGE('',*,*,#10677,.T.);
#11154 = ORIENTED_EDGE('',*,*,#4981,.F.);
#11155 = ORIENTED_EDGE('',*,*,#11156,.F.);
#11156 = EDGE_CURVE('',#7348,#4955,#11157,.T.);
#11157 = SURFACE_CURVE('',#11158,(#11162,#11168),.PCURVE_S1.);
#11158 = LINE('',#11159,#11160);
#11159 = CARTESIAN_POINT('',(102.5,67.,7.));
#11160 = VECTOR('',#11161,1.);
#11161 = DIRECTION('',(0.,0.,1.));
#11162 = PCURVE('',#4998,#11163);
#11163 = DEFINITIONAL_REPRESENTATION('',(#11164),#11167);
#11164 = B_SPLINE_CURVE_WITH_KNOTS('',1,(#11165,#11166),.UNSPECIFIED.,
  .F.,.F.,(2,2),(-2.399999999625E-06,56.0000024),
  .PIECEWISE_BEZIER_KNOTS.);
#11165 = CARTESIAN_POINT('',(1.570796326795,-2.399999999625E-06));
#11166 = CARTESIAN_POINT('',(1.570796326795,56.0000024));
#11167 = ( GEOMETRIC_REPRESENTATION_CONTEXT(2) 
PARAMETRIC_REPRESENTATION_CONTEXT() REPRESENTATION_CONTEXT('2D SPACE',''
  ) );
#11168 = PCURVE('',#4970,#11169);
#11169 = DEFINITIONAL_REPRESENTATION('',(#11170),#11173);
#11170 = B_SPLINE_CURVE_WITH_KNOTS('',1,(#11171,#11172),.UNSPECIFIED.,
  .F.,.F.,(2,2),(-2.399999999625E-06,56.0000024),
  .PIECEWISE_BEZIER_KNOTS.);
#11171 = CARTESIAN_POINT('',(0.9999976,209.5));
#11172 = CARTESIAN_POINT('',(57.0000024,209.5));
#11173 = ( GEOMETRIC_REPRESENTATION_CONTEXT(2) 
PARAMETRIC_REPRESENTATION_CONTEXT() REPRESENTATION_CONTEXT('2D SPACE',''
  ) );
#11174 = ORIENTED_EDGE('',*,*,#7369,.T.);
#11175 = ADVANCED_FACE('',(#11176),#4942,.T.);
#11176 = FACE_BOUND('',#11177,.T.);
#11177 = EDGE_LOOP('',(#11178,#11179,#11180,#11181));
#11178 = ORIENTED_EDGE('',*,*,#4921,.T.);
#11179 = ORIENTED_EDGE('',*,*,#11128,.F.);
#11180 = ORIENTED_EDGE('',*,*,#7323,.T.);
#11181 = ORIENTED_EDGE('',*,*,#11182,.T.);
#11182 = EDGE_CURVE('',#7324,#4922,#11183,.T.);
#11183 = SURFACE_CURVE('',#11184,(#11188,#11194),.PCURVE_S1.);
#11184 = LINE('',#11185,#11186);
#11185 = CARTESIAN_POINT('',(-102.5,67.,7.));
#11186 = VECTOR('',#11187,1.);
#11187 = DIRECTION('',(0.,0.,1.));
#11188 = PCURVE('',#4942,#11189);
#11189 = DEFINITIONAL_REPRESENTATION('',(#11190),#11193);
#11190 = B_SPLINE_CURVE_WITH_KNOTS('',1,(#11191,#11192),.UNSPECIFIED.,
  .F.,.F.,(2,2),(0.,56.),.PIECEWISE_BEZIER_KNOTS.);
#11191 = CARTESIAN_POINT('',(7.853981633974,0.));
#11192 = CARTESIAN_POINT('',(7.853981633974,56.));
#11193 = ( GEOMETRIC_REPRESENTATION_CONTEXT(2) 
PARAMETRIC_REPRESENTATION_CONTEXT() REPRESENTATION_CONTEXT('2D SPACE',''
  ) );
#11194 = PCURVE('',#4970,#11195);
#11195 = DEFINITIONAL_REPRESENTATION('',(#11196),#11199);
#11196 = B_SPLINE_CURVE_WITH_KNOTS('',1,(#11197,#11198),.UNSPECIFIED.,
  .F.,.F.,(2,2),(-2.399999999625E-06,56.0000024),
  .PIECEWISE_BEZIER_KNOTS.);
#11197 = CARTESIAN_POINT('',(0.9999976,4.5));
#11198 = CARTESIAN_POINT('',(57.0000024,4.5));
#11199 = ( GEOMETRIC_REPRESENTATION_CONTEXT(2) 
PARAMETRIC_REPRESENTATION_CONTEXT() REPRESENTATION_CONTEXT('2D SPACE',''
  ) );
#11200 = ADVANCED_FACE('',(#11201),#4970,.F.);
#11201 = FACE_BOUND('',#11202,.F.);
#11202 = EDGE_LOOP('',(#11203,#11204,#11205,#11206));
#11203 = ORIENTED_EDGE('',*,*,#11156,.F.);
#11204 = ORIENTED_EDGE('',*,*,#7347,.T.);
#11205 = ORIENTED_EDGE('',*,*,#11182,.T.);
#11206 = ORIENTED_EDGE('',*,*,#4954,.F.);
#11207 = ADVANCED_FACE('',(#11208),#5083,.F.);
#11208 = FACE_BOUND('',#11209,.F.);
#11209 = EDGE_LOOP('',(#11210,#11211,#11232,#11233));
#11210 = ORIENTED_EDGE('',*,*,#5066,.F.);
#11211 = ORIENTED_EDGE('',*,*,#11212,.F.);
#11212 = EDGE_CURVE('',#7440,#5067,#11213,.T.);
#11213 = SEAM_CURVE('',#11214,(#11218,#11225),.PCURVE_S1.);
#11214 = LINE('',#11215,#11216);
#11215 = CARTESIAN_POINT('',(-100.85,62.5,6.));
#11216 = VECTOR('',#11217,1.);
#11217 = DIRECTION('',(0.,0.,1.));
#11218 = PCURVE('',#5083,#11219);
#11219 = DEFINITIONAL_REPRESENTATION('',(#11220),#11224);
#11220 = LINE('',#11221,#11222);
#11221 = CARTESIAN_POINT('',(6.28318530718,-0.));
#11222 = VECTOR('',#11223,1.);
#11223 = DIRECTION('',(0.,1.));
#11224 = ( GEOMETRIC_REPRESENTATION_CONTEXT(2) 
PARAMETRIC_REPRESENTATION_CONTEXT() REPRESENTATION_CONTEXT('2D SPACE',''
  ) );
#11225 = PCURVE('',#5083,#11226);
#11226 = DEFINITIONAL_REPRESENTATION('',(#11227),#11231);
#11227 = LINE('',#11228,#11229);
#11228 = CARTESIAN_POINT('',(0.,-0.));
#11229 = VECTOR('',#11230,1.);
#11230 = DIRECTION('',(0.,1.));
#11231 = ( GEOMETRIC_REPRESENTATION_CONTEXT(2) 
PARAMETRIC_REPRESENTATION_CONTEXT() REPRESENTATION_CONTEXT('2D SPACE',''
  ) );
#11232 = ORIENTED_EDGE('',*,*,#7439,.T.);
#11233 = ORIENTED_EDGE('',*,*,#11212,.T.);
#11234 = ADVANCED_FACE('',(#11235),#5114,.F.);
#11235 = FACE_BOUND('',#11236,.F.);
#11236 = EDGE_LOOP('',(#11237,#11238,#11259,#11260));
#11237 = ORIENTED_EDGE('',*,*,#5097,.F.);
#11238 = ORIENTED_EDGE('',*,*,#11239,.F.);
#11239 = EDGE_CURVE('',#7466,#5098,#11240,.T.);
#11240 = SEAM_CURVE('',#11241,(#11245,#11252),.PCURVE_S1.);
#11241 = LINE('',#11242,#11243);
#11242 = CARTESIAN_POINT('',(104.15,62.5,6.));
#11243 = VECTOR('',#11244,1.);
#11244 = DIRECTION('',(0.,0.,1.));
#11245 = PCURVE('',#5114,#11246);
#11246 = DEFINITIONAL_REPRESENTATION('',(#11247),#11251);
#11247 = LINE('',#11248,#11249);
#11248 = CARTESIAN_POINT('',(6.28318530718,-0.));
#11249 = VECTOR('',#11250,1.);
#11250 = DIRECTION('',(0.,1.));
#11251 = ( GEOMETRIC_REPRESENTATION_CONTEXT(2) 
PARAMETRIC_REPRESENTATION_CONTEXT() REPRESENTATION_CONTEXT('2D SPACE',''
  ) );
#11252 = PCURVE('',#5114,#11253);
#11253 = DEFINITIONAL_REPRESENTATION('',(#11254),#11258);
#11254 = LINE('',#11255,#11256);
#11255 = CARTESIAN_POINT('',(0.,-0.));
#11256 = VECTOR('',#11257,1.);
#11257 = DIRECTION('',(0.,1.));
#11258 = ( GEOMETRIC_REPRESENTATION_CONTEXT(2) 
PARAMETRIC_REPRESENTATION_CONTEXT() REPRESENTATION_CONTEXT('2D SPACE',''
  ) );
#11259 = ORIENTED_EDGE('',*,*,#7465,.T.);
#11260 = ORIENTED_EDGE('',*,*,#11239,.T.);
#11261 = ADVANCED_FACE('',(#11262),#7805,.F.);
#11262 = FACE_BOUND('',#11263,.F.);
#11263 = EDGE_LOOP('',(#11264,#11265,#11286,#11287));
#11264 = ORIENTED_EDGE('',*,*,#7784,.F.);
#11265 = ORIENTED_EDGE('',*,*,#11266,.F.);
#11266 = EDGE_CURVE('',#10593,#7785,#11267,.T.);
#11267 = SEAM_CURVE('',#11268,(#11272,#11279),.PCURVE_S1.);
#11268 = LINE('',#11269,#11270);
#11269 = CARTESIAN_POINT('',(-81.25,-65.5,25.));
#11270 = VECTOR('',#11271,1.);
#11271 = DIRECTION('',(0.,-1.,2.22044604925E-16));
#11272 = PCURVE('',#7805,#11273);
#11273 = DEFINITIONAL_REPRESENTATION('',(#11274),#11278);
#11274 = LINE('',#11275,#11276);
#11275 = CARTESIAN_POINT('',(6.28318530718,-0.));
#11276 = VECTOR('',#11277,1.);
#11277 = DIRECTION('',(0.,1.));
#11278 = ( GEOMETRIC_REPRESENTATION_CONTEXT(2) 
PARAMETRIC_REPRESENTATION_CONTEXT() REPRESENTATION_CONTEXT('2D SPACE',''
  ) );
#11279 = PCURVE('',#7805,#11280);
#11280 = DEFINITIONAL_REPRESENTATION('',(#11281),#11285);
#11281 = LINE('',#11282,#11283);
#11282 = CARTESIAN_POINT('',(0.,-0.));
#11283 = VECTOR('',#11284,1.);
#11284 = DIRECTION('',(0.,1.));
#11285 = ( GEOMETRIC_REPRESENTATION_CONTEXT(2) 
PARAMETRIC_REPRESENTATION_CONTEXT() REPRESENTATION_CONTEXT('2D SPACE',''
  ) );
#11286 = ORIENTED_EDGE('',*,*,#10592,.T.);
#11287 = ORIENTED_EDGE('',*,*,#11266,.T.);
#11288 = ADVANCED_FACE('',(#11289),#10003,.F.);
#11289 = FACE_BOUND('',#11290,.F.);
#11290 = EDGE_LOOP('',(#11291,#11292,#11313,#11314));
#11291 = ORIENTED_EDGE('',*,*,#9986,.F.);
#11292 = ORIENTED_EDGE('',*,*,#11293,.F.);
#11293 = EDGE_CURVE('',#10702,#9987,#11294,.T.);
#11294 = SEAM_CURVE('',#11295,(#11299,#11306),.PCURVE_S1.);
#11295 = LINE('',#11296,#11297);
#11296 = CARTESIAN_POINT('',(105.5,46.5,26.4));
#11297 = VECTOR('',#11298,1.);
#11298 = DIRECTION('',(1.,0.,2.22044604925E-16));
#11299 = PCURVE('',#10003,#11300);
#11300 = DEFINITIONAL_REPRESENTATION('',(#11301),#11305);
#11301 = LINE('',#11302,#11303);
#11302 = CARTESIAN_POINT('',(6.28318530718,-0.));
#11303 = VECTOR('',#11304,1.);
#11304 = DIRECTION('',(0.,1.));
#11305 = ( GEOMETRIC_REPRESENTATION_CONTEXT(2) 
PARAMETRIC_REPRESENTATION_CONTEXT() REPRESENTATION_CONTEXT('2D SPACE',''
  ) );
#11306 = PCURVE('',#10003,#11307);
#11307 = DEFINITIONAL_REPRESENTATION('',(#11308),#11312);
#11308 = LINE('',#11309,#11310);
#11309 = CARTESIAN_POINT('',(0.,-0.));
#11310 = VECTOR('',#11311,1.);
#11311 = DIRECTION('',(0.,1.));
#11312 = ( GEOMETRIC_REPRESENTATION_CONTEXT(2) 
PARAMETRIC_REPRESENTATION_CONTEXT() REPRESENTATION_CONTEXT('2D SPACE',''
  ) );
#11313 = ORIENTED_EDGE('',*,*,#10701,.T.);
#11314 = ORIENTED_EDGE('',*,*,#11293,.T.);
#11315 = ADVANCED_FACE('',(#11316),#10034,.F.);
#11316 = FACE_BOUND('',#11317,.F.);
#11317 = EDGE_LOOP('',(#11318,#11319,#11340,#11341));
#11318 = ORIENTED_EDGE('',*,*,#10017,.F.);
#11319 = ORIENTED_EDGE('',*,*,#11320,.F.);
#11320 = EDGE_CURVE('',#10728,#10018,#11321,.T.);
#11321 = SEAM_CURVE('',#11322,(#11326,#11333),.PCURVE_S1.);
#11322 = LINE('',#11323,#11324);
#11323 = CARTESIAN_POINT('',(105.5,31.5,26.4));
#11324 = VECTOR('',#11325,1.);
#11325 = DIRECTION('',(1.,0.,2.22044604925E-16));
#11326 = PCURVE('',#10034,#11327);
#11327 = DEFINITIONAL_REPRESENTATION('',(#11328),#11332);
#11328 = LINE('',#11329,#11330);
#11329 = CARTESIAN_POINT('',(6.28318530718,-0.));
#11330 = VECTOR('',#11331,1.);
#11331 = DIRECTION('',(0.,1.));
#11332 = ( GEOMETRIC_REPRESENTATION_CONTEXT(2) 
PARAMETRIC_REPRESENTATION_CONTEXT() REPRESENTATION_CONTEXT('2D SPACE',''
  ) );
#11333 = PCURVE('',#10034,#11334);
#11334 = DEFINITIONAL_REPRESENTATION('',(#11335),#11339);
#11335 = LINE('',#11336,#11337);
#11336 = CARTESIAN_POINT('',(0.,-0.));
#11337 = VECTOR('',#11338,1.);
#11338 = DIRECTION('',(0.,1.));
#11339 = ( GEOMETRIC_REPRESENTATION_CONTEXT(2) 
PARAMETRIC_REPRESENTATION_CONTEXT() REPRESENTATION_CONTEXT('2D SPACE',''
  ) );
#11340 = ORIENTED_EDGE('',*,*,#10727,.T.);
#11341 = ORIENTED_EDGE('',*,*,#11320,.T.);
#11342 = ADVANCED_FACE('',(#11343),#10065,.F.);
#11343 = FACE_BOUND('',#11344,.F.);
#11344 = EDGE_LOOP('',(#11345,#11346,#11367,#11368));
#11345 = ORIENTED_EDGE('',*,*,#10048,.F.);
#11346 = ORIENTED_EDGE('',*,*,#11347,.F.);
#11347 = EDGE_CURVE('',#10754,#10049,#11348,.T.);
#11348 = SEAM_CURVE('',#11349,(#11353,#11360),.PCURVE_S1.);
#11349 = LINE('',#11350,#11351);
#11350 = CARTESIAN_POINT('',(105.5,20.5,26.4));
#11351 = VECTOR('',#11352,1.);
#11352 = DIRECTION('',(1.,0.,2.22044604925E-16));
#11353 = PCURVE('',#10065,#11354);
#11354 = DEFINITIONAL_REPRESENTATION('',(#11355),#11359);
#11355 = LINE('',#11356,#11357);
#11356 = CARTESIAN_POINT('',(6.28318530718,-0.));
#11357 = VECTOR('',#11358,1.);
#11358 = DIRECTION('',(0.,1.));
#11359 = ( GEOMETRIC_REPRESENTATION_CONTEXT(2) 
PARAMETRIC_REPRESENTATION_CONTEXT() REPRESENTATION_CONTEXT('2D SPACE',''
  ) );
#11360 = PCURVE('',#10065,#11361);
#11361 = DEFINITIONAL_REPRESENTATION('',(#11362),#11366);
#11362 = LINE('',#11363,#11364);
#11363 = CARTESIAN_POINT('',(0.,-0.));
#11364 = VECTOR('',#11365,1.);
#11365 = DIRECTION('',(0.,1.));
#11366 = ( GEOMETRIC_REPRESENTATION_CONTEXT(2) 
PARAMETRIC_REPRESENTATION_CONTEXT() REPRESENTATION_CONTEXT('2D SPACE',''
  ) );
#11367 = ORIENTED_EDGE('',*,*,#10753,.T.);
#11368 = ORIENTED_EDGE('',*,*,#11347,.T.);
#11369 = ADVANCED_FACE('',(#11370),#10096,.F.);
#11370 = FACE_BOUND('',#11371,.F.);
#11371 = EDGE_LOOP('',(#11372,#11373,#11394,#11395));
#11372 = ORIENTED_EDGE('',*,*,#10079,.F.);
#11373 = ORIENTED_EDGE('',*,*,#11374,.F.);
#11374 = EDGE_CURVE('',#10780,#10080,#11375,.T.);
#11375 = SEAM_CURVE('',#11376,(#11380,#11387),.PCURVE_S1.);
#11376 = LINE('',#11377,#11378);
#11377 = CARTESIAN_POINT('',(105.5,5.5,26.4));
#11378 = VECTOR('',#11379,1.);
#11379 = DIRECTION('',(1.,0.,2.22044604925E-16));
#11380 = PCURVE('',#10096,#11381);
#11381 = DEFINITIONAL_REPRESENTATION('',(#11382),#11386);
#11382 = LINE('',#11383,#11384);
#11383 = CARTESIAN_POINT('',(6.28318530718,-0.));
#11384 = VECTOR('',#11385,1.);
#11385 = DIRECTION('',(0.,1.));
#11386 = ( GEOMETRIC_REPRESENTATION_CONTEXT(2) 
PARAMETRIC_REPRESENTATION_CONTEXT() REPRESENTATION_CONTEXT('2D SPACE',''
  ) );
#11387 = PCURVE('',#10096,#11388);
#11388 = DEFINITIONAL_REPRESENTATION('',(#11389),#11393);
#11389 = LINE('',#11390,#11391);
#11390 = CARTESIAN_POINT('',(0.,-0.));
#11391 = VECTOR('',#11392,1.);
#11392 = DIRECTION('',(0.,1.));
#11393 = ( GEOMETRIC_REPRESENTATION_CONTEXT(2) 
PARAMETRIC_REPRESENTATION_CONTEXT() REPRESENTATION_CONTEXT('2D SPACE',''
  ) );
#11394 = ORIENTED_EDGE('',*,*,#10779,.T.);
#11395 = ORIENTED_EDGE('',*,*,#11374,.T.);
#11396 = ADVANCED_FACE('',(#11397),#10127,.F.);
#11397 = FACE_BOUND('',#11398,.F.);
#11398 = EDGE_LOOP('',(#11399,#11400,#11421,#11422));
#11399 = ORIENTED_EDGE('',*,*,#10110,.F.);
#11400 = ORIENTED_EDGE('',*,*,#11401,.F.);
#11401 = EDGE_CURVE('',#10806,#10111,#11402,.T.);
#11402 = SEAM_CURVE('',#11403,(#11407,#11414),.PCURVE_S1.);
#11403 = LINE('',#11404,#11405);
#11404 = CARTESIAN_POINT('',(105.5,39.,27.25));
#11405 = VECTOR('',#11406,1.);
#11406 = DIRECTION('',(1.,0.,2.22044604925E-16));
#11407 = PCURVE('',#10127,#11408);
#11408 = DEFINITIONAL_REPRESENTATION('',(#11409),#11413);
#11409 = LINE('',#11410,#11411);
#11410 = CARTESIAN_POINT('',(6.28318530718,-0.));
#11411 = VECTOR('',#11412,1.);
#11412 = DIRECTION('',(0.,1.));
#11413 = ( GEOMETRIC_REPRESENTATION_CONTEXT(2) 
PARAMETRIC_REPRESENTATION_CONTEXT() REPRESENTATION_CONTEXT('2D SPACE',''
  ) );
#11414 = PCURVE('',#10127,#11415);
#11415 = DEFINITIONAL_REPRESENTATION('',(#11416),#11420);
#11416 = LINE('',#11417,#11418);
#11417 = CARTESIAN_POINT('',(0.,-0.));
#11418 = VECTOR('',#11419,1.);
#11419 = DIRECTION('',(0.,1.));
#11420 = ( GEOMETRIC_REPRESENTATION_CONTEXT(2) 
PARAMETRIC_REPRESENTATION_CONTEXT() REPRESENTATION_CONTEXT('2D SPACE',''
  ) );
#11421 = ORIENTED_EDGE('',*,*,#10805,.T.);
#11422 = ORIENTED_EDGE('',*,*,#11401,.T.);
#11423 = ADVANCED_FACE('',(#11424),#10158,.F.);
#11424 = FACE_BOUND('',#11425,.F.);
#11425 = EDGE_LOOP('',(#11426,#11427,#11448,#11449));
#11426 = ORIENTED_EDGE('',*,*,#10141,.F.);
#11427 = ORIENTED_EDGE('',*,*,#11428,.F.);
#11428 = EDGE_CURVE('',#10832,#10142,#11429,.T.);
#11429 = SEAM_CURVE('',#11430,(#11434,#11441),.PCURVE_S1.);
#11430 = LINE('',#11431,#11432);
#11431 = CARTESIAN_POINT('',(105.5,46.5,41.4));
#11432 = VECTOR('',#11433,1.);
#11433 = DIRECTION('',(1.,0.,2.22044604925E-16));
#11434 = PCURVE('',#10158,#11435);
#11435 = DEFINITIONAL_REPRESENTATION('',(#11436),#11440);
#11436 = LINE('',#11437,#11438);
#11437 = CARTESIAN_POINT('',(6.28318530718,-0.));
#11438 = VECTOR('',#11439,1.);
#11439 = DIRECTION('',(0.,1.));
#11440 = ( GEOMETRIC_REPRESENTATION_CONTEXT(2) 
PARAMETRIC_REPRESENTATION_CONTEXT() REPRESENTATION_CONTEXT('2D SPACE',''
  ) );
#11441 = PCURVE('',#10158,#11442);
#11442 = DEFINITIONAL_REPRESENTATION('',(#11443),#11447);
#11443 = LINE('',#11444,#11445);
#11444 = CARTESIAN_POINT('',(0.,-0.));
#11445 = VECTOR('',#11446,1.);
#11446 = DIRECTION('',(0.,1.));
#11447 = ( GEOMETRIC_REPRESENTATION_CONTEXT(2) 
PARAMETRIC_REPRESENTATION_CONTEXT() REPRESENTATION_CONTEXT('2D SPACE',''
  ) );
#11448 = ORIENTED_EDGE('',*,*,#10831,.T.);
#11449 = ORIENTED_EDGE('',*,*,#11428,.T.);
#11450 = ADVANCED_FACE('',(#11451),#10189,.F.);
#11451 = FACE_BOUND('',#11452,.F.);
#11452 = EDGE_LOOP('',(#11453,#11454,#11475,#11476));
#11453 = ORIENTED_EDGE('',*,*,#10172,.F.);
#11454 = ORIENTED_EDGE('',*,*,#11455,.F.);
#11455 = EDGE_CURVE('',#10858,#10173,#11456,.T.);
#11456 = SEAM_CURVE('',#11457,(#11461,#11468),.PCURVE_S1.);
#11457 = LINE('',#11458,#11459);
#11458 = CARTESIAN_POINT('',(105.5,31.5,41.4));
#11459 = VECTOR('',#11460,1.);
#11460 = DIRECTION('',(1.,0.,2.22044604925E-16));
#11461 = PCURVE('',#10189,#11462);
#11462 = DEFINITIONAL_REPRESENTATION('',(#11463),#11467);
#11463 = LINE('',#11464,#11465);
#11464 = CARTESIAN_POINT('',(6.28318530718,-0.));
#11465 = VECTOR('',#11466,1.);
#11466 = DIRECTION('',(0.,1.));
#11467 = ( GEOMETRIC_REPRESENTATION_CONTEXT(2) 
PARAMETRIC_REPRESENTATION_CONTEXT() REPRESENTATION_CONTEXT('2D SPACE',''
  ) );
#11468 = PCURVE('',#10189,#11469);
#11469 = DEFINITIONAL_REPRESENTATION('',(#11470),#11474);
#11470 = LINE('',#11471,#11472);
#11471 = CARTESIAN_POINT('',(0.,-0.));
#11472 = VECTOR('',#11473,1.);
#11473 = DIRECTION('',(0.,1.));
#11474 = ( GEOMETRIC_REPRESENTATION_CONTEXT(2) 
PARAMETRIC_REPRESENTATION_CONTEXT() REPRESENTATION_CONTEXT('2D SPACE',''
  ) );
#11475 = ORIENTED_EDGE('',*,*,#10857,.T.);
#11476 = ORIENTED_EDGE('',*,*,#11455,.T.);
#11477 = ADVANCED_FACE('',(#11478),#10220,.F.);
#11478 = FACE_BOUND('',#11479,.F.);
#11479 = EDGE_LOOP('',(#11480,#11481,#11502,#11503));
#11480 = ORIENTED_EDGE('',*,*,#10203,.F.);
#11481 = ORIENTED_EDGE('',*,*,#11482,.F.);
#11482 = EDGE_CURVE('',#10884,#10204,#11483,.T.);
#11483 = SEAM_CURVE('',#11484,(#11488,#11495),.PCURVE_S1.);
#11484 = LINE('',#11485,#11486);
#11485 = CARTESIAN_POINT('',(105.5,13.,27.25));
#11486 = VECTOR('',#11487,1.);
#11487 = DIRECTION('',(1.,0.,2.22044604925E-16));
#11488 = PCURVE('',#10220,#11489);
#11489 = DEFINITIONAL_REPRESENTATION('',(#11490),#11494);
#11490 = LINE('',#11491,#11492);
#11491 = CARTESIAN_POINT('',(6.28318530718,-0.));
#11492 = VECTOR('',#11493,1.);
#11493 = DIRECTION('',(0.,1.));
#11494 = ( GEOMETRIC_REPRESENTATION_CONTEXT(2) 
PARAMETRIC_REPRESENTATION_CONTEXT() REPRESENTATION_CONTEXT('2D SPACE',''
  ) );
#11495 = PCURVE('',#10220,#11496);
#11496 = DEFINITIONAL_REPRESENTATION('',(#11497),#11501);
#11497 = LINE('',#11498,#11499);
#11498 = CARTESIAN_POINT('',(0.,-0.));
#11499 = VECTOR('',#11500,1.);
#11500 = DIRECTION('',(0.,1.));
#11501 = ( GEOMETRIC_REPRESENTATION_CONTEXT(2) 
PARAMETRIC_REPRESENTATION_CONTEXT() REPRESENTATION_CONTEXT('2D SPACE',''
  ) );
#11502 = ORIENTED_EDGE('',*,*,#10883,.T.);
#11503 = ORIENTED_EDGE('',*,*,#11482,.T.);
#11504 = ADVANCED_FACE('',(#11505),#10251,.F.);
#11505 = FACE_BOUND('',#11506,.F.);
#11506 = EDGE_LOOP('',(#11507,#11508,#11529,#11530));
#11507 = ORIENTED_EDGE('',*,*,#10234,.F.);
#11508 = ORIENTED_EDGE('',*,*,#11509,.F.);
#11509 = EDGE_CURVE('',#10910,#10235,#11510,.T.);
#11510 = SEAM_CURVE('',#11511,(#11515,#11522),.PCURVE_S1.);
#11511 = LINE('',#11512,#11513);
#11512 = CARTESIAN_POINT('',(105.5,20.5,41.4));
#11513 = VECTOR('',#11514,1.);
#11514 = DIRECTION('',(1.,0.,2.22044604925E-16));
#11515 = PCURVE('',#10251,#11516);
#11516 = DEFINITIONAL_REPRESENTATION('',(#11517),#11521);
#11517 = LINE('',#11518,#11519);
#11518 = CARTESIAN_POINT('',(6.28318530718,-0.));
#11519 = VECTOR('',#11520,1.);
#11520 = DIRECTION('',(0.,1.));
#11521 = ( GEOMETRIC_REPRESENTATION_CONTEXT(2) 
PARAMETRIC_REPRESENTATION_CONTEXT() REPRESENTATION_CONTEXT('2D SPACE',''
  ) );
#11522 = PCURVE('',#10251,#11523);
#11523 = DEFINITIONAL_REPRESENTATION('',(#11524),#11528);
#11524 = LINE('',#11525,#11526);
#11525 = CARTESIAN_POINT('',(0.,-0.));
#11526 = VECTOR('',#11527,1.);
#11527 = DIRECTION('',(0.,1.));
#11528 = ( GEOMETRIC_REPRESENTATION_CONTEXT(2) 
PARAMETRIC_REPRESENTATION_CONTEXT() REPRESENTATION_CONTEXT('2D SPACE',''
  ) );
#11529 = ORIENTED_EDGE('',*,*,#10909,.T.);
#11530 = ORIENTED_EDGE('',*,*,#11509,.T.);
#11531 = ADVANCED_FACE('',(#11532),#10282,.F.);
#11532 = FACE_BOUND('',#11533,.F.);
#11533 = EDGE_LOOP('',(#11534,#11535,#11556,#11557));
#11534 = ORIENTED_EDGE('',*,*,#10265,.F.);
#11535 = ORIENTED_EDGE('',*,*,#11536,.F.);
#11536 = EDGE_CURVE('',#10936,#10266,#11537,.T.);
#11537 = SEAM_CURVE('',#11538,(#11542,#11549),.PCURVE_S1.);
#11538 = LINE('',#11539,#11540);
#11539 = CARTESIAN_POINT('',(105.5,5.5,41.4));
#11540 = VECTOR('',#11541,1.);
#11541 = DIRECTION('',(1.,0.,2.22044604925E-16));
#11542 = PCURVE('',#10282,#11543);
#11543 = DEFINITIONAL_REPRESENTATION('',(#11544),#11548);
#11544 = LINE('',#11545,#11546);
#11545 = CARTESIAN_POINT('',(6.28318530718,-0.));
#11546 = VECTOR('',#11547,1.);
#11547 = DIRECTION('',(0.,1.));
#11548 = ( GEOMETRIC_REPRESENTATION_CONTEXT(2) 
PARAMETRIC_REPRESENTATION_CONTEXT() REPRESENTATION_CONTEXT('2D SPACE',''
  ) );
#11549 = PCURVE('',#10282,#11550);
#11550 = DEFINITIONAL_REPRESENTATION('',(#11551),#11555);
#11551 = LINE('',#11552,#11553);
#11552 = CARTESIAN_POINT('',(0.,-0.));
#11553 = VECTOR('',#11554,1.);
#11554 = DIRECTION('',(0.,1.));
#11555 = ( GEOMETRIC_REPRESENTATION_CONTEXT(2) 
PARAMETRIC_REPRESENTATION_CONTEXT() REPRESENTATION_CONTEXT('2D SPACE',''
  ) );
#11556 = ORIENTED_EDGE('',*,*,#10935,.T.);
#11557 = ORIENTED_EDGE('',*,*,#11536,.T.);
#11558 = ADVANCED_FACE('',(#11559),#10313,.F.);
#11559 = FACE_BOUND('',#11560,.F.);
#11560 = EDGE_LOOP('',(#11561,#11562,#11583,#11584));
#11561 = ORIENTED_EDGE('',*,*,#10296,.F.);
#11562 = ORIENTED_EDGE('',*,*,#11563,.F.);
#11563 = EDGE_CURVE('',#10962,#10297,#11564,.T.);
#11564 = SEAM_CURVE('',#11565,(#11569,#11576),.PCURVE_S1.);
#11565 = LINE('',#11566,#11567);
#11566 = CARTESIAN_POINT('',(105.5,-42.,19.4));
#11567 = VECTOR('',#11568,1.);
#11568 = DIRECTION('',(1.,0.,2.22044604925E-16));
#11569 = PCURVE('',#10313,#11570);
#11570 = DEFINITIONAL_REPRESENTATION('',(#11571),#11575);
#11571 = LINE('',#11572,#11573);
#11572 = CARTESIAN_POINT('',(6.28318530718,-0.));
#11573 = VECTOR('',#11574,1.);
#11574 = DIRECTION('',(0.,1.));
#11575 = ( GEOMETRIC_REPRESENTATION_CONTEXT(2) 
PARAMETRIC_REPRESENTATION_CONTEXT() REPRESENTATION_CONTEXT('2D SPACE',''
  ) );
#11576 = PCURVE('',#10313,#11577);
#11577 = DEFINITIONAL_REPRESENTATION('',(#11578),#11582);
#11578 = LINE('',#11579,#11580);
#11579 = CARTESIAN_POINT('',(0.,-0.));
#11580 = VECTOR('',#11581,1.);
#11581 = DIRECTION('',(0.,1.));
#11582 = ( GEOMETRIC_REPRESENTATION_CONTEXT(2) 
PARAMETRIC_REPRESENTATION_CONTEXT() REPRESENTATION_CONTEXT('2D SPACE',''
  ) );
#11583 = ORIENTED_EDGE('',*,*,#10961,.T.);
#11584 = ORIENTED_EDGE('',*,*,#11563,.T.);
#11585 = ADVANCED_FACE('',(#11586),#10344,.F.);
#11586 = FACE_BOUND('',#11587,.F.);
#11587 = EDGE_LOOP('',(#11588,#11589,#11610,#11611));
#11588 = ORIENTED_EDGE('',*,*,#10327,.F.);
#11589 = ORIENTED_EDGE('',*,*,#11590,.F.);
#11590 = EDGE_CURVE('',#10988,#10328,#11591,.T.);
#11591 = SEAM_CURVE('',#11592,(#11596,#11603),.PCURVE_S1.);
#11592 = LINE('',#11593,#11594);
#11593 = CARTESIAN_POINT('',(105.5,-14.,25.25));
#11594 = VECTOR('',#11595,1.);
#11595 = DIRECTION('',(1.,0.,2.22044604925E-16));
#11596 = PCURVE('',#10344,#11597);
#11597 = DEFINITIONAL_REPRESENTATION('',(#11598),#11602);
#11598 = LINE('',#11599,#11600);
#11599 = CARTESIAN_POINT('',(6.28318530718,-0.));
#11600 = VECTOR('',#11601,1.);
#11601 = DIRECTION('',(0.,1.));
#11602 = ( GEOMETRIC_REPRESENTATION_CONTEXT(2) 
PARAMETRIC_REPRESENTATION_CONTEXT() REPRESENTATION_CONTEXT('2D SPACE',''
  ) );
#11603 = PCURVE('',#10344,#11604);
#11604 = DEFINITIONAL_REPRESENTATION('',(#11605),#11609);
#11605 = LINE('',#11606,#11607);
#11606 = CARTESIAN_POINT('',(0.,-0.));
#11607 = VECTOR('',#11608,1.);
#11608 = DIRECTION('',(0.,1.));
#11609 = ( GEOMETRIC_REPRESENTATION_CONTEXT(2) 
PARAMETRIC_REPRESENTATION_CONTEXT() REPRESENTATION_CONTEXT('2D SPACE',''
  ) );
#11610 = ORIENTED_EDGE('',*,*,#10987,.T.);
#11611 = ORIENTED_EDGE('',*,*,#11590,.T.);
#11612 = ADVANCED_FACE('',(#11613),#10375,.T.);
#11613 = FACE_BOUND('',#11614,.T.);
#11614 = EDGE_LOOP('',(#11615,#11636,#11637,#11658));
#11615 = ORIENTED_EDGE('',*,*,#11616,.F.);
#11616 = EDGE_CURVE('',#11014,#10359,#11617,.T.);
#11617 = SURFACE_CURVE('',#11618,(#11622,#11629),.PCURVE_S1.);
#11618 = LINE('',#11619,#11620);
#11619 = CARTESIAN_POINT('',(105.,-36.,24.5));
#11620 = VECTOR('',#11621,1.);
#11621 = DIRECTION('',(1.,0.,-0.));
#11622 = PCURVE('',#10375,#11623);
#11623 = DEFINITIONAL_REPRESENTATION('',(#11624),#11628);
#11624 = LINE('',#11625,#11626);
#11625 = CARTESIAN_POINT('',(0.,12.));
#11626 = VECTOR('',#11627,1.);
#11627 = DIRECTION('',(1.,0.));
#11628 = ( GEOMETRIC_REPRESENTATION_CONTEXT(2) 
PARAMETRIC_REPRESENTATION_CONTEXT() REPRESENTATION_CONTEXT('2D SPACE',''
  ) );
#11629 = PCURVE('',#10451,#11630);
#11630 = DEFINITIONAL_REPRESENTATION('',(#11631),#11635);
#11631 = LINE('',#11632,#11633);
#11632 = CARTESIAN_POINT('',(0.,0.));
#11633 = VECTOR('',#11634,1.);
#11634 = DIRECTION('',(0.,1.));
#11635 = ( GEOMETRIC_REPRESENTATION_CONTEXT(2) 
PARAMETRIC_REPRESENTATION_CONTEXT() REPRESENTATION_CONTEXT('2D SPACE',''
  ) );
#11636 = ORIENTED_EDGE('',*,*,#11013,.T.);
#11637 = ORIENTED_EDGE('',*,*,#11638,.T.);
#11638 = EDGE_CURVE('',#11016,#10361,#11639,.T.);
#11639 = SURFACE_CURVE('',#11640,(#11644,#11651),.PCURVE_S1.);
#11640 = LINE('',#11641,#11642);
#11641 = CARTESIAN_POINT('',(105.,-48.,24.5));
#11642 = VECTOR('',#11643,1.);
#11643 = DIRECTION('',(1.,0.,-0.));
#11644 = PCURVE('',#10375,#11645);
#11645 = DEFINITIONAL_REPRESENTATION('',(#11646),#11650);
#11646 = LINE('',#11647,#11648);
#11647 = CARTESIAN_POINT('',(0.,0.));
#11648 = VECTOR('',#11649,1.);
#11649 = DIRECTION('',(1.,0.));
#11650 = ( GEOMETRIC_REPRESENTATION_CONTEXT(2) 
PARAMETRIC_REPRESENTATION_CONTEXT() REPRESENTATION_CONTEXT('2D SPACE',''
  ) );
#11651 = PCURVE('',#10401,#11652);
#11652 = DEFINITIONAL_REPRESENTATION('',(#11653),#11657);
#11653 = LINE('',#11654,#11655);
#11654 = CARTESIAN_POINT('',(0.,0.));
#11655 = VECTOR('',#11656,1.);
#11656 = DIRECTION('',(0.,1.));
#11657 = ( GEOMETRIC_REPRESENTATION_CONTEXT(2) 
PARAMETRIC_REPRESENTATION_CONTEXT() REPRESENTATION_CONTEXT('2D SPACE',''
  ) );
#11658 = ORIENTED_EDGE('',*,*,#10358,.F.);
#11659 = ADVANCED_FACE('',(#11660),#10451,.F.);
#11660 = FACE_BOUND('',#11661,.F.);
#11661 = EDGE_LOOP('',(#11662,#11663,#11664,#11685));
#11662 = ORIENTED_EDGE('',*,*,#11616,.F.);
#11663 = ORIENTED_EDGE('',*,*,#11078,.T.);
#11664 = ORIENTED_EDGE('',*,*,#11665,.T.);
#11665 = EDGE_CURVE('',#11058,#10413,#11666,.T.);
#11666 = SURFACE_CURVE('',#11667,(#11671,#11678),.PCURVE_S1.);
#11667 = LINE('',#11668,#11669);
#11668 = CARTESIAN_POINT('',(105.,-36.,46.5));
#11669 = VECTOR('',#11670,1.);
#11670 = DIRECTION('',(1.,0.,-0.));
#11671 = PCURVE('',#10451,#11672);
#11672 = DEFINITIONAL_REPRESENTATION('',(#11673),#11677);
#11673 = LINE('',#11674,#11675);
#11674 = CARTESIAN_POINT('',(22.,0.));
#11675 = VECTOR('',#11676,1.);
#11676 = DIRECTION('',(0.,1.));
#11677 = ( GEOMETRIC_REPRESENTATION_CONTEXT(2) 
PARAMETRIC_REPRESENTATION_CONTEXT() REPRESENTATION_CONTEXT('2D SPACE',''
  ) );
#11678 = PCURVE('',#10427,#11679);
#11679 = DEFINITIONAL_REPRESENTATION('',(#11680),#11684);
#11680 = LINE('',#11681,#11682);
#11681 = CARTESIAN_POINT('',(0.,12.));
#11682 = VECTOR('',#11683,1.);
#11683 = DIRECTION('',(1.,0.));
#11684 = ( GEOMETRIC_REPRESENTATION_CONTEXT(2) 
PARAMETRIC_REPRESENTATION_CONTEXT() REPRESENTATION_CONTEXT('2D SPACE',''
  ) );
#11685 = ORIENTED_EDGE('',*,*,#10438,.F.);
#11686 = ADVANCED_FACE('',(#11687),#10401,.T.);
#11687 = FACE_BOUND('',#11688,.T.);
#11688 = EDGE_LOOP('',(#11689,#11690,#11691,#11712));
#11689 = ORIENTED_EDGE('',*,*,#11638,.F.);
#11690 = ORIENTED_EDGE('',*,*,#11036,.T.);
#11691 = ORIENTED_EDGE('',*,*,#11692,.T.);
#11692 = EDGE_CURVE('',#11037,#10387,#11693,.T.);
#11693 = SURFACE_CURVE('',#11694,(#11698,#11705),.PCURVE_S1.);
#11694 = LINE('',#11695,#11696);
#11695 = CARTESIAN_POINT('',(105.,-48.,46.5));
#11696 = VECTOR('',#11697,1.);
#11697 = DIRECTION('',(1.,0.,-0.));
#11698 = PCURVE('',#10401,#11699);
#11699 = DEFINITIONAL_REPRESENTATION('',(#11700),#11704);
#11700 = LINE('',#11701,#11702);
#11701 = CARTESIAN_POINT('',(22.,0.));
#11702 = VECTOR('',#11703,1.);
#11703 = DIRECTION('',(0.,1.));
#11704 = ( GEOMETRIC_REPRESENTATION_CONTEXT(2) 
PARAMETRIC_REPRESENTATION_CONTEXT() REPRESENTATION_CONTEXT('2D SPACE',''
  ) );
#11705 = PCURVE('',#10427,#11706);
#11706 = DEFINITIONAL_REPRESENTATION('',(#11707),#11711);
#11707 = LINE('',#11708,#11709);
#11708 = CARTESIAN_POINT('',(0.,0.));
#11709 = VECTOR('',#11710,1.);
#11710 = DIRECTION('',(1.,0.));
#11711 = ( GEOMETRIC_REPRESENTATION_CONTEXT(2) 
PARAMETRIC_REPRESENTATION_CONTEXT() REPRESENTATION_CONTEXT('2D SPACE',''
  ) );
#11712 = ORIENTED_EDGE('',*,*,#10386,.F.);
#11713 = ADVANCED_FACE('',(#11714),#10427,.F.);
#11714 = FACE_BOUND('',#11715,.F.);
#11715 = EDGE_LOOP('',(#11716,#11717,#11718,#11719));
#11716 = ORIENTED_EDGE('',*,*,#11665,.F.);
#11717 = ORIENTED_EDGE('',*,*,#11057,.T.);
#11718 = ORIENTED_EDGE('',*,*,#11692,.T.);
#11719 = ORIENTED_EDGE('',*,*,#10412,.F.);
#11720 = ADVANCED_FACE('',(#11721),#10481,.F.);
#11721 = FACE_BOUND('',#11722,.F.);
#11722 = EDGE_LOOP('',(#11723,#11724,#11745,#11746));
#11723 = ORIENTED_EDGE('',*,*,#10464,.F.);
#11724 = ORIENTED_EDGE('',*,*,#11725,.F.);
#11725 = EDGE_CURVE('',#11100,#10465,#11726,.T.);
#11726 = SEAM_CURVE('',#11727,(#11731,#11738),.PCURVE_S1.);
#11727 = LINE('',#11728,#11729);
#11728 = CARTESIAN_POINT('',(105.5,-42.,48.4));
#11729 = VECTOR('',#11730,1.);
#11730 = DIRECTION('',(1.,0.,2.22044604925E-16));
#11731 = PCURVE('',#10481,#11732);
#11732 = DEFINITIONAL_REPRESENTATION('',(#11733),#11737);
#11733 = LINE('',#11734,#11735);
#11734 = CARTESIAN_POINT('',(6.28318530718,-0.));
#11735 = VECTOR('',#11736,1.);
#11736 = DIRECTION('',(0.,1.));
#11737 = ( GEOMETRIC_REPRESENTATION_CONTEXT(2) 
PARAMETRIC_REPRESENTATION_CONTEXT() REPRESENTATION_CONTEXT('2D SPACE',''
  ) );
#11738 = PCURVE('',#10481,#11739);
#11739 = DEFINITIONAL_REPRESENTATION('',(#11740),#11744);
#11740 = LINE('',#11741,#11742);
#11741 = CARTESIAN_POINT('',(0.,-0.));
#11742 = VECTOR('',#11743,1.);
#11743 = DIRECTION('',(0.,1.));
#11744 = ( GEOMETRIC_REPRESENTATION_CONTEXT(2) 
PARAMETRIC_REPRESENTATION_CONTEXT() REPRESENTATION_CONTEXT('2D SPACE',''
  ) );
#11745 = ORIENTED_EDGE('',*,*,#11099,.T.);
#11746 = ORIENTED_EDGE('',*,*,#11725,.T.);
#11747 = MANIFOLD_SOLID_BREP('',#11748);
#11748 = CLOSED_SHELL('',(#11749,#11869,#11945,#12344,#12393,#12718,
    #12725,#12752,#12779,#12806,#12849,#12874,#12899,#12924,#12949,
    #12974,#12999,#13006));
#11749 = ADVANCED_FACE('',(#11750),#11764,.F.);
#11750 = FACE_BOUND('',#11751,.F.);
#11751 = EDGE_LOOP('',(#11752,#11787,#11815,#11843));
#11752 = ORIENTED_EDGE('',*,*,#11753,.F.);
#11753 = EDGE_CURVE('',#11754,#11756,#11758,.T.);
#11754 = VERTEX_POINT('',#11755);
#11755 = CARTESIAN_POINT('',(-110.,-70.,63.));
#11756 = VERTEX_POINT('',#11757);
#11757 = CARTESIAN_POINT('',(-110.,-70.,64.));
#11758 = SURFACE_CURVE('',#11759,(#11763,#11775),.PCURVE_S1.);
#11759 = LINE('',#11760,#11761);
#11760 = CARTESIAN_POINT('',(-110.,-70.,63.));
#11761 = VECTOR('',#11762,1.);
#11762 = DIRECTION('',(0.,0.,1.));
#11763 = PCURVE('',#11764,#11769);
#11764 = PLANE('',#11765);
#11765 = AXIS2_PLACEMENT_3D('',#11766,#11767,#11768);
#11766 = CARTESIAN_POINT('',(-110.,-70.,63.));
#11767 = DIRECTION('',(1.,0.,-0.));
#11768 = DIRECTION('',(0.,0.,1.));
#11769 = DEFINITIONAL_REPRESENTATION('',(#11770),#11774);
#11770 = LINE('',#11771,#11772);
#11771 = CARTESIAN_POINT('',(0.,0.));
#11772 = VECTOR('',#11773,1.);
#11773 = DIRECTION('',(1.,0.));
#11774 = ( GEOMETRIC_REPRESENTATION_CONTEXT(2) 
PARAMETRIC_REPRESENTATION_CONTEXT() REPRESENTATION_CONTEXT('2D SPACE',''
  ) );
#11775 = PCURVE('',#11776,#11781);
#11776 = PLANE('',#11777);
#11777 = AXIS2_PLACEMENT_3D('',#11778,#11779,#11780);
#11778 = CARTESIAN_POINT('',(-110.,-70.,63.));
#11779 = DIRECTION('',(-0.,1.,0.));
#11780 = DIRECTION('',(0.,0.,1.));
#11781 = DEFINITIONAL_REPRESENTATION('',(#11782),#11786);
#11782 = LINE('',#11783,#11784);
#11783 = CARTESIAN_POINT('',(0.,0.));
#11784 = VECTOR('',#11785,1.);
#11785 = DIRECTION('',(1.,0.));
#11786 = ( GEOMETRIC_REPRESENTATION_CONTEXT(2) 
PARAMETRIC_REPRESENTATION_CONTEXT() REPRESENTATION_CONTEXT('2D SPACE',''
  ) );
#11787 = ORIENTED_EDGE('',*,*,#11788,.T.);
#11788 = EDGE_CURVE('',#11754,#11789,#11791,.T.);
#11789 = VERTEX_POINT('',#11790);
#11790 = CARTESIAN_POINT('',(-110.,70.,63.));
#11791 = SURFACE_CURVE('',#11792,(#11796,#11803),.PCURVE_S1.);
#11792 = LINE('',#11793,#11794);
#11793 = CARTESIAN_POINT('',(-110.,-70.,63.));
#11794 = VECTOR('',#11795,1.);
#11795 = DIRECTION('',(-0.,1.,0.));
#11796 = PCURVE('',#11764,#11797);
#11797 = DEFINITIONAL_REPRESENTATION('',(#11798),#11802);
#11798 = LINE('',#11799,#11800);
#11799 = CARTESIAN_POINT('',(0.,0.));
#11800 = VECTOR('',#11801,1.);
#11801 = DIRECTION('',(0.,-1.));
#11802 = ( GEOMETRIC_REPRESENTATION_CONTEXT(2) 
PARAMETRIC_REPRESENTATION_CONTEXT() REPRESENTATION_CONTEXT('2D SPACE',''
  ) );
#11803 = PCURVE('',#11804,#11809);
#11804 = PLANE('',#11805);
#11805 = AXIS2_PLACEMENT_3D('',#11806,#11807,#11808);
#11806 = CARTESIAN_POINT('',(-110.,-70.,63.));
#11807 = DIRECTION('',(0.,0.,1.));
#11808 = DIRECTION('',(1.,0.,-0.));
#11809 = DEFINITIONAL_REPRESENTATION('',(#11810),#11814);
#11810 = LINE('',#11811,#11812);
#11811 = CARTESIAN_POINT('',(0.,0.));
#11812 = VECTOR('',#11813,1.);
#11813 = DIRECTION('',(0.,1.));
#11814 = ( GEOMETRIC_REPRESENTATION_CONTEXT(2) 
PARAMETRIC_REPRESENTATION_CONTEXT() REPRESENTATION_CONTEXT('2D SPACE',''
  ) );
#11815 = ORIENTED_EDGE('',*,*,#11816,.T.);
#11816 = EDGE_CURVE('',#11789,#11817,#11819,.T.);
#11817 = VERTEX_POINT('',#11818);
#11818 = CARTESIAN_POINT('',(-110.,70.,64.));
#11819 = SURFACE_CURVE('',#11820,(#11824,#11831),.PCURVE_S1.);
#11820 = LINE('',#11821,#11822);
#11821 = CARTESIAN_POINT('',(-110.,70.,63.));
#11822 = VECTOR('',#11823,1.);
#11823 = DIRECTION('',(0.,0.,1.));
#11824 = PCURVE('',#11764,#11825);
#11825 = DEFINITIONAL_REPRESENTATION('',(#11826),#11830);
#11826 = LINE('',#11827,#11828);
#11827 = CARTESIAN_POINT('',(0.,-140.));
#11828 = VECTOR('',#11829,1.);
#11829 = DIRECTION('',(1.,0.));
#11830 = ( GEOMETRIC_REPRESENTATION_CONTEXT(2) 
PARAMETRIC_REPRESENTATION_CONTEXT() REPRESENTATION_CONTEXT('2D SPACE',''
  ) );
#11831 = PCURVE('',#11832,#11837);
#11832 = PLANE('',#11833);
#11833 = AXIS2_PLACEMENT_3D('',#11834,#11835,#11836);
#11834 = CARTESIAN_POINT('',(-110.,70.,63.));
#11835 = DIRECTION('',(-0.,1.,0.));
#11836 = DIRECTION('',(0.,0.,1.));
#11837 = DEFINITIONAL_REPRESENTATION('',(#11838),#11842);
#11838 = LINE('',#11839,#11840);
#11839 = CARTESIAN_POINT('',(0.,0.));
#11840 = VECTOR('',#11841,1.);
#11841 = DIRECTION('',(1.,0.));
#11842 = ( GEOMETRIC_REPRESENTATION_CONTEXT(2) 
PARAMETRIC_REPRESENTATION_CONTEXT() REPRESENTATION_CONTEXT('2D SPACE',''
  ) );
#11843 = ORIENTED_EDGE('',*,*,#11844,.F.);
#11844 = EDGE_CURVE('',#11756,#11817,#11845,.T.);
#11845 = SURFACE_CURVE('',#11846,(#11850,#11857),.PCURVE_S1.);
#11846 = LINE('',#11847,#11848);
#11847 = CARTESIAN_POINT('',(-110.,-70.,64.));
#11848 = VECTOR('',#11849,1.);
#11849 = DIRECTION('',(-0.,1.,0.));
#11850 = PCURVE('',#11764,#11851);
#11851 = DEFINITIONAL_REPRESENTATION('',(#11852),#11856);
#11852 = LINE('',#11853,#11854);
#11853 = CARTESIAN_POINT('',(1.,0.));
#11854 = VECTOR('',#11855,1.);
#11855 = DIRECTION('',(0.,-1.));
#11856 = ( GEOMETRIC_REPRESENTATION_CONTEXT(2) 
PARAMETRIC_REPRESENTATION_CONTEXT() REPRESENTATION_CONTEXT('2D SPACE',''
  ) );
#11857 = PCURVE('',#11858,#11863);
#11858 = PLANE('',#11859);
#11859 = AXIS2_PLACEMENT_3D('',#11860,#11861,#11862);
#11860 = CARTESIAN_POINT('',(-110.,-70.,64.));
#11861 = DIRECTION('',(0.,0.,1.));
#11862 = DIRECTION('',(1.,0.,-0.));
#11863 = DEFINITIONAL_REPRESENTATION('',(#11864),#11868);
#11864 = LINE('',#11865,#11866);
#11865 = CARTESIAN_POINT('',(0.,0.));
#11866 = VECTOR('',#11867,1.);
#11867 = DIRECTION('',(0.,1.));
#11868 = ( GEOMETRIC_REPRESENTATION_CONTEXT(2) 
PARAMETRIC_REPRESENTATION_CONTEXT() REPRESENTATION_CONTEXT('2D SPACE',''
  ) );
#11869 = ADVANCED_FACE('',(#11870),#11776,.F.);
#11870 = FACE_BOUND('',#11871,.F.);
#11871 = EDGE_LOOP('',(#11872,#11895,#11896,#11919));
#11872 = ORIENTED_EDGE('',*,*,#11873,.F.);
#11873 = EDGE_CURVE('',#11754,#11874,#11876,.T.);
#11874 = VERTEX_POINT('',#11875);
#11875 = CARTESIAN_POINT('',(110.,-70.,63.));
#11876 = SURFACE_CURVE('',#11877,(#11881,#11888),.PCURVE_S1.);
#11877 = LINE('',#11878,#11879);
#11878 = CARTESIAN_POINT('',(-110.,-70.,63.));
#11879 = VECTOR('',#11880,1.);
#11880 = DIRECTION('',(1.,0.,-0.));
#11881 = PCURVE('',#11776,#11882);
#11882 = DEFINITIONAL_REPRESENTATION('',(#11883),#11887);
#11883 = LINE('',#11884,#11885);
#11884 = CARTESIAN_POINT('',(0.,0.));
#11885 = VECTOR('',#11886,1.);
#11886 = DIRECTION('',(0.,1.));
#11887 = ( GEOMETRIC_REPRESENTATION_CONTEXT(2) 
PARAMETRIC_REPRESENTATION_CONTEXT() REPRESENTATION_CONTEXT('2D SPACE',''
  ) );
#11888 = PCURVE('',#11804,#11889);
#11889 = DEFINITIONAL_REPRESENTATION('',(#11890),#11894);
#11890 = LINE('',#11891,#11892);
#11891 = CARTESIAN_POINT('',(0.,0.));
#11892 = VECTOR('',#11893,1.);
#11893 = DIRECTION('',(1.,0.));
#11894 = ( GEOMETRIC_REPRESENTATION_CONTEXT(2) 
PARAMETRIC_REPRESENTATION_CONTEXT() REPRESENTATION_CONTEXT('2D SPACE',''
  ) );
#11895 = ORIENTED_EDGE('',*,*,#11753,.T.);
#11896 = ORIENTED_EDGE('',*,*,#11897,.T.);
#11897 = EDGE_CURVE('',#11756,#11898,#11900,.T.);
#11898 = VERTEX_POINT('',#11899);
#11899 = CARTESIAN_POINT('',(110.,-70.,64.));
#11900 = SURFACE_CURVE('',#11901,(#11905,#11912),.PCURVE_S1.);
#11901 = LINE('',#11902,#11903);
#11902 = CARTESIAN_POINT('',(-110.,-70.,64.));
#11903 = VECTOR('',#11904,1.);
#11904 = DIRECTION('',(1.,0.,-0.));
#11905 = PCURVE('',#11776,#11906);
#11906 = DEFINITIONAL_REPRESENTATION('',(#11907),#11911);
#11907 = LINE('',#11908,#11909);
#11908 = CARTESIAN_POINT('',(1.,0.));
#11909 = VECTOR('',#11910,1.);
#11910 = DIRECTION('',(0.,1.));
#11911 = ( GEOMETRIC_REPRESENTATION_CONTEXT(2) 
PARAMETRIC_REPRESENTATION_CONTEXT() REPRESENTATION_CONTEXT('2D SPACE',''
  ) );
#11912 = PCURVE('',#11858,#11913);
#11913 = DEFINITIONAL_REPRESENTATION('',(#11914),#11918);
#11914 = LINE('',#11915,#11916);
#11915 = CARTESIAN_POINT('',(0.,0.));
#11916 = VECTOR('',#11917,1.);
#11917 = DIRECTION('',(1.,0.));
#11918 = ( GEOMETRIC_REPRESENTATION_CONTEXT(2) 
PARAMETRIC_REPRESENTATION_CONTEXT() REPRESENTATION_CONTEXT('2D SPACE',''
  ) );
#11919 = ORIENTED_EDGE('',*,*,#11920,.F.);
#11920 = EDGE_CURVE('',#11874,#11898,#11921,.T.);
#11921 = SURFACE_CURVE('',#11922,(#11926,#11933),.PCURVE_S1.);
#11922 = LINE('',#11923,#11924);
#11923 = CARTESIAN_POINT('',(110.,-70.,63.));
#11924 = VECTOR('',#11925,1.);
#11925 = DIRECTION('',(0.,0.,1.));
#11926 = PCURVE('',#11776,#11927);
#11927 = DEFINITIONAL_REPRESENTATION('',(#11928),#11932);
#11928 = LINE('',#11929,#11930);
#11929 = CARTESIAN_POINT('',(0.,220.));
#11930 = VECTOR('',#11931,1.);
#11931 = DIRECTION('',(1.,0.));
#11932 = ( GEOMETRIC_REPRESENTATION_CONTEXT(2) 
PARAMETRIC_REPRESENTATION_CONTEXT() REPRESENTATION_CONTEXT('2D SPACE',''
  ) );
#11933 = PCURVE('',#11934,#11939);
#11934 = PLANE('',#11935);
#11935 = AXIS2_PLACEMENT_3D('',#11936,#11937,#11938);
#11936 = CARTESIAN_POINT('',(110.,-70.,63.));
#11937 = DIRECTION('',(1.,0.,-0.));
#11938 = DIRECTION('',(0.,0.,1.));
#11939 = DEFINITIONAL_REPRESENTATION('',(#11940),#11944);
#11940 = LINE('',#11941,#11942);
#11941 = CARTESIAN_POINT('',(0.,0.));
#11942 = VECTOR('',#11943,1.);
#11943 = DIRECTION('',(1.,0.));
#11944 = ( GEOMETRIC_REPRESENTATION_CONTEXT(2) 
PARAMETRIC_REPRESENTATION_CONTEXT() REPRESENTATION_CONTEXT('2D SPACE',''
  ) );
#11945 = ADVANCED_FACE('',(#11946,#11994,#12025,#12056,#12087,#12313),
  #11858,.T.);
#11946 = FACE_BOUND('',#11947,.T.);
#11947 = EDGE_LOOP('',(#11948,#11949,#11950,#11973));
#11948 = ORIENTED_EDGE('',*,*,#11844,.F.);
#11949 = ORIENTED_EDGE('',*,*,#11897,.T.);
#11950 = ORIENTED_EDGE('',*,*,#11951,.T.);
#11951 = EDGE_CURVE('',#11898,#11952,#11954,.T.);
#11952 = VERTEX_POINT('',#11953);
#11953 = CARTESIAN_POINT('',(110.,70.,64.));
#11954 = SURFACE_CURVE('',#11955,(#11959,#11966),.PCURVE_S1.);
#11955 = LINE('',#11956,#11957);
#11956 = CARTESIAN_POINT('',(110.,-70.,64.));
#11957 = VECTOR('',#11958,1.);
#11958 = DIRECTION('',(-0.,1.,0.));
#11959 = PCURVE('',#11858,#11960);
#11960 = DEFINITIONAL_REPRESENTATION('',(#11961),#11965);
#11961 = LINE('',#11962,#11963);
#11962 = CARTESIAN_POINT('',(220.,0.));
#11963 = VECTOR('',#11964,1.);
#11964 = DIRECTION('',(0.,1.));
#11965 = ( GEOMETRIC_REPRESENTATION_CONTEXT(2) 
PARAMETRIC_REPRESENTATION_CONTEXT() REPRESENTATION_CONTEXT('2D SPACE',''
  ) );
#11966 = PCURVE('',#11934,#11967);
#11967 = DEFINITIONAL_REPRESENTATION('',(#11968),#11972);
#11968 = LINE('',#11969,#11970);
#11969 = CARTESIAN_POINT('',(1.,0.));
#11970 = VECTOR('',#11971,1.);
#11971 = DIRECTION('',(0.,-1.));
#11972 = ( GEOMETRIC_REPRESENTATION_CONTEXT(2) 
PARAMETRIC_REPRESENTATION_CONTEXT() REPRESENTATION_CONTEXT('2D SPACE',''
  ) );
#11973 = ORIENTED_EDGE('',*,*,#11974,.F.);
#11974 = EDGE_CURVE('',#11817,#11952,#11975,.T.);
#11975 = SURFACE_CURVE('',#11976,(#11980,#11987),.PCURVE_S1.);
#11976 = LINE('',#11977,#11978);
#11977 = CARTESIAN_POINT('',(-110.,70.,64.));
#11978 = VECTOR('',#11979,1.);
#11979 = DIRECTION('',(1.,0.,-0.));
#11980 = PCURVE('',#11858,#11981);
#11981 = DEFINITIONAL_REPRESENTATION('',(#11982),#11986);
#11982 = LINE('',#11983,#11984);
#11983 = CARTESIAN_POINT('',(0.,140.));
#11984 = VECTOR('',#11985,1.);
#11985 = DIRECTION('',(1.,0.));
#11986 = ( GEOMETRIC_REPRESENTATION_CONTEXT(2) 
PARAMETRIC_REPRESENTATION_CONTEXT() REPRESENTATION_CONTEXT('2D SPACE',''
  ) );
#11987 = PCURVE('',#11832,#11988);
#11988 = DEFINITIONAL_REPRESENTATION('',(#11989),#11993);
#11989 = LINE('',#11990,#11991);
#11990 = CARTESIAN_POINT('',(1.,0.));
#11991 = VECTOR('',#11992,1.);
#11992 = DIRECTION('',(0.,1.));
#11993 = ( GEOMETRIC_REPRESENTATION_CONTEXT(2) 
PARAMETRIC_REPRESENTATION_CONTEXT() REPRESENTATION_CONTEXT('2D SPACE',''
  ) );
#11994 = FACE_BOUND('',#11995,.T.);
#11995 = EDGE_LOOP('',(#11996));
#11996 = ORIENTED_EDGE('',*,*,#11997,.F.);
#11997 = EDGE_CURVE('',#11998,#11998,#12000,.T.);
#11998 = VERTEX_POINT('',#11999);
#11999 = CARTESIAN_POINT('',(-100.25,-62.5,64.));
#12000 = SURFACE_CURVE('',#12001,(#12006,#12013),.PCURVE_S1.);
#12001 = CIRCLE('',#12002,2.25);
#12002 = AXIS2_PLACEMENT_3D('',#12003,#12004,#12005);
#12003 = CARTESIAN_POINT('',(-102.5,-62.5,64.));
#12004 = DIRECTION('',(0.,0.,1.));
#12005 = DIRECTION('',(1.,0.,-0.));
#12006 = PCURVE('',#11858,#12007);
#12007 = DEFINITIONAL_REPRESENTATION('',(#12008),#12012);
#12008 = CIRCLE('',#12009,2.25);
#12009 = AXIS2_PLACEMENT_2D('',#12010,#12011);
#12010 = CARTESIAN_POINT('',(7.5,7.5));
#12011 = DIRECTION('',(1.,0.));
#12012 = ( GEOMETRIC_REPRESENTATION_CONTEXT(2) 
PARAMETRIC_REPRESENTATION_CONTEXT() REPRESENTATION_CONTEXT('2D SPACE',''
  ) );
#12013 = PCURVE('',#12014,#12019);
#12014 = CYLINDRICAL_SURFACE('',#12015,2.25);
#12015 = AXIS2_PLACEMENT_3D('',#12016,#12017,#12018);
#12016 = CARTESIAN_POINT('',(-102.5,-62.5,62.));
#12017 = DIRECTION('',(0.,0.,1.));
#12018 = DIRECTION('',(1.,0.,-0.));
#12019 = DEFINITIONAL_REPRESENTATION('',(#12020),#12024);
#12020 = LINE('',#12021,#12022);
#12021 = CARTESIAN_POINT('',(0.,2.));
#12022 = VECTOR('',#12023,1.);
#12023 = DIRECTION('',(1.,0.));
#12024 = ( GEOMETRIC_REPRESENTATION_CONTEXT(2) 
PARAMETRIC_REPRESENTATION_CONTEXT() REPRESENTATION_CONTEXT('2D SPACE',''
  ) );
#12025 = FACE_BOUND('',#12026,.T.);
#12026 = EDGE_LOOP('',(#12027));
#12027 = ORIENTED_EDGE('',*,*,#12028,.F.);
#12028 = EDGE_CURVE('',#12029,#12029,#12031,.T.);
#12029 = VERTEX_POINT('',#12030);
#12030 = CARTESIAN_POINT('',(104.75,-62.5,64.));
#12031 = SURFACE_CURVE('',#12032,(#12037,#12044),.PCURVE_S1.);
#12032 = CIRCLE('',#12033,2.25);
#12033 = AXIS2_PLACEMENT_3D('',#12034,#12035,#12036);
#12034 = CARTESIAN_POINT('',(102.5,-62.5,64.));
#12035 = DIRECTION('',(0.,0.,1.));
#12036 = DIRECTION('',(1.,0.,-0.));
#12037 = PCURVE('',#11858,#12038);
#12038 = DEFINITIONAL_REPRESENTATION('',(#12039),#12043);
#12039 = CIRCLE('',#12040,2.25);
#12040 = AXIS2_PLACEMENT_2D('',#12041,#12042);
#12041 = CARTESIAN_POINT('',(212.5,7.5));
#12042 = DIRECTION('',(1.,0.));
#12043 = ( GEOMETRIC_REPRESENTATION_CONTEXT(2) 
PARAMETRIC_REPRESENTATION_CONTEXT() REPRESENTATION_CONTEXT('2D SPACE',''
  ) );
#12044 = PCURVE('',#12045,#12050);
#12045 = CYLINDRICAL_SURFACE('',#12046,2.25);
#12046 = AXIS2_PLACEMENT_3D('',#12047,#12048,#12049);
#12047 = CARTESIAN_POINT('',(102.5,-62.5,62.));
#12048 = DIRECTION('',(0.,0.,1.));
#12049 = DIRECTION('',(1.,0.,-0.));
#12050 = DEFINITIONAL_REPRESENTATION('',(#12051),#12055);
#12051 = LINE('',#12052,#12053);
#12052 = CARTESIAN_POINT('',(0.,2.));
#12053 = VECTOR('',#12054,1.);
#12054 = DIRECTION('',(1.,0.));
#12055 = ( GEOMETRIC_REPRESENTATION_CONTEXT(2) 
PARAMETRIC_REPRESENTATION_CONTEXT() REPRESENTATION_CONTEXT('2D SPACE',''
  ) );
#12056 = FACE_BOUND('',#12057,.T.);
#12057 = EDGE_LOOP('',(#12058));
#12058 = ORIENTED_EDGE('',*,*,#12059,.F.);
#12059 = EDGE_CURVE('',#12060,#12060,#12062,.T.);
#12060 = VERTEX_POINT('',#12061);
#12061 = CARTESIAN_POINT('',(-100.25,62.5,64.));
#12062 = SURFACE_CURVE('',#12063,(#12068,#12075),.PCURVE_S1.);
#12063 = CIRCLE('',#12064,2.25);
#12064 = AXIS2_PLACEMENT_3D('',#12065,#12066,#12067);
#12065 = CARTESIAN_POINT('',(-102.5,62.5,64.));
#12066 = DIRECTION('',(0.,0.,1.));
#12067 = DIRECTION('',(1.,0.,-0.));
#12068 = PCURVE('',#11858,#12069);
#12069 = DEFINITIONAL_REPRESENTATION('',(#12070),#12074);
#12070 = CIRCLE('',#12071,2.25);
#12071 = AXIS2_PLACEMENT_2D('',#12072,#12073);
#12072 = CARTESIAN_POINT('',(7.5,132.5));
#12073 = DIRECTION('',(1.,0.));
#12074 = ( GEOMETRIC_REPRESENTATION_CONTEXT(2) 
PARAMETRIC_REPRESENTATION_CONTEXT() REPRESENTATION_CONTEXT('2D SPACE',''
  ) );
#12075 = PCURVE('',#12076,#12081);
#12076 = CYLINDRICAL_SURFACE('',#12077,2.25);
#12077 = AXIS2_PLACEMENT_3D('',#12078,#12079,#12080);
#12078 = CARTESIAN_POINT('',(-102.5,62.5,62.));
#12079 = DIRECTION('',(0.,0.,1.));
#12080 = DIRECTION('',(1.,0.,-0.));
#12081 = DEFINITIONAL_REPRESENTATION('',(#12082),#12086);
#12082 = LINE('',#12083,#12084);
#12083 = CARTESIAN_POINT('',(0.,2.));
#12084 = VECTOR('',#12085,1.);
#12085 = DIRECTION('',(1.,0.));
#12086 = ( GEOMETRIC_REPRESENTATION_CONTEXT(2) 
PARAMETRIC_REPRESENTATION_CONTEXT() REPRESENTATION_CONTEXT('2D SPACE',''
  ) );
#12087 = FACE_BOUND('',#12088,.T.);
#12088 = EDGE_LOOP('',(#12089,#12118,#12147,#12174,#12203,#12230,#12259,
    #12286));
#12089 = ORIENTED_EDGE('',*,*,#12090,.F.);
#12090 = EDGE_CURVE('',#12091,#12093,#12095,.T.);
#12091 = VERTEX_POINT('',#12092);
#12092 = CARTESIAN_POINT('',(107.,-58.5313730334,64.));
#12093 = VERTEX_POINT('',#12094);
#12094 = CARTESIAN_POINT('',(107.,58.531373033403,64.));
#12095 = SURFACE_CURVE('',#12096,(#12100,#12107),.PCURVE_S1.);
#12096 = LINE('',#12097,#12098);
#12097 = CARTESIAN_POINT('',(107.,-68.5,64.));
#12098 = VECTOR('',#12099,1.);
#12099 = DIRECTION('',(-0.,1.,0.));
#12100 = PCURVE('',#11858,#12101);
#12101 = DEFINITIONAL_REPRESENTATION('',(#12102),#12106);
#12102 = LINE('',#12103,#12104);
#12103 = CARTESIAN_POINT('',(217.,1.5));
#12104 = VECTOR('',#12105,1.);
#12105 = DIRECTION('',(0.,1.));
#12106 = ( GEOMETRIC_REPRESENTATION_CONTEXT(2) 
PARAMETRIC_REPRESENTATION_CONTEXT() REPRESENTATION_CONTEXT('2D SPACE',''
  ) );
#12107 = PCURVE('',#12108,#12113);
#12108 = PLANE('',#12109);
#12109 = AXIS2_PLACEMENT_3D('',#12110,#12111,#12112);
#12110 = CARTESIAN_POINT('',(107.,-67.,62.));
#12111 = DIRECTION('',(1.,0.,-0.));
#12112 = DIRECTION('',(0.,0.,1.));
#12113 = DEFINITIONAL_REPRESENTATION('',(#12114),#12117);
#12114 = B_SPLINE_CURVE_WITH_KNOTS('',1,(#12115,#12116),.UNSPECIFIED.,
  .F.,.F.,(2,2),(1.5,135.5),.PIECEWISE_BEZIER_KNOTS.);
#12115 = CARTESIAN_POINT('',(2.,0.));
#12116 = CARTESIAN_POINT('',(2.,-134.));
#12117 = ( GEOMETRIC_REPRESENTATION_CONTEXT(2) 
PARAMETRIC_REPRESENTATION_CONTEXT() REPRESENTATION_CONTEXT('2D SPACE',''
  ) );
#12118 = ORIENTED_EDGE('',*,*,#12119,.T.);
#12119 = EDGE_CURVE('',#12091,#12120,#12122,.T.);
#12120 = VERTEX_POINT('',#12121);
#12121 = CARTESIAN_POINT('',(98.531373033403,-67.,64.));
#12122 = SURFACE_CURVE('',#12123,(#12128,#12135),.PCURVE_S1.);
#12123 = CIRCLE('',#12124,6.);
#12124 = AXIS2_PLACEMENT_3D('',#12125,#12126,#12127);
#12125 = CARTESIAN_POINT('',(102.5,-62.5,64.));
#12126 = DIRECTION('',(0.,0.,1.));
#12127 = DIRECTION('',(1.,0.,-0.));
#12128 = PCURVE('',#11858,#12129);
#12129 = DEFINITIONAL_REPRESENTATION('',(#12130),#12134);
#12130 = CIRCLE('',#12131,6.);
#12131 = AXIS2_PLACEMENT_2D('',#12132,#12133);
#12132 = CARTESIAN_POINT('',(212.5,7.5));
#12133 = DIRECTION('',(1.,0.));
#12134 = ( GEOMETRIC_REPRESENTATION_CONTEXT(2) 
PARAMETRIC_REPRESENTATION_CONTEXT() REPRESENTATION_CONTEXT('2D SPACE',''
  ) );
#12135 = PCURVE('',#12136,#12141);
#12136 = CYLINDRICAL_SURFACE('',#12137,6.);
#12137 = AXIS2_PLACEMENT_3D('',#12138,#12139,#12140);
#12138 = CARTESIAN_POINT('',(102.5,-62.5,63.));
#12139 = DIRECTION('',(0.,0.,1.));
#12140 = DIRECTION('',(1.,0.,-0.));
#12141 = DEFINITIONAL_REPRESENTATION('',(#12142),#12146);
#12142 = LINE('',#12143,#12144);
#12143 = CARTESIAN_POINT('',(0.,1.));
#12144 = VECTOR('',#12145,1.);
#12145 = DIRECTION('',(1.,0.));
#12146 = ( GEOMETRIC_REPRESENTATION_CONTEXT(2) 
PARAMETRIC_REPRESENTATION_CONTEXT() REPRESENTATION_CONTEXT('2D SPACE',''
  ) );
#12147 = ORIENTED_EDGE('',*,*,#12148,.T.);
#12148 = EDGE_CURVE('',#12120,#12149,#12151,.T.);
#12149 = VERTEX_POINT('',#12150);
#12150 = CARTESIAN_POINT('',(-98.5313730334,-67.,64.));
#12151 = SURFACE_CURVE('',#12152,(#12156,#12163),.PCURVE_S1.);
#12152 = LINE('',#12153,#12154);
#12153 = CARTESIAN_POINT('',(-108.5,-67.,64.));
#12154 = VECTOR('',#12155,1.);
#12155 = DIRECTION('',(-1.,-0.,0.));
#12156 = PCURVE('',#11858,#12157);
#12157 = DEFINITIONAL_REPRESENTATION('',(#12158),#12162);
#12158 = LINE('',#12159,#12160);
#12159 = CARTESIAN_POINT('',(1.5,3.));
#12160 = VECTOR('',#12161,1.);
#12161 = DIRECTION('',(-1.,0.));
#12162 = ( GEOMETRIC_REPRESENTATION_CONTEXT(2) 
PARAMETRIC_REPRESENTATION_CONTEXT() REPRESENTATION_CONTEXT('2D SPACE',''
  ) );
#12163 = PCURVE('',#12164,#12169);
#12164 = PLANE('',#12165);
#12165 = AXIS2_PLACEMENT_3D('',#12166,#12167,#12168);
#12166 = CARTESIAN_POINT('',(-107.,-67.,62.));
#12167 = DIRECTION('',(-0.,1.,0.));
#12168 = DIRECTION('',(0.,0.,1.));
#12169 = DEFINITIONAL_REPRESENTATION('',(#12170),#12173);
#12170 = B_SPLINE_CURVE_WITH_KNOTS('',1,(#12171,#12172),.UNSPECIFIED.,
  .F.,.F.,(2,2),(-215.5,-1.5),.PIECEWISE_BEZIER_KNOTS.);
#12171 = CARTESIAN_POINT('',(2.,214.));
#12172 = CARTESIAN_POINT('',(2.,0.));
#12173 = ( GEOMETRIC_REPRESENTATION_CONTEXT(2) 
PARAMETRIC_REPRESENTATION_CONTEXT() REPRESENTATION_CONTEXT('2D SPACE',''
  ) );
#12174 = ORIENTED_EDGE('',*,*,#12175,.T.);
#12175 = EDGE_CURVE('',#12149,#12176,#12178,.T.);
#12176 = VERTEX_POINT('',#12177);
#12177 = CARTESIAN_POINT('',(-107.,-58.5313730334,64.));
#12178 = SURFACE_CURVE('',#12179,(#12184,#12191),.PCURVE_S1.);
#12179 = CIRCLE('',#12180,6.);
#12180 = AXIS2_PLACEMENT_3D('',#12181,#12182,#12183);
#12181 = CARTESIAN_POINT('',(-102.5,-62.5,64.));
#12182 = DIRECTION('',(-0.,0.,1.));
#12183 = DIRECTION('',(0.661437827766,-0.75,0.));
#12184 = PCURVE('',#11858,#12185);
#12185 = DEFINITIONAL_REPRESENTATION('',(#12186),#12190);
#12186 = CIRCLE('',#12187,6.);
#12187 = AXIS2_PLACEMENT_2D('',#12188,#12189);
#12188 = CARTESIAN_POINT('',(7.5,7.5));
#12189 = DIRECTION('',(0.661437827766,-0.75));
#12190 = ( GEOMETRIC_REPRESENTATION_CONTEXT(2) 
PARAMETRIC_REPRESENTATION_CONTEXT() REPRESENTATION_CONTEXT('2D SPACE',''
  ) );
#12191 = PCURVE('',#12192,#12197);
#12192 = CYLINDRICAL_SURFACE('',#12193,6.);
#12193 = AXIS2_PLACEMENT_3D('',#12194,#12195,#12196);
#12194 = CARTESIAN_POINT('',(-102.5,-62.5,63.));
#12195 = DIRECTION('',(0.,0.,1.));
#12196 = DIRECTION('',(1.,0.,-0.));
#12197 = DEFINITIONAL_REPRESENTATION('',(#12198),#12202);
#12198 = LINE('',#12199,#12200);
#12199 = CARTESIAN_POINT('',(5.435123228198,1.));
#12200 = VECTOR('',#12201,1.);
#12201 = DIRECTION('',(1.,0.));
#12202 = ( GEOMETRIC_REPRESENTATION_CONTEXT(2) 
PARAMETRIC_REPRESENTATION_CONTEXT() REPRESENTATION_CONTEXT('2D SPACE',''
  ) );
#12203 = ORIENTED_EDGE('',*,*,#12204,.T.);
#12204 = EDGE_CURVE('',#12176,#12205,#12207,.T.);
#12205 = VERTEX_POINT('',#12206);
#12206 = CARTESIAN_POINT('',(-107.,58.531373033403,64.));
#12207 = SURFACE_CURVE('',#12208,(#12212,#12219),.PCURVE_S1.);
#12208 = LINE('',#12209,#12210);
#12209 = CARTESIAN_POINT('',(-107.,-68.5,64.));
#12210 = VECTOR('',#12211,1.);
#12211 = DIRECTION('',(-0.,1.,0.));
#12212 = PCURVE('',#11858,#12213);
#12213 = DEFINITIONAL_REPRESENTATION('',(#12214),#12218);
#12214 = LINE('',#12215,#12216);
#12215 = CARTESIAN_POINT('',(3.,1.5));
#12216 = VECTOR('',#12217,1.);
#12217 = DIRECTION('',(0.,1.));
#12218 = ( GEOMETRIC_REPRESENTATION_CONTEXT(2) 
PARAMETRIC_REPRESENTATION_CONTEXT() REPRESENTATION_CONTEXT('2D SPACE',''
  ) );
#12219 = PCURVE('',#12220,#12225);
#12220 = PLANE('',#12221);
#12221 = AXIS2_PLACEMENT_3D('',#12222,#12223,#12224);
#12222 = CARTESIAN_POINT('',(-107.,-67.,62.));
#12223 = DIRECTION('',(1.,0.,-0.));
#12224 = DIRECTION('',(0.,0.,1.));
#12225 = DEFINITIONAL_REPRESENTATION('',(#12226),#12229);
#12226 = B_SPLINE_CURVE_WITH_KNOTS('',1,(#12227,#12228),.UNSPECIFIED.,
  .F.,.F.,(2,2),(1.5,135.5),.PIECEWISE_BEZIER_KNOTS.);
#12227 = CARTESIAN_POINT('',(2.,0.));
#12228 = CARTESIAN_POINT('',(2.,-134.));
#12229 = ( GEOMETRIC_REPRESENTATION_CONTEXT(2) 
PARAMETRIC_REPRESENTATION_CONTEXT() REPRESENTATION_CONTEXT('2D SPACE',''
  ) );
#12230 = ORIENTED_EDGE('',*,*,#12231,.T.);
#12231 = EDGE_CURVE('',#12205,#12232,#12234,.T.);
#12232 = VERTEX_POINT('',#12233);
#12233 = CARTESIAN_POINT('',(-98.5313730334,67.,64.));
#12234 = SURFACE_CURVE('',#12235,(#12240,#12247),.PCURVE_S1.);
#12235 = CIRCLE('',#12236,6.);
#12236 = AXIS2_PLACEMENT_3D('',#12237,#12238,#12239);
#12237 = CARTESIAN_POINT('',(-102.5,62.5,64.));
#12238 = DIRECTION('',(0.,0.,1.));
#12239 = DIRECTION('',(-0.75,-0.661437827766,0.));
#12240 = PCURVE('',#11858,#12241);
#12241 = DEFINITIONAL_REPRESENTATION('',(#12242),#12246);
#12242 = CIRCLE('',#12243,6.);
#12243 = AXIS2_PLACEMENT_2D('',#12244,#12245);
#12244 = CARTESIAN_POINT('',(7.5,132.5));
#12245 = DIRECTION('',(-0.75,-0.661437827766));
#12246 = ( GEOMETRIC_REPRESENTATION_CONTEXT(2) 
PARAMETRIC_REPRESENTATION_CONTEXT() REPRESENTATION_CONTEXT('2D SPACE',''
  ) );
#12247 = PCURVE('',#12248,#12253);
#12248 = CYLINDRICAL_SURFACE('',#12249,6.);
#12249 = AXIS2_PLACEMENT_3D('',#12250,#12251,#12252);
#12250 = CARTESIAN_POINT('',(-102.5,62.5,63.));
#12251 = DIRECTION('',(0.,0.,1.));
#12252 = DIRECTION('',(1.,0.,-0.));
#12253 = DEFINITIONAL_REPRESENTATION('',(#12254),#12258);
#12254 = LINE('',#12255,#12256);
#12255 = CARTESIAN_POINT('',(3.864326901403,1.));
#12256 = VECTOR('',#12257,1.);
#12257 = DIRECTION('',(1.,0.));
#12258 = ( GEOMETRIC_REPRESENTATION_CONTEXT(2) 
PARAMETRIC_REPRESENTATION_CONTEXT() REPRESENTATION_CONTEXT('2D SPACE',''
  ) );
#12259 = ORIENTED_EDGE('',*,*,#12260,.F.);
#12260 = EDGE_CURVE('',#12261,#12232,#12263,.T.);
#12261 = VERTEX_POINT('',#12262);
#12262 = CARTESIAN_POINT('',(98.531373033403,67.,64.));
#12263 = SURFACE_CURVE('',#12264,(#12268,#12275),.PCURVE_S1.);
#12264 = LINE('',#12265,#12266);
#12265 = CARTESIAN_POINT('',(-108.5,67.,64.));
#12266 = VECTOR('',#12267,1.);
#12267 = DIRECTION('',(-1.,-0.,0.));
#12268 = PCURVE('',#11858,#12269);
#12269 = DEFINITIONAL_REPRESENTATION('',(#12270),#12274);
#12270 = LINE('',#12271,#12272);
#12271 = CARTESIAN_POINT('',(1.5,137.));
#12272 = VECTOR('',#12273,1.);
#12273 = DIRECTION('',(-1.,0.));
#12274 = ( GEOMETRIC_REPRESENTATION_CONTEXT(2) 
PARAMETRIC_REPRESENTATION_CONTEXT() REPRESENTATION_CONTEXT('2D SPACE',''
  ) );
#12275 = PCURVE('',#12276,#12281);
#12276 = PLANE('',#12277);
#12277 = AXIS2_PLACEMENT_3D('',#12278,#12279,#12280);
#12278 = CARTESIAN_POINT('',(-107.,67.,62.));
#12279 = DIRECTION('',(-0.,1.,0.));
#12280 = DIRECTION('',(0.,0.,1.));
#12281 = DEFINITIONAL_REPRESENTATION('',(#12282),#12285);
#12282 = B_SPLINE_CURVE_WITH_KNOTS('',1,(#12283,#12284),.UNSPECIFIED.,
  .F.,.F.,(2,2),(-215.5,-1.5),.PIECEWISE_BEZIER_KNOTS.);
#12283 = CARTESIAN_POINT('',(2.,214.));
#12284 = CARTESIAN_POINT('',(2.,0.));
#12285 = ( GEOMETRIC_REPRESENTATION_CONTEXT(2) 
PARAMETRIC_REPRESENTATION_CONTEXT() REPRESENTATION_CONTEXT('2D SPACE',''
  ) );
#12286 = ORIENTED_EDGE('',*,*,#12287,.T.);
#12287 = EDGE_CURVE('',#12261,#12093,#12288,.T.);
#12288 = SURFACE_CURVE('',#12289,(#12294,#12301),.PCURVE_S1.);
#12289 = CIRCLE('',#12290,6.);
#12290 = AXIS2_PLACEMENT_3D('',#12291,#12292,#12293);
#12291 = CARTESIAN_POINT('',(102.5,62.5,64.));
#12292 = DIRECTION('',(0.,0.,1.));
#12293 = DIRECTION('',(1.,0.,-0.));
#12294 = PCURVE('',#11858,#12295);
#12295 = DEFINITIONAL_REPRESENTATION('',(#12296),#12300);
#12296 = CIRCLE('',#12297,6.);
#12297 = AXIS2_PLACEMENT_2D('',#12298,#12299);
#12298 = CARTESIAN_POINT('',(212.5,132.5));
#12299 = DIRECTION('',(1.,0.));
#12300 = ( GEOMETRIC_REPRESENTATION_CONTEXT(2) 
PARAMETRIC_REPRESENTATION_CONTEXT() REPRESENTATION_CONTEXT('2D SPACE',''
  ) );
#12301 = PCURVE('',#12302,#12307);
#12302 = CYLINDRICAL_SURFACE('',#12303,6.);
#12303 = AXIS2_PLACEMENT_3D('',#12304,#12305,#12306);
#12304 = CARTESIAN_POINT('',(102.5,62.5,63.));
#12305 = DIRECTION('',(0.,0.,1.));
#12306 = DIRECTION('',(1.,0.,-0.));
#12307 = DEFINITIONAL_REPRESENTATION('',(#12308),#12312);
#12308 = LINE('',#12309,#12310);
#12309 = CARTESIAN_POINT('',(0.,1.));
#12310 = VECTOR('',#12311,1.);
#12311 = DIRECTION('',(1.,0.));
#12312 = ( GEOMETRIC_REPRESENTATION_CONTEXT(2) 
PARAMETRIC_REPRESENTATION_CONTEXT() REPRESENTATION_CONTEXT('2D SPACE',''
  ) );
#12313 = FACE_BOUND('',#12314,.T.);
#12314 = EDGE_LOOP('',(#12315));
#12315 = ORIENTED_EDGE('',*,*,#12316,.F.);
#12316 = EDGE_CURVE('',#12317,#12317,#12319,.T.);
#12317 = VERTEX_POINT('',#12318);
#12318 = CARTESIAN_POINT('',(104.75,62.5,64.));
#12319 = SURFACE_CURVE('',#12320,(#12325,#12332),.PCURVE_S1.);
#12320 = CIRCLE('',#12321,2.25);
#12321 = AXIS2_PLACEMENT_3D('',#12322,#12323,#12324);
#12322 = CARTESIAN_POINT('',(102.5,62.5,64.));
#12323 = DIRECTION('',(0.,0.,1.));
#12324 = DIRECTION('',(1.,0.,-0.));
#12325 = PCURVE('',#11858,#12326);
#12326 = DEFINITIONAL_REPRESENTATION('',(#12327),#12331);
#12327 = CIRCLE('',#12328,2.25);
#12328 = AXIS2_PLACEMENT_2D('',#12329,#12330);
#12329 = CARTESIAN_POINT('',(212.5,132.5));
#12330 = DIRECTION('',(1.,0.));
#12331 = ( GEOMETRIC_REPRESENTATION_CONTEXT(2) 
PARAMETRIC_REPRESENTATION_CONTEXT() REPRESENTATION_CONTEXT('2D SPACE',''
  ) );
#12332 = PCURVE('',#12333,#12338);
#12333 = CYLINDRICAL_SURFACE('',#12334,2.25);
#12334 = AXIS2_PLACEMENT_3D('',#12335,#12336,#12337);
#12335 = CARTESIAN_POINT('',(102.5,62.5,62.));
#12336 = DIRECTION('',(0.,0.,1.));
#12337 = DIRECTION('',(1.,0.,-0.));
#12338 = DEFINITIONAL_REPRESENTATION('',(#12339),#12343);
#12339 = LINE('',#12340,#12341);
#12340 = CARTESIAN_POINT('',(0.,2.));
#12341 = VECTOR('',#12342,1.);
#12342 = DIRECTION('',(1.,0.));
#12343 = ( GEOMETRIC_REPRESENTATION_CONTEXT(2) 
PARAMETRIC_REPRESENTATION_CONTEXT() REPRESENTATION_CONTEXT('2D SPACE',''
  ) );
#12344 = ADVANCED_FACE('',(#12345),#11832,.T.);
#12345 = FACE_BOUND('',#12346,.T.);
#12346 = EDGE_LOOP('',(#12347,#12370,#12371,#12372));
#12347 = ORIENTED_EDGE('',*,*,#12348,.F.);
#12348 = EDGE_CURVE('',#11789,#12349,#12351,.T.);
#12349 = VERTEX_POINT('',#12350);
#12350 = CARTESIAN_POINT('',(110.,70.,63.));
#12351 = SURFACE_CURVE('',#12352,(#12356,#12363),.PCURVE_S1.);
#12352 = LINE('',#12353,#12354);
#12353 = CARTESIAN_POINT('',(-110.,70.,63.));
#12354 = VECTOR('',#12355,1.);
#12355 = DIRECTION('',(1.,0.,-0.));
#12356 = PCURVE('',#11832,#12357);
#12357 = DEFINITIONAL_REPRESENTATION('',(#12358),#12362);
#12358 = LINE('',#12359,#12360);
#12359 = CARTESIAN_POINT('',(0.,0.));
#12360 = VECTOR('',#12361,1.);
#12361 = DIRECTION('',(0.,1.));
#12362 = ( GEOMETRIC_REPRESENTATION_CONTEXT(2) 
PARAMETRIC_REPRESENTATION_CONTEXT() REPRESENTATION_CONTEXT('2D SPACE',''
  ) );
#12363 = PCURVE('',#11804,#12364);
#12364 = DEFINITIONAL_REPRESENTATION('',(#12365),#12369);
#12365 = LINE('',#12366,#12367);
#12366 = CARTESIAN_POINT('',(0.,140.));
#12367 = VECTOR('',#12368,1.);
#12368 = DIRECTION('',(1.,0.));
#12369 = ( GEOMETRIC_REPRESENTATION_CONTEXT(2) 
PARAMETRIC_REPRESENTATION_CONTEXT() REPRESENTATION_CONTEXT('2D SPACE',''
  ) );
#12370 = ORIENTED_EDGE('',*,*,#11816,.T.);
#12371 = ORIENTED_EDGE('',*,*,#11974,.T.);
#12372 = ORIENTED_EDGE('',*,*,#12373,.F.);
#12373 = EDGE_CURVE('',#12349,#11952,#12374,.T.);
#12374 = SURFACE_CURVE('',#12375,(#12379,#12386),.PCURVE_S1.);
#12375 = LINE('',#12376,#12377);
#12376 = CARTESIAN_POINT('',(110.,70.,63.));
#12377 = VECTOR('',#12378,1.);
#12378 = DIRECTION('',(0.,0.,1.));
#12379 = PCURVE('',#11832,#12380);
#12380 = DEFINITIONAL_REPRESENTATION('',(#12381),#12385);
#12381 = LINE('',#12382,#12383);
#12382 = CARTESIAN_POINT('',(0.,220.));
#12383 = VECTOR('',#12384,1.);
#12384 = DIRECTION('',(1.,0.));
#12385 = ( GEOMETRIC_REPRESENTATION_CONTEXT(2) 
PARAMETRIC_REPRESENTATION_CONTEXT() REPRESENTATION_CONTEXT('2D SPACE',''
  ) );
#12386 = PCURVE('',#11934,#12387);
#12387 = DEFINITIONAL_REPRESENTATION('',(#12388),#12392);
#12388 = LINE('',#12389,#12390);
#12389 = CARTESIAN_POINT('',(0.,-140.));
#12390 = VECTOR('',#12391,1.);
#12391 = DIRECTION('',(1.,0.));
#12392 = ( GEOMETRIC_REPRESENTATION_CONTEXT(2) 
PARAMETRIC_REPRESENTATION_CONTEXT() REPRESENTATION_CONTEXT('2D SPACE',''
  ) );
#12393 = ADVANCED_FACE('',(#12394,#12420,#12446,#12472,#12498,#12692),
  #11804,.F.);
#12394 = FACE_BOUND('',#12395,.F.);
#12395 = EDGE_LOOP('',(#12396,#12397,#12398,#12419));
#12396 = ORIENTED_EDGE('',*,*,#11788,.F.);
#12397 = ORIENTED_EDGE('',*,*,#11873,.T.);
#12398 = ORIENTED_EDGE('',*,*,#12399,.T.);
#12399 = EDGE_CURVE('',#11874,#12349,#12400,.T.);
#12400 = SURFACE_CURVE('',#12401,(#12405,#12412),.PCURVE_S1.);
#12401 = LINE('',#12402,#12403);
#12402 = CARTESIAN_POINT('',(110.,-70.,63.));
#12403 = VECTOR('',#12404,1.);
#12404 = DIRECTION('',(-0.,1.,0.));
#12405 = PCURVE('',#11804,#12406);
#12406 = DEFINITIONAL_REPRESENTATION('',(#12407),#12411);
#12407 = LINE('',#12408,#12409);
#12408 = CARTESIAN_POINT('',(220.,0.));
#12409 = VECTOR('',#12410,1.);
#12410 = DIRECTION('',(0.,1.));
#12411 = ( GEOMETRIC_REPRESENTATION_CONTEXT(2) 
PARAMETRIC_REPRESENTATION_CONTEXT() REPRESENTATION_CONTEXT('2D SPACE',''
  ) );
#12412 = PCURVE('',#11934,#12413);
#12413 = DEFINITIONAL_REPRESENTATION('',(#12414),#12418);
#12414 = LINE('',#12415,#12416);
#12415 = CARTESIAN_POINT('',(0.,0.));
#12416 = VECTOR('',#12417,1.);
#12417 = DIRECTION('',(0.,-1.));
#12418 = ( GEOMETRIC_REPRESENTATION_CONTEXT(2) 
PARAMETRIC_REPRESENTATION_CONTEXT() REPRESENTATION_CONTEXT('2D SPACE',''
  ) );
#12419 = ORIENTED_EDGE('',*,*,#12348,.F.);
#12420 = FACE_BOUND('',#12421,.F.);
#12421 = EDGE_LOOP('',(#12422));
#12422 = ORIENTED_EDGE('',*,*,#12423,.F.);
#12423 = EDGE_CURVE('',#12424,#12424,#12426,.T.);
#12424 = VERTEX_POINT('',#12425);
#12425 = CARTESIAN_POINT('',(-100.25,-62.5,63.));
#12426 = SURFACE_CURVE('',#12427,(#12432,#12439),.PCURVE_S1.);
#12427 = CIRCLE('',#12428,2.25);
#12428 = AXIS2_PLACEMENT_3D('',#12429,#12430,#12431);
#12429 = CARTESIAN_POINT('',(-102.5,-62.5,63.));
#12430 = DIRECTION('',(0.,0.,1.));
#12431 = DIRECTION('',(1.,0.,-0.));
#12432 = PCURVE('',#11804,#12433);
#12433 = DEFINITIONAL_REPRESENTATION('',(#12434),#12438);
#12434 = CIRCLE('',#12435,2.25);
#12435 = AXIS2_PLACEMENT_2D('',#12436,#12437);
#12436 = CARTESIAN_POINT('',(7.5,7.5));
#12437 = DIRECTION('',(1.,0.));
#12438 = ( GEOMETRIC_REPRESENTATION_CONTEXT(2) 
PARAMETRIC_REPRESENTATION_CONTEXT() REPRESENTATION_CONTEXT('2D SPACE',''
  ) );
#12439 = PCURVE('',#12014,#12440);
#12440 = DEFINITIONAL_REPRESENTATION('',(#12441),#12445);
#12441 = LINE('',#12442,#12443);
#12442 = CARTESIAN_POINT('',(0.,1.));
#12443 = VECTOR('',#12444,1.);
#12444 = DIRECTION('',(1.,0.));
#12445 = ( GEOMETRIC_REPRESENTATION_CONTEXT(2) 
PARAMETRIC_REPRESENTATION_CONTEXT() REPRESENTATION_CONTEXT('2D SPACE',''
  ) );
#12446 = FACE_BOUND('',#12447,.F.);
#12447 = EDGE_LOOP('',(#12448));
#12448 = ORIENTED_EDGE('',*,*,#12449,.F.);
#12449 = EDGE_CURVE('',#12450,#12450,#12452,.T.);
#12450 = VERTEX_POINT('',#12451);
#12451 = CARTESIAN_POINT('',(104.75,-62.5,63.));
#12452 = SURFACE_CURVE('',#12453,(#12458,#12465),.PCURVE_S1.);
#12453 = CIRCLE('',#12454,2.25);
#12454 = AXIS2_PLACEMENT_3D('',#12455,#12456,#12457);
#12455 = CARTESIAN_POINT('',(102.5,-62.5,63.));
#12456 = DIRECTION('',(0.,0.,1.));
#12457 = DIRECTION('',(1.,0.,-0.));
#12458 = PCURVE('',#11804,#12459);
#12459 = DEFINITIONAL_REPRESENTATION('',(#12460),#12464);
#12460 = CIRCLE('',#12461,2.25);
#12461 = AXIS2_PLACEMENT_2D('',#12462,#12463);
#12462 = CARTESIAN_POINT('',(212.5,7.5));
#12463 = DIRECTION('',(1.,0.));
#12464 = ( GEOMETRIC_REPRESENTATION_CONTEXT(2) 
PARAMETRIC_REPRESENTATION_CONTEXT() REPRESENTATION_CONTEXT('2D SPACE',''
  ) );
#12465 = PCURVE('',#12045,#12466);
#12466 = DEFINITIONAL_REPRESENTATION('',(#12467),#12471);
#12467 = LINE('',#12468,#12469);
#12468 = CARTESIAN_POINT('',(0.,1.));
#12469 = VECTOR('',#12470,1.);
#12470 = DIRECTION('',(1.,0.));
#12471 = ( GEOMETRIC_REPRESENTATION_CONTEXT(2) 
PARAMETRIC_REPRESENTATION_CONTEXT() REPRESENTATION_CONTEXT('2D SPACE',''
  ) );
#12472 = FACE_BOUND('',#12473,.F.);
#12473 = EDGE_LOOP('',(#12474));
#12474 = ORIENTED_EDGE('',*,*,#12475,.F.);
#12475 = EDGE_CURVE('',#12476,#12476,#12478,.T.);
#12476 = VERTEX_POINT('',#12477);
#12477 = CARTESIAN_POINT('',(-100.25,62.5,63.));
#12478 = SURFACE_CURVE('',#12479,(#12484,#12491),.PCURVE_S1.);
#12479 = CIRCLE('',#12480,2.25);
#12480 = AXIS2_PLACEMENT_3D('',#12481,#12482,#12483);
#12481 = CARTESIAN_POINT('',(-102.5,62.5,63.));
#12482 = DIRECTION('',(0.,0.,1.));
#12483 = DIRECTION('',(1.,0.,-0.));
#12484 = PCURVE('',#11804,#12485);
#12485 = DEFINITIONAL_REPRESENTATION('',(#12486),#12490);
#12486 = CIRCLE('',#12487,2.25);
#12487 = AXIS2_PLACEMENT_2D('',#12488,#12489);
#12488 = CARTESIAN_POINT('',(7.5,132.5));
#12489 = DIRECTION('',(1.,0.));
#12490 = ( GEOMETRIC_REPRESENTATION_CONTEXT(2) 
PARAMETRIC_REPRESENTATION_CONTEXT() REPRESENTATION_CONTEXT('2D SPACE',''
  ) );
#12491 = PCURVE('',#12076,#12492);
#12492 = DEFINITIONAL_REPRESENTATION('',(#12493),#12497);
#12493 = LINE('',#12494,#12495);
#12494 = CARTESIAN_POINT('',(0.,1.));
#12495 = VECTOR('',#12496,1.);
#12496 = DIRECTION('',(1.,0.));
#12497 = ( GEOMETRIC_REPRESENTATION_CONTEXT(2) 
PARAMETRIC_REPRESENTATION_CONTEXT() REPRESENTATION_CONTEXT('2D SPACE',''
  ) );
#12498 = FACE_BOUND('',#12499,.F.);
#12499 = EDGE_LOOP('',(#12500,#12524,#12548,#12570,#12598,#12620,#12648,
    #12670));
#12500 = ORIENTED_EDGE('',*,*,#12501,.F.);
#12501 = EDGE_CURVE('',#12502,#12504,#12506,.T.);
#12502 = VERTEX_POINT('',#12503);
#12503 = CARTESIAN_POINT('',(107.,-58.5313730334,63.));
#12504 = VERTEX_POINT('',#12505);
#12505 = CARTESIAN_POINT('',(107.,58.531373033403,63.));
#12506 = SURFACE_CURVE('',#12507,(#12511,#12518),.PCURVE_S1.);
#12507 = LINE('',#12508,#12509);
#12508 = CARTESIAN_POINT('',(107.,-68.5,63.));
#12509 = VECTOR('',#12510,1.);
#12510 = DIRECTION('',(-0.,1.,0.));
#12511 = PCURVE('',#11804,#12512);
#12512 = DEFINITIONAL_REPRESENTATION('',(#12513),#12517);
#12513 = LINE('',#12514,#12515);
#12514 = CARTESIAN_POINT('',(217.,1.5));
#12515 = VECTOR('',#12516,1.);
#12516 = DIRECTION('',(0.,1.));
#12517 = ( GEOMETRIC_REPRESENTATION_CONTEXT(2) 
PARAMETRIC_REPRESENTATION_CONTEXT() REPRESENTATION_CONTEXT('2D SPACE',''
  ) );
#12518 = PCURVE('',#12108,#12519);
#12519 = DEFINITIONAL_REPRESENTATION('',(#12520),#12523);
#12520 = B_SPLINE_CURVE_WITH_KNOTS('',1,(#12521,#12522),.UNSPECIFIED.,
  .F.,.F.,(2,2),(1.5,135.5),.PIECEWISE_BEZIER_KNOTS.);
#12521 = CARTESIAN_POINT('',(1.,0.));
#12522 = CARTESIAN_POINT('',(1.,-134.));
#12523 = ( GEOMETRIC_REPRESENTATION_CONTEXT(2) 
PARAMETRIC_REPRESENTATION_CONTEXT() REPRESENTATION_CONTEXT('2D SPACE',''
  ) );
#12524 = ORIENTED_EDGE('',*,*,#12525,.T.);
#12525 = EDGE_CURVE('',#12502,#12526,#12528,.T.);
#12526 = VERTEX_POINT('',#12527);
#12527 = CARTESIAN_POINT('',(98.531373033403,-67.,63.));
#12528 = SURFACE_CURVE('',#12529,(#12534,#12541),.PCURVE_S1.);
#12529 = CIRCLE('',#12530,6.);
#12530 = AXIS2_PLACEMENT_3D('',#12531,#12532,#12533);
#12531 = CARTESIAN_POINT('',(102.5,-62.5,63.));
#12532 = DIRECTION('',(0.,0.,1.));
#12533 = DIRECTION('',(1.,0.,-0.));
#12534 = PCURVE('',#11804,#12535);
#12535 = DEFINITIONAL_REPRESENTATION('',(#12536),#12540);
#12536 = CIRCLE('',#12537,6.);
#12537 = AXIS2_PLACEMENT_2D('',#12538,#12539);
#12538 = CARTESIAN_POINT('',(212.5,7.5));
#12539 = DIRECTION('',(1.,0.));
#12540 = ( GEOMETRIC_REPRESENTATION_CONTEXT(2) 
PARAMETRIC_REPRESENTATION_CONTEXT() REPRESENTATION_CONTEXT('2D SPACE',''
  ) );
#12541 = PCURVE('',#12136,#12542);
#12542 = DEFINITIONAL_REPRESENTATION('',(#12543),#12547);
#12543 = LINE('',#12544,#12545);
#12544 = CARTESIAN_POINT('',(0.,0.));
#12545 = VECTOR('',#12546,1.);
#12546 = DIRECTION('',(1.,0.));
#12547 = ( GEOMETRIC_REPRESENTATION_CONTEXT(2) 
PARAMETRIC_REPRESENTATION_CONTEXT() REPRESENTATION_CONTEXT('2D SPACE',''
  ) );
#12548 = ORIENTED_EDGE('',*,*,#12549,.T.);
#12549 = EDGE_CURVE('',#12526,#12550,#12552,.T.);
#12550 = VERTEX_POINT('',#12551);
#12551 = CARTESIAN_POINT('',(-98.5313730334,-67.,63.));
#12552 = SURFACE_CURVE('',#12553,(#12557,#12564),.PCURVE_S1.);
#12553 = LINE('',#12554,#12555);
#12554 = CARTESIAN_POINT('',(-108.5,-67.,63.));
#12555 = VECTOR('',#12556,1.);
#12556 = DIRECTION('',(-1.,-0.,0.));
#12557 = PCURVE('',#11804,#12558);
#12558 = DEFINITIONAL_REPRESENTATION('',(#12559),#12563);
#12559 = LINE('',#12560,#12561);
#12560 = CARTESIAN_POINT('',(1.5,3.));
#12561 = VECTOR('',#12562,1.);
#12562 = DIRECTION('',(-1.,0.));
#12563 = ( GEOMETRIC_REPRESENTATION_CONTEXT(2) 
PARAMETRIC_REPRESENTATION_CONTEXT() REPRESENTATION_CONTEXT('2D SPACE',''
  ) );
#12564 = PCURVE('',#12164,#12565);
#12565 = DEFINITIONAL_REPRESENTATION('',(#12566),#12569);
#12566 = B_SPLINE_CURVE_WITH_KNOTS('',1,(#12567,#12568),.UNSPECIFIED.,
  .F.,.F.,(2,2),(-215.5,-1.5),.PIECEWISE_BEZIER_KNOTS.);
#12567 = CARTESIAN_POINT('',(1.,214.));
#12568 = CARTESIAN_POINT('',(1.,0.));
#12569 = ( GEOMETRIC_REPRESENTATION_CONTEXT(2) 
PARAMETRIC_REPRESENTATION_CONTEXT() REPRESENTATION_CONTEXT('2D SPACE',''
  ) );
#12570 = ORIENTED_EDGE('',*,*,#12571,.F.);
#12571 = EDGE_CURVE('',#12572,#12550,#12574,.T.);
#12572 = VERTEX_POINT('',#12573);
#12573 = CARTESIAN_POINT('',(-107.,-58.5313730334,63.));
#12574 = SURFACE_CURVE('',#12575,(#12580,#12591),.PCURVE_S1.);
#12575 = CIRCLE('',#12576,6.);
#12576 = AXIS2_PLACEMENT_3D('',#12577,#12578,#12579);
#12577 = CARTESIAN_POINT('',(-102.5,-62.5,63.));
#12578 = DIRECTION('',(0.,0.,-1.));
#12579 = DIRECTION('',(-0.75,0.661437827766,0.));
#12580 = PCURVE('',#11804,#12581);
#12581 = DEFINITIONAL_REPRESENTATION('',(#12582),#12590);
#12582 = ( BOUNDED_CURVE() B_SPLINE_CURVE(2,(#12583,#12584,#12585,#12586
    ,#12587,#12588,#12589),.UNSPECIFIED.,.T.,.F.) 
B_SPLINE_CURVE_WITH_KNOTS((1,2,2,2,2,1),(-2.094395102393,0.,
    2.094395102393,4.188790204786,6.28318530718,8.377580409573),
.UNSPECIFIED.) CURVE() GEOMETRIC_REPRESENTATION_ITEM() 
RATIONAL_B_SPLINE_CURVE((1.,0.5,1.,0.5,1.,0.5,1.)) REPRESENTATION_ITEM(
  '') );
#12583 = CARTESIAN_POINT('',(3.,11.468626966597));
#12584 = CARTESIAN_POINT('',(9.873863542433,19.262855600657));
#12585 = CARTESIAN_POINT('',(13.186931771217,9.412800833732));
#12586 = CARTESIAN_POINT('',(16.5,-0.437253933194));
#12587 = CARTESIAN_POINT('',(6.313068228783,1.618572199672));
#12588 = CARTESIAN_POINT('',(-3.873863542434,3.674398332537));
#12589 = CARTESIAN_POINT('',(3.,11.468626966597));
#12590 = ( GEOMETRIC_REPRESENTATION_CONTEXT(2) 
PARAMETRIC_REPRESENTATION_CONTEXT() REPRESENTATION_CONTEXT('2D SPACE',''
  ) );
#12591 = PCURVE('',#12192,#12592);
#12592 = DEFINITIONAL_REPRESENTATION('',(#12593),#12597);
#12593 = LINE('',#12594,#12595);
#12594 = CARTESIAN_POINT('',(8.702043712956,0.));
#12595 = VECTOR('',#12596,1.);
#12596 = DIRECTION('',(-1.,-0.));
#12597 = ( GEOMETRIC_REPRESENTATION_CONTEXT(2) 
PARAMETRIC_REPRESENTATION_CONTEXT() REPRESENTATION_CONTEXT('2D SPACE',''
  ) );
#12598 = ORIENTED_EDGE('',*,*,#12599,.T.);
#12599 = EDGE_CURVE('',#12572,#12600,#12602,.T.);
#12600 = VERTEX_POINT('',#12601);
#12601 = CARTESIAN_POINT('',(-107.,58.531373033403,63.));
#12602 = SURFACE_CURVE('',#12603,(#12607,#12614),.PCURVE_S1.);
#12603 = LINE('',#12604,#12605);
#12604 = CARTESIAN_POINT('',(-107.,-68.5,63.));
#12605 = VECTOR('',#12606,1.);
#12606 = DIRECTION('',(-0.,1.,0.));
#12607 = PCURVE('',#11804,#12608);
#12608 = DEFINITIONAL_REPRESENTATION('',(#12609),#12613);
#12609 = LINE('',#12610,#12611);
#12610 = CARTESIAN_POINT('',(3.,1.5));
#12611 = VECTOR('',#12612,1.);
#12612 = DIRECTION('',(0.,1.));
#12613 = ( GEOMETRIC_REPRESENTATION_CONTEXT(2) 
PARAMETRIC_REPRESENTATION_CONTEXT() REPRESENTATION_CONTEXT('2D SPACE',''
  ) );
#12614 = PCURVE('',#12220,#12615);
#12615 = DEFINITIONAL_REPRESENTATION('',(#12616),#12619);
#12616 = B_SPLINE_CURVE_WITH_KNOTS('',1,(#12617,#12618),.UNSPECIFIED.,
  .F.,.F.,(2,2),(1.5,135.5),.PIECEWISE_BEZIER_KNOTS.);
#12617 = CARTESIAN_POINT('',(1.,0.));
#12618 = CARTESIAN_POINT('',(1.,-134.));
#12619 = ( GEOMETRIC_REPRESENTATION_CONTEXT(2) 
PARAMETRIC_REPRESENTATION_CONTEXT() REPRESENTATION_CONTEXT('2D SPACE',''
  ) );
#12620 = ORIENTED_EDGE('',*,*,#12621,.F.);
#12621 = EDGE_CURVE('',#12622,#12600,#12624,.T.);
#12622 = VERTEX_POINT('',#12623);
#12623 = CARTESIAN_POINT('',(-98.5313730334,67.,63.));
#12624 = SURFACE_CURVE('',#12625,(#12630,#12641),.PCURVE_S1.);
#12625 = CIRCLE('',#12626,6.);
#12626 = AXIS2_PLACEMENT_3D('',#12627,#12628,#12629);
#12627 = CARTESIAN_POINT('',(-102.5,62.5,63.));
#12628 = DIRECTION('',(0.,0.,-1.));
#12629 = DIRECTION('',(0.661437827766,0.75,0.));
#12630 = PCURVE('',#11804,#12631);
#12631 = DEFINITIONAL_REPRESENTATION('',(#12632),#12640);
#12632 = ( BOUNDED_CURVE() B_SPLINE_CURVE(2,(#12633,#12634,#12635,#12636
    ,#12637,#12638,#12639),.UNSPECIFIED.,.T.,.F.) 
B_SPLINE_CURVE_WITH_KNOTS((1,2,2,2,2,1),(-2.094395102393,0.,
    2.094395102393,4.188790204786,6.28318530718,8.377580409573),
.UNSPECIFIED.) CURVE() GEOMETRIC_REPRESENTATION_ITEM() 
RATIONAL_B_SPLINE_CURVE((1.,0.5,1.,0.5,1.,0.5,1.)) REPRESENTATION_ITEM(
  '') );
#12633 = CARTESIAN_POINT('',(11.468626966597,137.));
#12634 = CARTESIAN_POINT('',(19.262855600657,130.12613645756));
#12635 = CARTESIAN_POINT('',(9.412800833732,126.81306822878));
#12636 = CARTESIAN_POINT('',(-0.437253933194,123.5));
#12637 = CARTESIAN_POINT('',(1.618572199672,133.68693177121));
#12638 = CARTESIAN_POINT('',(3.674398332537,143.87386354243));
#12639 = CARTESIAN_POINT('',(11.468626966597,137.));
#12640 = ( GEOMETRIC_REPRESENTATION_CONTEXT(2) 
PARAMETRIC_REPRESENTATION_CONTEXT() REPRESENTATION_CONTEXT('2D SPACE',''
  ) );
#12641 = PCURVE('',#12248,#12642);
#12642 = DEFINITIONAL_REPRESENTATION('',(#12643),#12647);
#12643 = LINE('',#12644,#12645);
#12644 = CARTESIAN_POINT('',(7.131247386161,0.));
#12645 = VECTOR('',#12646,1.);
#12646 = DIRECTION('',(-1.,-0.));
#12647 = ( GEOMETRIC_REPRESENTATION_CONTEXT(2) 
PARAMETRIC_REPRESENTATION_CONTEXT() REPRESENTATION_CONTEXT('2D SPACE',''
  ) );
#12648 = ORIENTED_EDGE('',*,*,#12649,.F.);
#12649 = EDGE_CURVE('',#12650,#12622,#12652,.T.);
#12650 = VERTEX_POINT('',#12651);
#12651 = CARTESIAN_POINT('',(98.531373033403,67.,63.));
#12652 = SURFACE_CURVE('',#12653,(#12657,#12664),.PCURVE_S1.);
#12653 = LINE('',#12654,#12655);
#12654 = CARTESIAN_POINT('',(-108.5,67.,63.));
#12655 = VECTOR('',#12656,1.);
#12656 = DIRECTION('',(-1.,-0.,0.));
#12657 = PCURVE('',#11804,#12658);
#12658 = DEFINITIONAL_REPRESENTATION('',(#12659),#12663);
#12659 = LINE('',#12660,#12661);
#12660 = CARTESIAN_POINT('',(1.5,137.));
#12661 = VECTOR('',#12662,1.);
#12662 = DIRECTION('',(-1.,0.));
#12663 = ( GEOMETRIC_REPRESENTATION_CONTEXT(2) 
PARAMETRIC_REPRESENTATION_CONTEXT() REPRESENTATION_CONTEXT('2D SPACE',''
  ) );
#12664 = PCURVE('',#12276,#12665);
#12665 = DEFINITIONAL_REPRESENTATION('',(#12666),#12669);
#12666 = B_SPLINE_CURVE_WITH_KNOTS('',1,(#12667,#12668),.UNSPECIFIED.,
  .F.,.F.,(2,2),(-215.5,-1.5),.PIECEWISE_BEZIER_KNOTS.);
#12667 = CARTESIAN_POINT('',(1.,214.));
#12668 = CARTESIAN_POINT('',(1.,0.));
#12669 = ( GEOMETRIC_REPRESENTATION_CONTEXT(2) 
PARAMETRIC_REPRESENTATION_CONTEXT() REPRESENTATION_CONTEXT('2D SPACE',''
  ) );
#12670 = ORIENTED_EDGE('',*,*,#12671,.T.);
#12671 = EDGE_CURVE('',#12650,#12504,#12672,.T.);
#12672 = SURFACE_CURVE('',#12673,(#12678,#12685),.PCURVE_S1.);
#12673 = CIRCLE('',#12674,6.);
#12674 = AXIS2_PLACEMENT_3D('',#12675,#12676,#12677);
#12675 = CARTESIAN_POINT('',(102.5,62.5,63.));
#12676 = DIRECTION('',(0.,0.,1.));
#12677 = DIRECTION('',(1.,0.,-0.));
#12678 = PCURVE('',#11804,#12679);
#12679 = DEFINITIONAL_REPRESENTATION('',(#12680),#12684);
#12680 = CIRCLE('',#12681,6.);
#12681 = AXIS2_PLACEMENT_2D('',#12682,#12683);
#12682 = CARTESIAN_POINT('',(212.5,132.5));
#12683 = DIRECTION('',(1.,0.));
#12684 = ( GEOMETRIC_REPRESENTATION_CONTEXT(2) 
PARAMETRIC_REPRESENTATION_CONTEXT() REPRESENTATION_CONTEXT('2D SPACE',''
  ) );
#12685 = PCURVE('',#12302,#12686);
#12686 = DEFINITIONAL_REPRESENTATION('',(#12687),#12691);
#12687 = LINE('',#12688,#12689);
#12688 = CARTESIAN_POINT('',(0.,0.));
#12689 = VECTOR('',#12690,1.);
#12690 = DIRECTION('',(1.,0.));
#12691 = ( GEOMETRIC_REPRESENTATION_CONTEXT(2) 
PARAMETRIC_REPRESENTATION_CONTEXT() REPRESENTATION_CONTEXT('2D SPACE',''
  ) );
#12692 = FACE_BOUND('',#12693,.F.);
#12693 = EDGE_LOOP('',(#12694));
#12694 = ORIENTED_EDGE('',*,*,#12695,.F.);
#12695 = EDGE_CURVE('',#12696,#12696,#12698,.T.);
#12696 = VERTEX_POINT('',#12697);
#12697 = CARTESIAN_POINT('',(104.75,62.5,63.));
#12698 = SURFACE_CURVE('',#12699,(#12704,#12711),.PCURVE_S1.);
#12699 = CIRCLE('',#12700,2.25);
#12700 = AXIS2_PLACEMENT_3D('',#12701,#12702,#12703);
#12701 = CARTESIAN_POINT('',(102.5,62.5,63.));
#12702 = DIRECTION('',(0.,0.,1.));
#12703 = DIRECTION('',(1.,0.,-0.));
#12704 = PCURVE('',#11804,#12705);
#12705 = DEFINITIONAL_REPRESENTATION('',(#12706),#12710);
#12706 = CIRCLE('',#12707,2.25);
#12707 = AXIS2_PLACEMENT_2D('',#12708,#12709);
#12708 = CARTESIAN_POINT('',(212.5,132.5));
#12709 = DIRECTION('',(1.,0.));
#12710 = ( GEOMETRIC_REPRESENTATION_CONTEXT(2) 
PARAMETRIC_REPRESENTATION_CONTEXT() REPRESENTATION_CONTEXT('2D SPACE',''
  ) );
#12711 = PCURVE('',#12333,#12712);
#12712 = DEFINITIONAL_REPRESENTATION('',(#12713),#12717);
#12713 = LINE('',#12714,#12715);
#12714 = CARTESIAN_POINT('',(0.,1.));
#12715 = VECTOR('',#12716,1.);
#12716 = DIRECTION('',(1.,0.));
#12717 = ( GEOMETRIC_REPRESENTATION_CONTEXT(2) 
PARAMETRIC_REPRESENTATION_CONTEXT() REPRESENTATION_CONTEXT('2D SPACE',''
  ) );
#12718 = ADVANCED_FACE('',(#12719),#11934,.T.);
#12719 = FACE_BOUND('',#12720,.T.);
#12720 = EDGE_LOOP('',(#12721,#12722,#12723,#12724));
#12721 = ORIENTED_EDGE('',*,*,#11920,.F.);
#12722 = ORIENTED_EDGE('',*,*,#12399,.T.);
#12723 = ORIENTED_EDGE('',*,*,#12373,.T.);
#12724 = ORIENTED_EDGE('',*,*,#11951,.F.);
#12725 = ADVANCED_FACE('',(#12726),#12014,.F.);
#12726 = FACE_BOUND('',#12727,.F.);
#12727 = EDGE_LOOP('',(#12728,#12729,#12750,#12751));
#12728 = ORIENTED_EDGE('',*,*,#11997,.F.);
#12729 = ORIENTED_EDGE('',*,*,#12730,.F.);
#12730 = EDGE_CURVE('',#12424,#11998,#12731,.T.);
#12731 = SEAM_CURVE('',#12732,(#12736,#12743),.PCURVE_S1.);
#12732 = LINE('',#12733,#12734);
#12733 = CARTESIAN_POINT('',(-100.25,-62.5,62.));
#12734 = VECTOR('',#12735,1.);
#12735 = DIRECTION('',(0.,0.,1.));
#12736 = PCURVE('',#12014,#12737);
#12737 = DEFINITIONAL_REPRESENTATION('',(#12738),#12742);
#12738 = LINE('',#12739,#12740);
#12739 = CARTESIAN_POINT('',(6.28318530718,-0.));
#12740 = VECTOR('',#12741,1.);
#12741 = DIRECTION('',(0.,1.));
#12742 = ( GEOMETRIC_REPRESENTATION_CONTEXT(2) 
PARAMETRIC_REPRESENTATION_CONTEXT() REPRESENTATION_CONTEXT('2D SPACE',''
  ) );
#12743 = PCURVE('',#12014,#12744);
#12744 = DEFINITIONAL_REPRESENTATION('',(#12745),#12749);
#12745 = LINE('',#12746,#12747);
#12746 = CARTESIAN_POINT('',(0.,-0.));
#12747 = VECTOR('',#12748,1.);
#12748 = DIRECTION('',(0.,1.));
#12749 = ( GEOMETRIC_REPRESENTATION_CONTEXT(2) 
PARAMETRIC_REPRESENTATION_CONTEXT() REPRESENTATION_CONTEXT('2D SPACE',''
  ) );
#12750 = ORIENTED_EDGE('',*,*,#12423,.T.);
#12751 = ORIENTED_EDGE('',*,*,#12730,.T.);
#12752 = ADVANCED_FACE('',(#12753),#12045,.F.);
#12753 = FACE_BOUND('',#12754,.F.);
#12754 = EDGE_LOOP('',(#12755,#12756,#12777,#12778));
#12755 = ORIENTED_EDGE('',*,*,#12028,.F.);
#12756 = ORIENTED_EDGE('',*,*,#12757,.F.);
#12757 = EDGE_CURVE('',#12450,#12029,#12758,.T.);
#12758 = SEAM_CURVE('',#12759,(#12763,#12770),.PCURVE_S1.);
#12759 = LINE('',#12760,#12761);
#12760 = CARTESIAN_POINT('',(104.75,-62.5,62.));
#12761 = VECTOR('',#12762,1.);
#12762 = DIRECTION('',(0.,0.,1.));
#12763 = PCURVE('',#12045,#12764);
#12764 = DEFINITIONAL_REPRESENTATION('',(#12765),#12769);
#12765 = LINE('',#12766,#12767);
#12766 = CARTESIAN_POINT('',(6.28318530718,-0.));
#12767 = VECTOR('',#12768,1.);
#12768 = DIRECTION('',(0.,1.));
#12769 = ( GEOMETRIC_REPRESENTATION_CONTEXT(2) 
PARAMETRIC_REPRESENTATION_CONTEXT() REPRESENTATION_CONTEXT('2D SPACE',''
  ) );
#12770 = PCURVE('',#12045,#12771);
#12771 = DEFINITIONAL_REPRESENTATION('',(#12772),#12776);
#12772 = LINE('',#12773,#12774);
#12773 = CARTESIAN_POINT('',(0.,-0.));
#12774 = VECTOR('',#12775,1.);
#12775 = DIRECTION('',(0.,1.));
#12776 = ( GEOMETRIC_REPRESENTATION_CONTEXT(2) 
PARAMETRIC_REPRESENTATION_CONTEXT() REPRESENTATION_CONTEXT('2D SPACE',''
  ) );
#12777 = ORIENTED_EDGE('',*,*,#12449,.T.);
#12778 = ORIENTED_EDGE('',*,*,#12757,.T.);
#12779 = ADVANCED_FACE('',(#12780),#12076,.F.);
#12780 = FACE_BOUND('',#12781,.F.);
#12781 = EDGE_LOOP('',(#12782,#12783,#12804,#12805));
#12782 = ORIENTED_EDGE('',*,*,#12059,.F.);
#12783 = ORIENTED_EDGE('',*,*,#12784,.F.);
#12784 = EDGE_CURVE('',#12476,#12060,#12785,.T.);
#12785 = SEAM_CURVE('',#12786,(#12790,#12797),.PCURVE_S1.);
#12786 = LINE('',#12787,#12788);
#12787 = CARTESIAN_POINT('',(-100.25,62.5,62.));
#12788 = VECTOR('',#12789,1.);
#12789 = DIRECTION('',(0.,0.,1.));
#12790 = PCURVE('',#12076,#12791);
#12791 = DEFINITIONAL_REPRESENTATION('',(#12792),#12796);
#12792 = LINE('',#12793,#12794);
#12793 = CARTESIAN_POINT('',(6.28318530718,-0.));
#12794 = VECTOR('',#12795,1.);
#12795 = DIRECTION('',(0.,1.));
#12796 = ( GEOMETRIC_REPRESENTATION_CONTEXT(2) 
PARAMETRIC_REPRESENTATION_CONTEXT() REPRESENTATION_CONTEXT('2D SPACE',''
  ) );
#12797 = PCURVE('',#12076,#12798);
#12798 = DEFINITIONAL_REPRESENTATION('',(#12799),#12803);
#12799 = LINE('',#12800,#12801);
#12800 = CARTESIAN_POINT('',(0.,-0.));
#12801 = VECTOR('',#12802,1.);
#12802 = DIRECTION('',(0.,1.));
#12803 = ( GEOMETRIC_REPRESENTATION_CONTEXT(2) 
PARAMETRIC_REPRESENTATION_CONTEXT() REPRESENTATION_CONTEXT('2D SPACE',''
  ) );
#12804 = ORIENTED_EDGE('',*,*,#12475,.T.);
#12805 = ORIENTED_EDGE('',*,*,#12784,.T.);
#12806 = ADVANCED_FACE('',(#12807),#12108,.F.);
#12807 = FACE_BOUND('',#12808,.F.);
#12808 = EDGE_LOOP('',(#12809,#12828,#12829,#12848));
#12809 = ORIENTED_EDGE('',*,*,#12810,.F.);
#12810 = EDGE_CURVE('',#12502,#12091,#12811,.T.);
#12811 = SURFACE_CURVE('',#12812,(#12816,#12822),.PCURVE_S1.);
#12812 = LINE('',#12813,#12814);
#12813 = CARTESIAN_POINT('',(107.,-58.5313730334,63.));
#12814 = VECTOR('',#12815,1.);
#12815 = DIRECTION('',(0.,0.,1.));
#12816 = PCURVE('',#12108,#12817);
#12817 = DEFINITIONAL_REPRESENTATION('',(#12818),#12821);
#12818 = B_SPLINE_CURVE_WITH_KNOTS('',1,(#12819,#12820),.UNSPECIFIED.,
  .F.,.F.,(2,2),(-2.399999999625E-06,1.0000024),
  .PIECEWISE_BEZIER_KNOTS.);
#12819 = CARTESIAN_POINT('',(0.9999976,-8.468626966597));
#12820 = CARTESIAN_POINT('',(2.0000024,-8.468626966597));
#12821 = ( GEOMETRIC_REPRESENTATION_CONTEXT(2) 
PARAMETRIC_REPRESENTATION_CONTEXT() REPRESENTATION_CONTEXT('2D SPACE',''
  ) );
#12822 = PCURVE('',#12136,#12823);
#12823 = DEFINITIONAL_REPRESENTATION('',(#12824),#12827);
#12824 = B_SPLINE_CURVE_WITH_KNOTS('',1,(#12825,#12826),.UNSPECIFIED.,
  .F.,.F.,(2,2),(-2.399999999625E-06,1.0000024),
  .PIECEWISE_BEZIER_KNOTS.);
#12825 = CARTESIAN_POINT('',(0.722734247813,-2.399999999625E-06));
#12826 = CARTESIAN_POINT('',(0.722734247813,1.0000024));
#12827 = ( GEOMETRIC_REPRESENTATION_CONTEXT(2) 
PARAMETRIC_REPRESENTATION_CONTEXT() REPRESENTATION_CONTEXT('2D SPACE',''
  ) );
#12828 = ORIENTED_EDGE('',*,*,#12501,.T.);
#12829 = ORIENTED_EDGE('',*,*,#12830,.T.);
#12830 = EDGE_CURVE('',#12504,#12093,#12831,.T.);
#12831 = SURFACE_CURVE('',#12832,(#12836,#12842),.PCURVE_S1.);
#12832 = LINE('',#12833,#12834);
#12833 = CARTESIAN_POINT('',(107.,58.531373033403,63.));
#12834 = VECTOR('',#12835,1.);
#12835 = DIRECTION('',(0.,0.,1.));
#12836 = PCURVE('',#12108,#12837);
#12837 = DEFINITIONAL_REPRESENTATION('',(#12838),#12841);
#12838 = B_SPLINE_CURVE_WITH_KNOTS('',1,(#12839,#12840),.UNSPECIFIED.,
  .F.,.F.,(2,2),(-2.399999999625E-06,1.0000024),
  .PIECEWISE_BEZIER_KNOTS.);
#12839 = CARTESIAN_POINT('',(0.9999976,-125.5313730334));
#12840 = CARTESIAN_POINT('',(2.0000024,-125.5313730334));
#12841 = ( GEOMETRIC_REPRESENTATION_CONTEXT(2) 
PARAMETRIC_REPRESENTATION_CONTEXT() REPRESENTATION_CONTEXT('2D SPACE',''
  ) );
#12842 = PCURVE('',#12302,#12843);
#12843 = DEFINITIONAL_REPRESENTATION('',(#12844),#12847);
#12844 = B_SPLINE_CURVE_WITH_KNOTS('',1,(#12845,#12846),.UNSPECIFIED.,
  .F.,.F.,(2,2),(-2.399999999625E-06,1.0000024),
  .PIECEWISE_BEZIER_KNOTS.);
#12845 = CARTESIAN_POINT('',(5.560451059366,-2.399999999625E-06));
#12846 = CARTESIAN_POINT('',(5.560451059366,1.0000024));
#12847 = ( GEOMETRIC_REPRESENTATION_CONTEXT(2) 
PARAMETRIC_REPRESENTATION_CONTEXT() REPRESENTATION_CONTEXT('2D SPACE',''
  ) );
#12848 = ORIENTED_EDGE('',*,*,#12090,.F.);
#12849 = ADVANCED_FACE('',(#12850),#12136,.T.);
#12850 = FACE_BOUND('',#12851,.T.);
#12851 = EDGE_LOOP('',(#12852,#12853,#12854,#12855));
#12852 = ORIENTED_EDGE('',*,*,#12119,.F.);
#12853 = ORIENTED_EDGE('',*,*,#12810,.F.);
#12854 = ORIENTED_EDGE('',*,*,#12525,.T.);
#12855 = ORIENTED_EDGE('',*,*,#12856,.T.);
#12856 = EDGE_CURVE('',#12526,#12120,#12857,.T.);
#12857 = SURFACE_CURVE('',#12858,(#12862,#12868),.PCURVE_S1.);
#12858 = LINE('',#12859,#12860);
#12859 = CARTESIAN_POINT('',(98.531373033403,-67.,63.));
#12860 = VECTOR('',#12861,1.);
#12861 = DIRECTION('',(0.,0.,1.));
#12862 = PCURVE('',#12136,#12863);
#12863 = DEFINITIONAL_REPRESENTATION('',(#12864),#12867);
#12864 = B_SPLINE_CURVE_WITH_KNOTS('',1,(#12865,#12866),.UNSPECIFIED.,
  .F.,.F.,(2,2),(-2.399999999625E-06,1.0000024),
  .PIECEWISE_BEZIER_KNOTS.);
#12865 = CARTESIAN_POINT('',(3.989654732571,-2.399999999625E-06));
#12866 = CARTESIAN_POINT('',(3.989654732571,1.0000024));
#12867 = ( GEOMETRIC_REPRESENTATION_CONTEXT(2) 
PARAMETRIC_REPRESENTATION_CONTEXT() REPRESENTATION_CONTEXT('2D SPACE',''
  ) );
#12868 = PCURVE('',#12164,#12869);
#12869 = DEFINITIONAL_REPRESENTATION('',(#12870),#12873);
#12870 = B_SPLINE_CURVE_WITH_KNOTS('',1,(#12871,#12872),.UNSPECIFIED.,
  .F.,.F.,(2,2),(-2.399999999625E-06,1.0000024),
  .PIECEWISE_BEZIER_KNOTS.);
#12871 = CARTESIAN_POINT('',(0.9999976,205.5313730334));
#12872 = CARTESIAN_POINT('',(2.0000024,205.5313730334));
#12873 = ( GEOMETRIC_REPRESENTATION_CONTEXT(2) 
PARAMETRIC_REPRESENTATION_CONTEXT() REPRESENTATION_CONTEXT('2D SPACE',''
  ) );
#12874 = ADVANCED_FACE('',(#12875),#12302,.T.);
#12875 = FACE_BOUND('',#12876,.T.);
#12876 = EDGE_LOOP('',(#12877,#12878,#12879,#12898));
#12877 = ORIENTED_EDGE('',*,*,#12830,.T.);
#12878 = ORIENTED_EDGE('',*,*,#12287,.F.);
#12879 = ORIENTED_EDGE('',*,*,#12880,.F.);
#12880 = EDGE_CURVE('',#12650,#12261,#12881,.T.);
#12881 = SURFACE_CURVE('',#12882,(#12886,#12892),.PCURVE_S1.);
#12882 = LINE('',#12883,#12884);
#12883 = CARTESIAN_POINT('',(98.531373033403,67.,63.));
#12884 = VECTOR('',#12885,1.);
#12885 = DIRECTION('',(0.,0.,1.));
#12886 = PCURVE('',#12302,#12887);
#12887 = DEFINITIONAL_REPRESENTATION('',(#12888),#12891);
#12888 = B_SPLINE_CURVE_WITH_KNOTS('',1,(#12889,#12890),.UNSPECIFIED.,
  .F.,.F.,(2,2),(-2.399999999625E-06,1.0000024),
  .PIECEWISE_BEZIER_KNOTS.);
#12889 = CARTESIAN_POINT('',(2.293530574608,-2.399999999625E-06));
#12890 = CARTESIAN_POINT('',(2.293530574608,1.0000024));
#12891 = ( GEOMETRIC_REPRESENTATION_CONTEXT(2) 
PARAMETRIC_REPRESENTATION_CONTEXT() REPRESENTATION_CONTEXT('2D SPACE',''
  ) );
#12892 = PCURVE('',#12276,#12893);
#12893 = DEFINITIONAL_REPRESENTATION('',(#12894),#12897);
#12894 = B_SPLINE_CURVE_WITH_KNOTS('',1,(#12895,#12896),.UNSPECIFIED.,
  .F.,.F.,(2,2),(-2.399999999625E-06,1.0000024),
  .PIECEWISE_BEZIER_KNOTS.);
#12895 = CARTESIAN_POINT('',(0.9999976,205.5313730334));
#12896 = CARTESIAN_POINT('',(2.0000024,205.5313730334));
#12897 = ( GEOMETRIC_REPRESENTATION_CONTEXT(2) 
PARAMETRIC_REPRESENTATION_CONTEXT() REPRESENTATION_CONTEXT('2D SPACE',''
  ) );
#12898 = ORIENTED_EDGE('',*,*,#12671,.T.);
#12899 = ADVANCED_FACE('',(#12900),#12164,.T.);
#12900 = FACE_BOUND('',#12901,.T.);
#12901 = EDGE_LOOP('',(#12902,#12903,#12904,#12923));
#12902 = ORIENTED_EDGE('',*,*,#12856,.F.);
#12903 = ORIENTED_EDGE('',*,*,#12549,.T.);
#12904 = ORIENTED_EDGE('',*,*,#12905,.T.);
#12905 = EDGE_CURVE('',#12550,#12149,#12906,.T.);
#12906 = SURFACE_CURVE('',#12907,(#12911,#12917),.PCURVE_S1.);
#12907 = LINE('',#12908,#12909);
#12908 = CARTESIAN_POINT('',(-98.5313730334,-67.,63.));
#12909 = VECTOR('',#12910,1.);
#12910 = DIRECTION('',(0.,0.,1.));
#12911 = PCURVE('',#12164,#12912);
#12912 = DEFINITIONAL_REPRESENTATION('',(#12913),#12916);
#12913 = B_SPLINE_CURVE_WITH_KNOTS('',1,(#12914,#12915),.UNSPECIFIED.,
  .F.,.F.,(2,2),(-2.399999999625E-06,1.0000024),
  .PIECEWISE_BEZIER_KNOTS.);
#12914 = CARTESIAN_POINT('',(0.9999976,8.468626966597));
#12915 = CARTESIAN_POINT('',(2.0000024,8.468626966597));
#12916 = ( GEOMETRIC_REPRESENTATION_CONTEXT(2) 
PARAMETRIC_REPRESENTATION_CONTEXT() REPRESENTATION_CONTEXT('2D SPACE',''
  ) );
#12917 = PCURVE('',#12192,#12918);
#12918 = DEFINITIONAL_REPRESENTATION('',(#12919),#12922);
#12919 = B_SPLINE_CURVE_WITH_KNOTS('',1,(#12920,#12921),.UNSPECIFIED.,
  .F.,.F.,(2,2),(0.,1.),.PIECEWISE_BEZIER_KNOTS.);
#12920 = CARTESIAN_POINT('',(5.435123228198,0.));
#12921 = CARTESIAN_POINT('',(5.435123228198,1.));
#12922 = ( GEOMETRIC_REPRESENTATION_CONTEXT(2) 
PARAMETRIC_REPRESENTATION_CONTEXT() REPRESENTATION_CONTEXT('2D SPACE',''
  ) );
#12923 = ORIENTED_EDGE('',*,*,#12148,.F.);
#12924 = ADVANCED_FACE('',(#12925),#12276,.F.);
#12925 = FACE_BOUND('',#12926,.F.);
#12926 = EDGE_LOOP('',(#12927,#12928,#12929,#12948));
#12927 = ORIENTED_EDGE('',*,*,#12880,.F.);
#12928 = ORIENTED_EDGE('',*,*,#12649,.T.);
#12929 = ORIENTED_EDGE('',*,*,#12930,.T.);
#12930 = EDGE_CURVE('',#12622,#12232,#12931,.T.);
#12931 = SURFACE_CURVE('',#12932,(#12936,#12942),.PCURVE_S1.);
#12932 = LINE('',#12933,#12934);
#12933 = CARTESIAN_POINT('',(-98.5313730334,67.,63.));
#12934 = VECTOR('',#12935,1.);
#12935 = DIRECTION('',(0.,0.,1.));
#12936 = PCURVE('',#12276,#12937);
#12937 = DEFINITIONAL_REPRESENTATION('',(#12938),#12941);
#12938 = B_SPLINE_CURVE_WITH_KNOTS('',1,(#12939,#12940),.UNSPECIFIED.,
  .F.,.F.,(2,2),(-2.399999999625E-06,1.0000024),
  .PIECEWISE_BEZIER_KNOTS.);
#12939 = CARTESIAN_POINT('',(0.9999976,8.468626966597));
#12940 = CARTESIAN_POINT('',(2.0000024,8.468626966597));
#12941 = ( GEOMETRIC_REPRESENTATION_CONTEXT(2) 
PARAMETRIC_REPRESENTATION_CONTEXT() REPRESENTATION_CONTEXT('2D SPACE',''
  ) );
#12942 = PCURVE('',#12248,#12943);
#12943 = DEFINITIONAL_REPRESENTATION('',(#12944),#12947);
#12944 = B_SPLINE_CURVE_WITH_KNOTS('',1,(#12945,#12946),.UNSPECIFIED.,
  .F.,.F.,(2,2),(0.,1.),.PIECEWISE_BEZIER_KNOTS.);
#12945 = CARTESIAN_POINT('',(7.131247386161,0.));
#12946 = CARTESIAN_POINT('',(7.131247386161,1.));
#12947 = ( GEOMETRIC_REPRESENTATION_CONTEXT(2) 
PARAMETRIC_REPRESENTATION_CONTEXT() REPRESENTATION_CONTEXT('2D SPACE',''
  ) );
#12948 = ORIENTED_EDGE('',*,*,#12260,.F.);
#12949 = ADVANCED_FACE('',(#12950),#12192,.T.);
#12950 = FACE_BOUND('',#12951,.T.);
#12951 = EDGE_LOOP('',(#12952,#12953,#12954,#12955));
#12952 = ORIENTED_EDGE('',*,*,#12175,.F.);
#12953 = ORIENTED_EDGE('',*,*,#12905,.F.);
#12954 = ORIENTED_EDGE('',*,*,#12571,.F.);
#12955 = ORIENTED_EDGE('',*,*,#12956,.T.);
#12956 = EDGE_CURVE('',#12572,#12176,#12957,.T.);
#12957 = SURFACE_CURVE('',#12958,(#12962,#12968),.PCURVE_S1.);
#12958 = LINE('',#12959,#12960);
#12959 = CARTESIAN_POINT('',(-107.,-58.5313730334,63.));
#12960 = VECTOR('',#12961,1.);
#12961 = DIRECTION('',(0.,0.,1.));
#12962 = PCURVE('',#12192,#12963);
#12963 = DEFINITIONAL_REPRESENTATION('',(#12964),#12967);
#12964 = B_SPLINE_CURVE_WITH_KNOTS('',1,(#12965,#12966),.UNSPECIFIED.,
  .F.,.F.,(2,2),(0.,1.),.PIECEWISE_BEZIER_KNOTS.);
#12965 = CARTESIAN_POINT('',(8.702043712956,0.));
#12966 = CARTESIAN_POINT('',(8.702043712956,1.));
#12967 = ( GEOMETRIC_REPRESENTATION_CONTEXT(2) 
PARAMETRIC_REPRESENTATION_CONTEXT() REPRESENTATION_CONTEXT('2D SPACE',''
  ) );
#12968 = PCURVE('',#12220,#12969);
#12969 = DEFINITIONAL_REPRESENTATION('',(#12970),#12973);
#12970 = B_SPLINE_CURVE_WITH_KNOTS('',1,(#12971,#12972),.UNSPECIFIED.,
  .F.,.F.,(2,2),(-2.399999999625E-06,1.0000024),
  .PIECEWISE_BEZIER_KNOTS.);
#12971 = CARTESIAN_POINT('',(0.9999976,-8.468626966597));
#12972 = CARTESIAN_POINT('',(2.0000024,-8.468626966597));
#12973 = ( GEOMETRIC_REPRESENTATION_CONTEXT(2) 
PARAMETRIC_REPRESENTATION_CONTEXT() REPRESENTATION_CONTEXT('2D SPACE',''
  ) );
#12974 = ADVANCED_FACE('',(#12975),#12248,.T.);
#12975 = FACE_BOUND('',#12976,.T.);
#12976 = EDGE_LOOP('',(#12977,#12978,#12997,#12998));
#12977 = ORIENTED_EDGE('',*,*,#12231,.F.);
#12978 = ORIENTED_EDGE('',*,*,#12979,.F.);
#12979 = EDGE_CURVE('',#12600,#12205,#12980,.T.);
#12980 = SURFACE_CURVE('',#12981,(#12985,#12991),.PCURVE_S1.);
#12981 = LINE('',#12982,#12983);
#12982 = CARTESIAN_POINT('',(-107.,58.531373033403,63.));
#12983 = VECTOR('',#12984,1.);
#12984 = DIRECTION('',(0.,0.,1.));
#12985 = PCURVE('',#12248,#12986);
#12986 = DEFINITIONAL_REPRESENTATION('',(#12987),#12990);
#12987 = B_SPLINE_CURVE_WITH_KNOTS('',1,(#12988,#12989),.UNSPECIFIED.,
  .F.,.F.,(2,2),(0.,1.),.PIECEWISE_BEZIER_KNOTS.);
#12988 = CARTESIAN_POINT('',(3.864326901403,0.));
#12989 = CARTESIAN_POINT('',(3.864326901403,1.));
#12990 = ( GEOMETRIC_REPRESENTATION_CONTEXT(2) 
PARAMETRIC_REPRESENTATION_CONTEXT() REPRESENTATION_CONTEXT('2D SPACE',''
  ) );
#12991 = PCURVE('',#12220,#12992);
#12992 = DEFINITIONAL_REPRESENTATION('',(#12993),#12996);
#12993 = B_SPLINE_CURVE_WITH_KNOTS('',1,(#12994,#12995),.UNSPECIFIED.,
  .F.,.F.,(2,2),(-2.399999999625E-06,1.0000024),
  .PIECEWISE_BEZIER_KNOTS.);
#12994 = CARTESIAN_POINT('',(0.9999976,-125.5313730334));
#12995 = CARTESIAN_POINT('',(2.0000024,-125.5313730334));
#12996 = ( GEOMETRIC_REPRESENTATION_CONTEXT(2) 
PARAMETRIC_REPRESENTATION_CONTEXT() REPRESENTATION_CONTEXT('2D SPACE',''
  ) );
#12997 = ORIENTED_EDGE('',*,*,#12621,.F.);
#12998 = ORIENTED_EDGE('',*,*,#12930,.T.);
#12999 = ADVANCED_FACE('',(#13000),#12220,.T.);
#13000 = FACE_BOUND('',#13001,.T.);
#13001 = EDGE_LOOP('',(#13002,#13003,#13004,#13005));
#13002 = ORIENTED_EDGE('',*,*,#12956,.F.);
#13003 = ORIENTED_EDGE('',*,*,#12599,.T.);
#13004 = ORIENTED_EDGE('',*,*,#12979,.T.);
#13005 = ORIENTED_EDGE('',*,*,#12204,.F.);
#13006 = ADVANCED_FACE('',(#13007),#12333,.F.);
#13007 = FACE_BOUND('',#13008,.F.);
#13008 = EDGE_LOOP('',(#13009,#13010,#13031,#13032));
#13009 = ORIENTED_EDGE('',*,*,#12316,.F.);
#13010 = ORIENTED_EDGE('',*,*,#13011,.F.);
#13011 = EDGE_CURVE('',#12696,#12317,#13012,.T.);
#13012 = SEAM_CURVE('',#13013,(#13017,#13024),.PCURVE_S1.);
#13013 = LINE('',#13014,#13015);
#13014 = CARTESIAN_POINT('',(104.75,62.5,62.));
#13015 = VECTOR('',#13016,1.);
#13016 = DIRECTION('',(0.,0.,1.));
#13017 = PCURVE('',#12333,#13018);
#13018 = DEFINITIONAL_REPRESENTATION('',(#13019),#13023);
#13019 = LINE('',#13020,#13021);
#13020 = CARTESIAN_POINT('',(6.28318530718,-0.));
#13021 = VECTOR('',#13022,1.);
#13022 = DIRECTION('',(0.,1.));
#13023 = ( GEOMETRIC_REPRESENTATION_CONTEXT(2) 
PARAMETRIC_REPRESENTATION_CONTEXT() REPRESENTATION_CONTEXT('2D SPACE',''
  ) );
#13024 = PCURVE('',#12333,#13025);
#13025 = DEFINITIONAL_REPRESENTATION('',(#13026),#13030);
#13026 = LINE('',#13027,#13028);
#13027 = CARTESIAN_POINT('',(0.,-0.));
#13028 = VECTOR('',#13029,1.);
#13029 = DIRECTION('',(0.,1.));
#13030 = ( GEOMETRIC_REPRESENTATION_CONTEXT(2) 
PARAMETRIC_REPRESENTATION_CONTEXT() REPRESENTATION_CONTEXT('2D SPACE',''
  ) );
#13031 = ORIENTED_EDGE('',*,*,#12695,.T.);
#13032 = ORIENTED_EDGE('',*,*,#13011,.T.);
#13033 = MANIFOLD_SOLID_BREP('',#13034);
#13034 = CLOSED_SHELL('',(#13035,#13155,#13231,#13404,#13453,#13584,
    #13591,#13618,#13645,#13672));
#13035 = ADVANCED_FACE('',(#13036),#13050,.F.);
#13036 = FACE_BOUND('',#13037,.F.);
#13037 = EDGE_LOOP('',(#13038,#13073,#13101,#13129));
#13038 = ORIENTED_EDGE('',*,*,#13039,.F.);
#13039 = EDGE_CURVE('',#13040,#13042,#13044,.T.);
#13040 = VERTEX_POINT('',#13041);
#13041 = CARTESIAN_POINT('',(-110.,-70.,64.));
#13042 = VERTEX_POINT('',#13043);
#13043 = CARTESIAN_POINT('',(-110.,-70.,67.));
#13044 = SURFACE_CURVE('',#13045,(#13049,#13061),.PCURVE_S1.);
#13045 = LINE('',#13046,#13047);
#13046 = CARTESIAN_POINT('',(-110.,-70.,64.));
#13047 = VECTOR('',#13048,1.);
#13048 = DIRECTION('',(0.,0.,1.));
#13049 = PCURVE('',#13050,#13055);
#13050 = PLANE('',#13051);
#13051 = AXIS2_PLACEMENT_3D('',#13052,#13053,#13054);
#13052 = CARTESIAN_POINT('',(-110.,-70.,64.));
#13053 = DIRECTION('',(1.,0.,-0.));
#13054 = DIRECTION('',(0.,0.,1.));
#13055 = DEFINITIONAL_REPRESENTATION('',(#13056),#13060);
#13056 = LINE('',#13057,#13058);
#13057 = CARTESIAN_POINT('',(0.,0.));
#13058 = VECTOR('',#13059,1.);
#13059 = DIRECTION('',(1.,0.));
#13060 = ( GEOMETRIC_REPRESENTATION_CONTEXT(2) 
PARAMETRIC_REPRESENTATION_CONTEXT() REPRESENTATION_CONTEXT('2D SPACE',''
  ) );
#13061 = PCURVE('',#13062,#13067);
#13062 = PLANE('',#13063);
#13063 = AXIS2_PLACEMENT_3D('',#13064,#13065,#13066);
#13064 = CARTESIAN_POINT('',(-110.,-70.,64.));
#13065 = DIRECTION('',(-0.,1.,0.));
#13066 = DIRECTION('',(0.,0.,1.));
#13067 = DEFINITIONAL_REPRESENTATION('',(#13068),#13072);
#13068 = LINE('',#13069,#13070);
#13069 = CARTESIAN_POINT('',(0.,0.));
#13070 = VECTOR('',#13071,1.);
#13071 = DIRECTION('',(1.,0.));
#13072 = ( GEOMETRIC_REPRESENTATION_CONTEXT(2) 
PARAMETRIC_REPRESENTATION_CONTEXT() REPRESENTATION_CONTEXT('2D SPACE',''
  ) );
#13073 = ORIENTED_EDGE('',*,*,#13074,.T.);
#13074 = EDGE_CURVE('',#13040,#13075,#13077,.T.);
#13075 = VERTEX_POINT('',#13076);
#13076 = CARTESIAN_POINT('',(-110.,70.,64.));
#13077 = SURFACE_CURVE('',#13078,(#13082,#13089),.PCURVE_S1.);
#13078 = LINE('',#13079,#13080);
#13079 = CARTESIAN_POINT('',(-110.,-70.,64.));
#13080 = VECTOR('',#13081,1.);
#13081 = DIRECTION('',(-0.,1.,0.));
#13082 = PCURVE('',#13050,#13083);
#13083 = DEFINITIONAL_REPRESENTATION('',(#13084),#13088);
#13084 = LINE('',#13085,#13086);
#13085 = CARTESIAN_POINT('',(0.,0.));
#13086 = VECTOR('',#13087,1.);
#13087 = DIRECTION('',(0.,-1.));
#13088 = ( GEOMETRIC_REPRESENTATION_CONTEXT(2) 
PARAMETRIC_REPRESENTATION_CONTEXT() REPRESENTATION_CONTEXT('2D SPACE',''
  ) );
#13089 = PCURVE('',#13090,#13095);
#13090 = PLANE('',#13091);
#13091 = AXIS2_PLACEMENT_3D('',#13092,#13093,#13094);
#13092 = CARTESIAN_POINT('',(-110.,-70.,64.));
#13093 = DIRECTION('',(0.,0.,1.));
#13094 = DIRECTION('',(1.,0.,-0.));
#13095 = DEFINITIONAL_REPRESENTATION('',(#13096),#13100);
#13096 = LINE('',#13097,#13098);
#13097 = CARTESIAN_POINT('',(0.,0.));
#13098 = VECTOR('',#13099,1.);
#13099 = DIRECTION('',(0.,1.));
#13100 = ( GEOMETRIC_REPRESENTATION_CONTEXT(2) 
PARAMETRIC_REPRESENTATION_CONTEXT() REPRESENTATION_CONTEXT('2D SPACE',''
  ) );
#13101 = ORIENTED_EDGE('',*,*,#13102,.T.);
#13102 = EDGE_CURVE('',#13075,#13103,#13105,.T.);
#13103 = VERTEX_POINT('',#13104);
#13104 = CARTESIAN_POINT('',(-110.,70.,67.));
#13105 = SURFACE_CURVE('',#13106,(#13110,#13117),.PCURVE_S1.);
#13106 = LINE('',#13107,#13108);
#13107 = CARTESIAN_POINT('',(-110.,70.,64.));
#13108 = VECTOR('',#13109,1.);
#13109 = DIRECTION('',(0.,0.,1.));
#13110 = PCURVE('',#13050,#13111);
#13111 = DEFINITIONAL_REPRESENTATION('',(#13112),#13116);
#13112 = LINE('',#13113,#13114);
#13113 = CARTESIAN_POINT('',(0.,-140.));
#13114 = VECTOR('',#13115,1.);
#13115 = DIRECTION('',(1.,0.));
#13116 = ( GEOMETRIC_REPRESENTATION_CONTEXT(2) 
PARAMETRIC_REPRESENTATION_CONTEXT() REPRESENTATION_CONTEXT('2D SPACE',''
  ) );
#13117 = PCURVE('',#13118,#13123);
#13118 = PLANE('',#13119);
#13119 = AXIS2_PLACEMENT_3D('',#13120,#13121,#13122);
#13120 = CARTESIAN_POINT('',(-110.,70.,64.));
#13121 = DIRECTION('',(-0.,1.,0.));
#13122 = DIRECTION('',(0.,0.,1.));
#13123 = DEFINITIONAL_REPRESENTATION('',(#13124),#13128);
#13124 = LINE('',#13125,#13126);
#13125 = CARTESIAN_POINT('',(0.,0.));
#13126 = VECTOR('',#13127,1.);
#13127 = DIRECTION('',(1.,0.));
#13128 = ( GEOMETRIC_REPRESENTATION_CONTEXT(2) 
PARAMETRIC_REPRESENTATION_CONTEXT() REPRESENTATION_CONTEXT('2D SPACE',''
  ) );
#13129 = ORIENTED_EDGE('',*,*,#13130,.F.);
#13130 = EDGE_CURVE('',#13042,#13103,#13131,.T.);
#13131 = SURFACE_CURVE('',#13132,(#13136,#13143),.PCURVE_S1.);
#13132 = LINE('',#13133,#13134);
#13133 = CARTESIAN_POINT('',(-110.,-70.,67.));
#13134 = VECTOR('',#13135,1.);
#13135 = DIRECTION('',(-0.,1.,0.));
#13136 = PCURVE('',#13050,#13137);
#13137 = DEFINITIONAL_REPRESENTATION('',(#13138),#13142);
#13138 = LINE('',#13139,#13140);
#13139 = CARTESIAN_POINT('',(3.,0.));
#13140 = VECTOR('',#13141,1.);
#13141 = DIRECTION('',(0.,-1.));
#13142 = ( GEOMETRIC_REPRESENTATION_CONTEXT(2) 
PARAMETRIC_REPRESENTATION_CONTEXT() REPRESENTATION_CONTEXT('2D SPACE',''
  ) );
#13143 = PCURVE('',#13144,#13149);
#13144 = PLANE('',#13145);
#13145 = AXIS2_PLACEMENT_3D('',#13146,#13147,#13148);
#13146 = CARTESIAN_POINT('',(-110.,-70.,67.));
#13147 = DIRECTION('',(0.,0.,1.));
#13148 = DIRECTION('',(1.,0.,-0.));
#13149 = DEFINITIONAL_REPRESENTATION('',(#13150),#13154);
#13150 = LINE('',#13151,#13152);
#13151 = CARTESIAN_POINT('',(0.,0.));
#13152 = VECTOR('',#13153,1.);
#13153 = DIRECTION('',(0.,1.));
#13154 = ( GEOMETRIC_REPRESENTATION_CONTEXT(2) 
PARAMETRIC_REPRESENTATION_CONTEXT() REPRESENTATION_CONTEXT('2D SPACE',''
  ) );
#13155 = ADVANCED_FACE('',(#13156),#13062,.F.);
#13156 = FACE_BOUND('',#13157,.F.);
#13157 = EDGE_LOOP('',(#13158,#13181,#13182,#13205));
#13158 = ORIENTED_EDGE('',*,*,#13159,.F.);
#13159 = EDGE_CURVE('',#13040,#13160,#13162,.T.);
#13160 = VERTEX_POINT('',#13161);
#13161 = CARTESIAN_POINT('',(110.,-70.,64.));
#13162 = SURFACE_CURVE('',#13163,(#13167,#13174),.PCURVE_S1.);
#13163 = LINE('',#13164,#13165);
#13164 = CARTESIAN_POINT('',(-110.,-70.,64.));
#13165 = VECTOR('',#13166,1.);
#13166 = DIRECTION('',(1.,0.,-0.));
#13167 = PCURVE('',#13062,#13168);
#13168 = DEFINITIONAL_REPRESENTATION('',(#13169),#13173);
#13169 = LINE('',#13170,#13171);
#13170 = CARTESIAN_POINT('',(0.,0.));
#13171 = VECTOR('',#13172,1.);
#13172 = DIRECTION('',(0.,1.));
#13173 = ( GEOMETRIC_REPRESENTATION_CONTEXT(2) 
PARAMETRIC_REPRESENTATION_CONTEXT() REPRESENTATION_CONTEXT('2D SPACE',''
  ) );
#13174 = PCURVE('',#13090,#13175);
#13175 = DEFINITIONAL_REPRESENTATION('',(#13176),#13180);
#13176 = LINE('',#13177,#13178);
#13177 = CARTESIAN_POINT('',(0.,0.));
#13178 = VECTOR('',#13179,1.);
#13179 = DIRECTION('',(1.,0.));
#13180 = ( GEOMETRIC_REPRESENTATION_CONTEXT(2) 
PARAMETRIC_REPRESENTATION_CONTEXT() REPRESENTATION_CONTEXT('2D SPACE',''
  ) );
#13181 = ORIENTED_EDGE('',*,*,#13039,.T.);
#13182 = ORIENTED_EDGE('',*,*,#13183,.T.);
#13183 = EDGE_CURVE('',#13042,#13184,#13186,.T.);
#13184 = VERTEX_POINT('',#13185);
#13185 = CARTESIAN_POINT('',(110.,-70.,67.));
#13186 = SURFACE_CURVE('',#13187,(#13191,#13198),.PCURVE_S1.);
#13187 = LINE('',#13188,#13189);
#13188 = CARTESIAN_POINT('',(-110.,-70.,67.));
#13189 = VECTOR('',#13190,1.);
#13190 = DIRECTION('',(1.,0.,-0.));
#13191 = PCURVE('',#13062,#13192);
#13192 = DEFINITIONAL_REPRESENTATION('',(#13193),#13197);
#13193 = LINE('',#13194,#13195);
#13194 = CARTESIAN_POINT('',(3.,0.));
#13195 = VECTOR('',#13196,1.);
#13196 = DIRECTION('',(0.,1.));
#13197 = ( GEOMETRIC_REPRESENTATION_CONTEXT(2) 
PARAMETRIC_REPRESENTATION_CONTEXT() REPRESENTATION_CONTEXT('2D SPACE',''
  ) );
#13198 = PCURVE('',#13144,#13199);
#13199 = DEFINITIONAL_REPRESENTATION('',(#13200),#13204);
#13200 = LINE('',#13201,#13202);
#13201 = CARTESIAN_POINT('',(0.,0.));
#13202 = VECTOR('',#13203,1.);
#13203 = DIRECTION('',(1.,0.));
#13204 = ( GEOMETRIC_REPRESENTATION_CONTEXT(2) 
PARAMETRIC_REPRESENTATION_CONTEXT() REPRESENTATION_CONTEXT('2D SPACE',''
  ) );
#13205 = ORIENTED_EDGE('',*,*,#13206,.F.);
#13206 = EDGE_CURVE('',#13160,#13184,#13207,.T.);
#13207 = SURFACE_CURVE('',#13208,(#13212,#13219),.PCURVE_S1.);
#13208 = LINE('',#13209,#13210);
#13209 = CARTESIAN_POINT('',(110.,-70.,64.));
#13210 = VECTOR('',#13211,1.);
#13211 = DIRECTION('',(0.,0.,1.));
#13212 = PCURVE('',#13062,#13213);
#13213 = DEFINITIONAL_REPRESENTATION('',(#13214),#13218);
#13214 = LINE('',#13215,#13216);
#13215 = CARTESIAN_POINT('',(0.,220.));
#13216 = VECTOR('',#13217,1.);
#13217 = DIRECTION('',(1.,0.));
#13218 = ( GEOMETRIC_REPRESENTATION_CONTEXT(2) 
PARAMETRIC_REPRESENTATION_CONTEXT() REPRESENTATION_CONTEXT('2D SPACE',''
  ) );
#13219 = PCURVE('',#13220,#13225);
#13220 = PLANE('',#13221);
#13221 = AXIS2_PLACEMENT_3D('',#13222,#13223,#13224);
#13222 = CARTESIAN_POINT('',(110.,-70.,64.));
#13223 = DIRECTION('',(1.,0.,-0.));
#13224 = DIRECTION('',(0.,0.,1.));
#13225 = DEFINITIONAL_REPRESENTATION('',(#13226),#13230);
#13226 = LINE('',#13227,#13228);
#13227 = CARTESIAN_POINT('',(0.,0.));
#13228 = VECTOR('',#13229,1.);
#13229 = DIRECTION('',(1.,0.));
#13230 = ( GEOMETRIC_REPRESENTATION_CONTEXT(2) 
PARAMETRIC_REPRESENTATION_CONTEXT() REPRESENTATION_CONTEXT('2D SPACE',''
  ) );
#13231 = ADVANCED_FACE('',(#13232,#13280,#13311,#13342,#13373),#13144,
  .T.);
#13232 = FACE_BOUND('',#13233,.T.);
#13233 = EDGE_LOOP('',(#13234,#13235,#13236,#13259));
#13234 = ORIENTED_EDGE('',*,*,#13130,.F.);
#13235 = ORIENTED_EDGE('',*,*,#13183,.T.);
#13236 = ORIENTED_EDGE('',*,*,#13237,.T.);
#13237 = EDGE_CURVE('',#13184,#13238,#13240,.T.);
#13238 = VERTEX_POINT('',#13239);
#13239 = CARTESIAN_POINT('',(110.,70.,67.));
#13240 = SURFACE_CURVE('',#13241,(#13245,#13252),.PCURVE_S1.);
#13241 = LINE('',#13242,#13243);
#13242 = CARTESIAN_POINT('',(110.,-70.,67.));
#13243 = VECTOR('',#13244,1.);
#13244 = DIRECTION('',(-0.,1.,0.));
#13245 = PCURVE('',#13144,#13246);
#13246 = DEFINITIONAL_REPRESENTATION('',(#13247),#13251);
#13247 = LINE('',#13248,#13249);
#13248 = CARTESIAN_POINT('',(220.,0.));
#13249 = VECTOR('',#13250,1.);
#13250 = DIRECTION('',(0.,1.));
#13251 = ( GEOMETRIC_REPRESENTATION_CONTEXT(2) 
PARAMETRIC_REPRESENTATION_CONTEXT() REPRESENTATION_CONTEXT('2D SPACE',''
  ) );
#13252 = PCURVE('',#13220,#13253);
#13253 = DEFINITIONAL_REPRESENTATION('',(#13254),#13258);
#13254 = LINE('',#13255,#13256);
#13255 = CARTESIAN_POINT('',(3.,0.));
#13256 = VECTOR('',#13257,1.);
#13257 = DIRECTION('',(0.,-1.));
#13258 = ( GEOMETRIC_REPRESENTATION_CONTEXT(2) 
PARAMETRIC_REPRESENTATION_CONTEXT() REPRESENTATION_CONTEXT('2D SPACE',''
  ) );
#13259 = ORIENTED_EDGE('',*,*,#13260,.F.);
#13260 = EDGE_CURVE('',#13103,#13238,#13261,.T.);
#13261 = SURFACE_CURVE('',#13262,(#13266,#13273),.PCURVE_S1.);
#13262 = LINE('',#13263,#13264);
#13263 = CARTESIAN_POINT('',(-110.,70.,67.));
#13264 = VECTOR('',#13265,1.);
#13265 = DIRECTION('',(1.,0.,-0.));
#13266 = PCURVE('',#13144,#13267);
#13267 = DEFINITIONAL_REPRESENTATION('',(#13268),#13272);
#13268 = LINE('',#13269,#13270);
#13269 = CARTESIAN_POINT('',(0.,140.));
#13270 = VECTOR('',#13271,1.);
#13271 = DIRECTION('',(1.,0.));
#13272 = ( GEOMETRIC_REPRESENTATION_CONTEXT(2) 
PARAMETRIC_REPRESENTATION_CONTEXT() REPRESENTATION_CONTEXT('2D SPACE',''
  ) );
#13273 = PCURVE('',#13118,#13274);
#13274 = DEFINITIONAL_REPRESENTATION('',(#13275),#13279);
#13275 = LINE('',#13276,#13277);
#13276 = CARTESIAN_POINT('',(3.,0.));
#13277 = VECTOR('',#13278,1.);
#13278 = DIRECTION('',(0.,1.));
#13279 = ( GEOMETRIC_REPRESENTATION_CONTEXT(2) 
PARAMETRIC_REPRESENTATION_CONTEXT() REPRESENTATION_CONTEXT('2D SPACE',''
  ) );
#13280 = FACE_BOUND('',#13281,.T.);
#13281 = EDGE_LOOP('',(#13282));
#13282 = ORIENTED_EDGE('',*,*,#13283,.F.);
#13283 = EDGE_CURVE('',#13284,#13284,#13286,.T.);
#13284 = VERTEX_POINT('',#13285);
#13285 = CARTESIAN_POINT('',(-100.25,-62.5,67.));
#13286 = SURFACE_CURVE('',#13287,(#13292,#13299),.PCURVE_S1.);
#13287 = CIRCLE('',#13288,2.25);
#13288 = AXIS2_PLACEMENT_3D('',#13289,#13290,#13291);
#13289 = CARTESIAN_POINT('',(-102.5,-62.5,67.));
#13290 = DIRECTION('',(0.,0.,1.));
#13291 = DIRECTION('',(1.,0.,-0.));
#13292 = PCURVE('',#13144,#13293);
#13293 = DEFINITIONAL_REPRESENTATION('',(#13294),#13298);
#13294 = CIRCLE('',#13295,2.25);
#13295 = AXIS2_PLACEMENT_2D('',#13296,#13297);
#13296 = CARTESIAN_POINT('',(7.5,7.5));
#13297 = DIRECTION('',(1.,0.));
#13298 = ( GEOMETRIC_REPRESENTATION_CONTEXT(2) 
PARAMETRIC_REPRESENTATION_CONTEXT() REPRESENTATION_CONTEXT('2D SPACE',''
  ) );
#13299 = PCURVE('',#13300,#13305);
#13300 = CYLINDRICAL_SURFACE('',#13301,2.25);
#13301 = AXIS2_PLACEMENT_3D('',#13302,#13303,#13304);
#13302 = CARTESIAN_POINT('',(-102.5,-62.5,63.));
#13303 = DIRECTION('',(0.,0.,1.));
#13304 = DIRECTION('',(1.,0.,-0.));
#13305 = DEFINITIONAL_REPRESENTATION('',(#13306),#13310);
#13306 = LINE('',#13307,#13308);
#13307 = CARTESIAN_POINT('',(0.,4.));
#13308 = VECTOR('',#13309,1.);
#13309 = DIRECTION('',(1.,0.));
#13310 = ( GEOMETRIC_REPRESENTATION_CONTEXT(2) 
PARAMETRIC_REPRESENTATION_CONTEXT() REPRESENTATION_CONTEXT('2D SPACE',''
  ) );
#13311 = FACE_BOUND('',#13312,.T.);
#13312 = EDGE_LOOP('',(#13313));
#13313 = ORIENTED_EDGE('',*,*,#13314,.F.);
#13314 = EDGE_CURVE('',#13315,#13315,#13317,.T.);
#13315 = VERTEX_POINT('',#13316);
#13316 = CARTESIAN_POINT('',(104.75,-62.5,67.));
#13317 = SURFACE_CURVE('',#13318,(#13323,#13330),.PCURVE_S1.);
#13318 = CIRCLE('',#13319,2.25);
#13319 = AXIS2_PLACEMENT_3D('',#13320,#13321,#13322);
#13320 = CARTESIAN_POINT('',(102.5,-62.5,67.));
#13321 = DIRECTION('',(0.,0.,1.));
#13322 = DIRECTION('',(1.,0.,-0.));
#13323 = PCURVE('',#13144,#13324);
#13324 = DEFINITIONAL_REPRESENTATION('',(#13325),#13329);
#13325 = CIRCLE('',#13326,2.25);
#13326 = AXIS2_PLACEMENT_2D('',#13327,#13328);
#13327 = CARTESIAN_POINT('',(212.5,7.5));
#13328 = DIRECTION('',(1.,0.));
#13329 = ( GEOMETRIC_REPRESENTATION_CONTEXT(2) 
PARAMETRIC_REPRESENTATION_CONTEXT() REPRESENTATION_CONTEXT('2D SPACE',''
  ) );
#13330 = PCURVE('',#13331,#13336);
#13331 = CYLINDRICAL_SURFACE('',#13332,2.25);
#13332 = AXIS2_PLACEMENT_3D('',#13333,#13334,#13335);
#13333 = CARTESIAN_POINT('',(102.5,-62.5,63.));
#13334 = DIRECTION('',(0.,0.,1.));
#13335 = DIRECTION('',(1.,0.,-0.));
#13336 = DEFINITIONAL_REPRESENTATION('',(#13337),#13341);
#13337 = LINE('',#13338,#13339);
#13338 = CARTESIAN_POINT('',(0.,4.));
#13339 = VECTOR('',#13340,1.);
#13340 = DIRECTION('',(1.,0.));
#13341 = ( GEOMETRIC_REPRESENTATION_CONTEXT(2) 
PARAMETRIC_REPRESENTATION_CONTEXT() REPRESENTATION_CONTEXT('2D SPACE',''
  ) );
#13342 = FACE_BOUND('',#13343,.T.);
#13343 = EDGE_LOOP('',(#13344));
#13344 = ORIENTED_EDGE('',*,*,#13345,.F.);
#13345 = EDGE_CURVE('',#13346,#13346,#13348,.T.);
#13346 = VERTEX_POINT('',#13347);
#13347 = CARTESIAN_POINT('',(-100.25,62.5,67.));
#13348 = SURFACE_CURVE('',#13349,(#13354,#13361),.PCURVE_S1.);
#13349 = CIRCLE('',#13350,2.25);
#13350 = AXIS2_PLACEMENT_3D('',#13351,#13352,#13353);
#13351 = CARTESIAN_POINT('',(-102.5,62.5,67.));
#13352 = DIRECTION('',(0.,0.,1.));
#13353 = DIRECTION('',(1.,0.,-0.));
#13354 = PCURVE('',#13144,#13355);
#13355 = DEFINITIONAL_REPRESENTATION('',(#13356),#13360);
#13356 = CIRCLE('',#13357,2.25);
#13357 = AXIS2_PLACEMENT_2D('',#13358,#13359);
#13358 = CARTESIAN_POINT('',(7.5,132.5));
#13359 = DIRECTION('',(1.,0.));
#13360 = ( GEOMETRIC_REPRESENTATION_CONTEXT(2) 
PARAMETRIC_REPRESENTATION_CONTEXT() REPRESENTATION_CONTEXT('2D SPACE',''
  ) );
#13361 = PCURVE('',#13362,#13367);
#13362 = CYLINDRICAL_SURFACE('',#13363,2.25);
#13363 = AXIS2_PLACEMENT_3D('',#13364,#13365,#13366);
#13364 = CARTESIAN_POINT('',(-102.5,62.5,63.));
#13365 = DIRECTION('',(0.,0.,1.));
#13366 = DIRECTION('',(1.,0.,-0.));
#13367 = DEFINITIONAL_REPRESENTATION('',(#13368),#13372);
#13368 = LINE('',#13369,#13370);
#13369 = CARTESIAN_POINT('',(0.,4.));
#13370 = VECTOR('',#13371,1.);
#13371 = DIRECTION('',(1.,0.));
#13372 = ( GEOMETRIC_REPRESENTATION_CONTEXT(2) 
PARAMETRIC_REPRESENTATION_CONTEXT() REPRESENTATION_CONTEXT('2D SPACE',''
  ) );
#13373 = FACE_BOUND('',#13374,.T.);
#13374 = EDGE_LOOP('',(#13375));
#13375 = ORIENTED_EDGE('',*,*,#13376,.F.);
#13376 = EDGE_CURVE('',#13377,#13377,#13379,.T.);
#13377 = VERTEX_POINT('',#13378);
#13378 = CARTESIAN_POINT('',(104.75,62.5,67.));
#13379 = SURFACE_CURVE('',#13380,(#13385,#13392),.PCURVE_S1.);
#13380 = CIRCLE('',#13381,2.25);
#13381 = AXIS2_PLACEMENT_3D('',#13382,#13383,#13384);
#13382 = CARTESIAN_POINT('',(102.5,62.5,67.));
#13383 = DIRECTION('',(0.,0.,1.));
#13384 = DIRECTION('',(1.,0.,-0.));
#13385 = PCURVE('',#13144,#13386);
#13386 = DEFINITIONAL_REPRESENTATION('',(#13387),#13391);
#13387 = CIRCLE('',#13388,2.25);
#13388 = AXIS2_PLACEMENT_2D('',#13389,#13390);
#13389 = CARTESIAN_POINT('',(212.5,132.5));
#13390 = DIRECTION('',(1.,0.));
#13391 = ( GEOMETRIC_REPRESENTATION_CONTEXT(2) 
PARAMETRIC_REPRESENTATION_CONTEXT() REPRESENTATION_CONTEXT('2D SPACE',''
  ) );
#13392 = PCURVE('',#13393,#13398);
#13393 = CYLINDRICAL_SURFACE('',#13394,2.25);
#13394 = AXIS2_PLACEMENT_3D('',#13395,#13396,#13397);
#13395 = CARTESIAN_POINT('',(102.5,62.5,63.));
#13396 = DIRECTION('',(0.,0.,1.));
#13397 = DIRECTION('',(1.,0.,-0.));
#13398 = DEFINITIONAL_REPRESENTATION('',(#13399),#13403);
#13399 = LINE('',#13400,#13401);
#13400 = CARTESIAN_POINT('',(0.,4.));
#13401 = VECTOR('',#13402,1.);
#13402 = DIRECTION('',(1.,0.));
#13403 = ( GEOMETRIC_REPRESENTATION_CONTEXT(2) 
PARAMETRIC_REPRESENTATION_CONTEXT() REPRESENTATION_CONTEXT('2D SPACE',''
  ) );
#13404 = ADVANCED_FACE('',(#13405),#13118,.T.);
#13405 = FACE_BOUND('',#13406,.T.);
#13406 = EDGE_LOOP('',(#13407,#13430,#13431,#13432));
#13407 = ORIENTED_EDGE('',*,*,#13408,.F.);
#13408 = EDGE_CURVE('',#13075,#13409,#13411,.T.);
#13409 = VERTEX_POINT('',#13410);
#13410 = CARTESIAN_POINT('',(110.,70.,64.));
#13411 = SURFACE_CURVE('',#13412,(#13416,#13423),.PCURVE_S1.);
#13412 = LINE('',#13413,#13414);
#13413 = CARTESIAN_POINT('',(-110.,70.,64.));
#13414 = VECTOR('',#13415,1.);
#13415 = DIRECTION('',(1.,0.,-0.));
#13416 = PCURVE('',#13118,#13417);
#13417 = DEFINITIONAL_REPRESENTATION('',(#13418),#13422);
#13418 = LINE('',#13419,#13420);
#13419 = CARTESIAN_POINT('',(0.,0.));
#13420 = VECTOR('',#13421,1.);
#13421 = DIRECTION('',(0.,1.));
#13422 = ( GEOMETRIC_REPRESENTATION_CONTEXT(2) 
PARAMETRIC_REPRESENTATION_CONTEXT() REPRESENTATION_CONTEXT('2D SPACE',''
  ) );
#13423 = PCURVE('',#13090,#13424);
#13424 = DEFINITIONAL_REPRESENTATION('',(#13425),#13429);
#13425 = LINE('',#13426,#13427);
#13426 = CARTESIAN_POINT('',(0.,140.));
#13427 = VECTOR('',#13428,1.);
#13428 = DIRECTION('',(1.,0.));
#13429 = ( GEOMETRIC_REPRESENTATION_CONTEXT(2) 
PARAMETRIC_REPRESENTATION_CONTEXT() REPRESENTATION_CONTEXT('2D SPACE',''
  ) );
#13430 = ORIENTED_EDGE('',*,*,#13102,.T.);
#13431 = ORIENTED_EDGE('',*,*,#13260,.T.);
#13432 = ORIENTED_EDGE('',*,*,#13433,.F.);
#13433 = EDGE_CURVE('',#13409,#13238,#13434,.T.);
#13434 = SURFACE_CURVE('',#13435,(#13439,#13446),.PCURVE_S1.);
#13435 = LINE('',#13436,#13437);
#13436 = CARTESIAN_POINT('',(110.,70.,64.));
#13437 = VECTOR('',#13438,1.);
#13438 = DIRECTION('',(0.,0.,1.));
#13439 = PCURVE('',#13118,#13440);
#13440 = DEFINITIONAL_REPRESENTATION('',(#13441),#13445);
#13441 = LINE('',#13442,#13443);
#13442 = CARTESIAN_POINT('',(0.,220.));
#13443 = VECTOR('',#13444,1.);
#13444 = DIRECTION('',(1.,0.));
#13445 = ( GEOMETRIC_REPRESENTATION_CONTEXT(2) 
PARAMETRIC_REPRESENTATION_CONTEXT() REPRESENTATION_CONTEXT('2D SPACE',''
  ) );
#13446 = PCURVE('',#13220,#13447);
#13447 = DEFINITIONAL_REPRESENTATION('',(#13448),#13452);
#13448 = LINE('',#13449,#13450);
#13449 = CARTESIAN_POINT('',(0.,-140.));
#13450 = VECTOR('',#13451,1.);
#13451 = DIRECTION('',(1.,0.));
#13452 = ( GEOMETRIC_REPRESENTATION_CONTEXT(2) 
PARAMETRIC_REPRESENTATION_CONTEXT() REPRESENTATION_CONTEXT('2D SPACE',''
  ) );
#13453 = ADVANCED_FACE('',(#13454,#13480,#13506,#13532,#13558),#13090,
  .F.);
#13454 = FACE_BOUND('',#13455,.F.);
#13455 = EDGE_LOOP('',(#13456,#13457,#13458,#13479));
#13456 = ORIENTED_EDGE('',*,*,#13074,.F.);
#13457 = ORIENTED_EDGE('',*,*,#13159,.T.);
#13458 = ORIENTED_EDGE('',*,*,#13459,.T.);
#13459 = EDGE_CURVE('',#13160,#13409,#13460,.T.);
#13460 = SURFACE_CURVE('',#13461,(#13465,#13472),.PCURVE_S1.);
#13461 = LINE('',#13462,#13463);
#13462 = CARTESIAN_POINT('',(110.,-70.,64.));
#13463 = VECTOR('',#13464,1.);
#13464 = DIRECTION('',(-0.,1.,0.));
#13465 = PCURVE('',#13090,#13466);
#13466 = DEFINITIONAL_REPRESENTATION('',(#13467),#13471);
#13467 = LINE('',#13468,#13469);
#13468 = CARTESIAN_POINT('',(220.,0.));
#13469 = VECTOR('',#13470,1.);
#13470 = DIRECTION('',(0.,1.));
#13471 = ( GEOMETRIC_REPRESENTATION_CONTEXT(2) 
PARAMETRIC_REPRESENTATION_CONTEXT() REPRESENTATION_CONTEXT('2D SPACE',''
  ) );
#13472 = PCURVE('',#13220,#13473);
#13473 = DEFINITIONAL_REPRESENTATION('',(#13474),#13478);
#13474 = LINE('',#13475,#13476);
#13475 = CARTESIAN_POINT('',(0.,0.));
#13476 = VECTOR('',#13477,1.);
#13477 = DIRECTION('',(0.,-1.));
#13478 = ( GEOMETRIC_REPRESENTATION_CONTEXT(2) 
PARAMETRIC_REPRESENTATION_CONTEXT() REPRESENTATION_CONTEXT('2D SPACE',''
  ) );
#13479 = ORIENTED_EDGE('',*,*,#13408,.F.);
#13480 = FACE_BOUND('',#13481,.F.);
#13481 = EDGE_LOOP('',(#13482));
#13482 = ORIENTED_EDGE('',*,*,#13483,.F.);
#13483 = EDGE_CURVE('',#13484,#13484,#13486,.T.);
#13484 = VERTEX_POINT('',#13485);
#13485 = CARTESIAN_POINT('',(-100.25,-62.5,64.));
#13486 = SURFACE_CURVE('',#13487,(#13492,#13499),.PCURVE_S1.);
#13487 = CIRCLE('',#13488,2.25);
#13488 = AXIS2_PLACEMENT_3D('',#13489,#13490,#13491);
#13489 = CARTESIAN_POINT('',(-102.5,-62.5,64.));
#13490 = DIRECTION('',(0.,0.,1.));
#13491 = DIRECTION('',(1.,0.,-0.));
#13492 = PCURVE('',#13090,#13493);
#13493 = DEFINITIONAL_REPRESENTATION('',(#13494),#13498);
#13494 = CIRCLE('',#13495,2.25);
#13495 = AXIS2_PLACEMENT_2D('',#13496,#13497);
#13496 = CARTESIAN_POINT('',(7.5,7.5));
#13497 = DIRECTION('',(1.,0.));
#13498 = ( GEOMETRIC_REPRESENTATION_CONTEXT(2) 
PARAMETRIC_REPRESENTATION_CONTEXT() REPRESENTATION_CONTEXT('2D SPACE',''
  ) );
#13499 = PCURVE('',#13300,#13500);
#13500 = DEFINITIONAL_REPRESENTATION('',(#13501),#13505);
#13501 = LINE('',#13502,#13503);
#13502 = CARTESIAN_POINT('',(0.,1.));
#13503 = VECTOR('',#13504,1.);
#13504 = DIRECTION('',(1.,0.));
#13505 = ( GEOMETRIC_REPRESENTATION_CONTEXT(2) 
PARAMETRIC_REPRESENTATION_CONTEXT() REPRESENTATION_CONTEXT('2D SPACE',''
  ) );
#13506 = FACE_BOUND('',#13507,.F.);
#13507 = EDGE_LOOP('',(#13508));
#13508 = ORIENTED_EDGE('',*,*,#13509,.F.);
#13509 = EDGE_CURVE('',#13510,#13510,#13512,.T.);
#13510 = VERTEX_POINT('',#13511);
#13511 = CARTESIAN_POINT('',(104.75,-62.5,64.));
#13512 = SURFACE_CURVE('',#13513,(#13518,#13525),.PCURVE_S1.);
#13513 = CIRCLE('',#13514,2.25);
#13514 = AXIS2_PLACEMENT_3D('',#13515,#13516,#13517);
#13515 = CARTESIAN_POINT('',(102.5,-62.5,64.));
#13516 = DIRECTION('',(0.,0.,1.));
#13517 = DIRECTION('',(1.,0.,-0.));
#13518 = PCURVE('',#13090,#13519);
#13519 = DEFINITIONAL_REPRESENTATION('',(#13520),#13524);
#13520 = CIRCLE('',#13521,2.25);
#13521 = AXIS2_PLACEMENT_2D('',#13522,#13523);
#13522 = CARTESIAN_POINT('',(212.5,7.5));
#13523 = DIRECTION('',(1.,0.));
#13524 = ( GEOMETRIC_REPRESENTATION_CONTEXT(2) 
PARAMETRIC_REPRESENTATION_CONTEXT() REPRESENTATION_CONTEXT('2D SPACE',''
  ) );
#13525 = PCURVE('',#13331,#13526);
#13526 = DEFINITIONAL_REPRESENTATION('',(#13527),#13531);
#13527 = LINE('',#13528,#13529);
#13528 = CARTESIAN_POINT('',(0.,1.));
#13529 = VECTOR('',#13530,1.);
#13530 = DIRECTION('',(1.,0.));
#13531 = ( GEOMETRIC_REPRESENTATION_CONTEXT(2) 
PARAMETRIC_REPRESENTATION_CONTEXT() REPRESENTATION_CONTEXT('2D SPACE',''
  ) );
#13532 = FACE_BOUND('',#13533,.F.);
#13533 = EDGE_LOOP('',(#13534));
#13534 = ORIENTED_EDGE('',*,*,#13535,.F.);
#13535 = EDGE_CURVE('',#13536,#13536,#13538,.T.);
#13536 = VERTEX_POINT('',#13537);
#13537 = CARTESIAN_POINT('',(-100.25,62.5,64.));
#13538 = SURFACE_CURVE('',#13539,(#13544,#13551),.PCURVE_S1.);
#13539 = CIRCLE('',#13540,2.25);
#13540 = AXIS2_PLACEMENT_3D('',#13541,#13542,#13543);
#13541 = CARTESIAN_POINT('',(-102.5,62.5,64.));
#13542 = DIRECTION('',(0.,0.,1.));
#13543 = DIRECTION('',(1.,0.,-0.));
#13544 = PCURVE('',#13090,#13545);
#13545 = DEFINITIONAL_REPRESENTATION('',(#13546),#13550);
#13546 = CIRCLE('',#13547,2.25);
#13547 = AXIS2_PLACEMENT_2D('',#13548,#13549);
#13548 = CARTESIAN_POINT('',(7.5,132.5));
#13549 = DIRECTION('',(1.,0.));
#13550 = ( GEOMETRIC_REPRESENTATION_CONTEXT(2) 
PARAMETRIC_REPRESENTATION_CONTEXT() REPRESENTATION_CONTEXT('2D SPACE',''
  ) );
#13551 = PCURVE('',#13362,#13552);
#13552 = DEFINITIONAL_REPRESENTATION('',(#13553),#13557);
#13553 = LINE('',#13554,#13555);
#13554 = CARTESIAN_POINT('',(0.,1.));
#13555 = VECTOR('',#13556,1.);
#13556 = DIRECTION('',(1.,0.));
#13557 = ( GEOMETRIC_REPRESENTATION_CONTEXT(2) 
PARAMETRIC_REPRESENTATION_CONTEXT() REPRESENTATION_CONTEXT('2D SPACE',''
  ) );
#13558 = FACE_BOUND('',#13559,.F.);
#13559 = EDGE_LOOP('',(#13560));
#13560 = ORIENTED_EDGE('',*,*,#13561,.F.);
#13561 = EDGE_CURVE('',#13562,#13562,#13564,.T.);
#13562 = VERTEX_POINT('',#13563);
#13563 = CARTESIAN_POINT('',(104.75,62.5,64.));
#13564 = SURFACE_CURVE('',#13565,(#13570,#13577),.PCURVE_S1.);
#13565 = CIRCLE('',#13566,2.25);
#13566 = AXIS2_PLACEMENT_3D('',#13567,#13568,#13569);
#13567 = CARTESIAN_POINT('',(102.5,62.5,64.));
#13568 = DIRECTION('',(0.,0.,1.));
#13569 = DIRECTION('',(1.,0.,-0.));
#13570 = PCURVE('',#13090,#13571);
#13571 = DEFINITIONAL_REPRESENTATION('',(#13572),#13576);
#13572 = CIRCLE('',#13573,2.25);
#13573 = AXIS2_PLACEMENT_2D('',#13574,#13575);
#13574 = CARTESIAN_POINT('',(212.5,132.5));
#13575 = DIRECTION('',(1.,0.));
#13576 = ( GEOMETRIC_REPRESENTATION_CONTEXT(2) 
PARAMETRIC_REPRESENTATION_CONTEXT() REPRESENTATION_CONTEXT('2D SPACE',''
  ) );
#13577 = PCURVE('',#13393,#13578);
#13578 = DEFINITIONAL_REPRESENTATION('',(#13579),#13583);
#13579 = LINE('',#13580,#13581);
#13580 = CARTESIAN_POINT('',(0.,1.));
#13581 = VECTOR('',#13582,1.);
#13582 = DIRECTION('',(1.,0.));
#13583 = ( GEOMETRIC_REPRESENTATION_CONTEXT(2) 
PARAMETRIC_REPRESENTATION_CONTEXT() REPRESENTATION_CONTEXT('2D SPACE',''
  ) );
#13584 = ADVANCED_FACE('',(#13585),#13220,.T.);
#13585 = FACE_BOUND('',#13586,.T.);
#13586 = EDGE_LOOP('',(#13587,#13588,#13589,#13590));
#13587 = ORIENTED_EDGE('',*,*,#13206,.F.);
#13588 = ORIENTED_EDGE('',*,*,#13459,.T.);
#13589 = ORIENTED_EDGE('',*,*,#13433,.T.);
#13590 = ORIENTED_EDGE('',*,*,#13237,.F.);
#13591 = ADVANCED_FACE('',(#13592),#13300,.F.);
#13592 = FACE_BOUND('',#13593,.F.);
#13593 = EDGE_LOOP('',(#13594,#13595,#13616,#13617));
#13594 = ORIENTED_EDGE('',*,*,#13283,.F.);
#13595 = ORIENTED_EDGE('',*,*,#13596,.F.);
#13596 = EDGE_CURVE('',#13484,#13284,#13597,.T.);
#13597 = SEAM_CURVE('',#13598,(#13602,#13609),.PCURVE_S1.);
#13598 = LINE('',#13599,#13600);
#13599 = CARTESIAN_POINT('',(-100.25,-62.5,63.));
#13600 = VECTOR('',#13601,1.);
#13601 = DIRECTION('',(0.,0.,1.));
#13602 = PCURVE('',#13300,#13603);
#13603 = DEFINITIONAL_REPRESENTATION('',(#13604),#13608);
#13604 = LINE('',#13605,#13606);
#13605 = CARTESIAN_POINT('',(6.28318530718,-0.));
#13606 = VECTOR('',#13607,1.);
#13607 = DIRECTION('',(0.,1.));
#13608 = ( GEOMETRIC_REPRESENTATION_CONTEXT(2) 
PARAMETRIC_REPRESENTATION_CONTEXT() REPRESENTATION_CONTEXT('2D SPACE',''
  ) );
#13609 = PCURVE('',#13300,#13610);
#13610 = DEFINITIONAL_REPRESENTATION('',(#13611),#13615);
#13611 = LINE('',#13612,#13613);
#13612 = CARTESIAN_POINT('',(0.,-0.));
#13613 = VECTOR('',#13614,1.);
#13614 = DIRECTION('',(0.,1.));
#13615 = ( GEOMETRIC_REPRESENTATION_CONTEXT(2) 
PARAMETRIC_REPRESENTATION_CONTEXT() REPRESENTATION_CONTEXT('2D SPACE',''
  ) );
#13616 = ORIENTED_EDGE('',*,*,#13483,.T.);
#13617 = ORIENTED_EDGE('',*,*,#13596,.T.);
#13618 = ADVANCED_FACE('',(#13619),#13331,.F.);
#13619 = FACE_BOUND('',#13620,.F.);
#13620 = EDGE_LOOP('',(#13621,#13622,#13643,#13644));
#13621 = ORIENTED_EDGE('',*,*,#13314,.F.);
#13622 = ORIENTED_EDGE('',*,*,#13623,.F.);
#13623 = EDGE_CURVE('',#13510,#13315,#13624,.T.);
#13624 = SEAM_CURVE('',#13625,(#13629,#13636),.PCURVE_S1.);
#13625 = LINE('',#13626,#13627);
#13626 = CARTESIAN_POINT('',(104.75,-62.5,63.));
#13627 = VECTOR('',#13628,1.);
#13628 = DIRECTION('',(0.,0.,1.));
#13629 = PCURVE('',#13331,#13630);
#13630 = DEFINITIONAL_REPRESENTATION('',(#13631),#13635);
#13631 = LINE('',#13632,#13633);
#13632 = CARTESIAN_POINT('',(6.28318530718,-0.));
#13633 = VECTOR('',#13634,1.);
#13634 = DIRECTION('',(0.,1.));
#13635 = ( GEOMETRIC_REPRESENTATION_CONTEXT(2) 
PARAMETRIC_REPRESENTATION_CONTEXT() REPRESENTATION_CONTEXT('2D SPACE',''
  ) );
#13636 = PCURVE('',#13331,#13637);
#13637 = DEFINITIONAL_REPRESENTATION('',(#13638),#13642);
#13638 = LINE('',#13639,#13640);
#13639 = CARTESIAN_POINT('',(0.,-0.));
#13640 = VECTOR('',#13641,1.);
#13641 = DIRECTION('',(0.,1.));
#13642 = ( GEOMETRIC_REPRESENTATION_CONTEXT(2) 
PARAMETRIC_REPRESENTATION_CONTEXT() REPRESENTATION_CONTEXT('2D SPACE',''
  ) );
#13643 = ORIENTED_EDGE('',*,*,#13509,.T.);
#13644 = ORIENTED_EDGE('',*,*,#13623,.T.);
#13645 = ADVANCED_FACE('',(#13646),#13362,.F.);
#13646 = FACE_BOUND('',#13647,.F.);
#13647 = EDGE_LOOP('',(#13648,#13649,#13670,#13671));
#13648 = ORIENTED_EDGE('',*,*,#13345,.F.);
#13649 = ORIENTED_EDGE('',*,*,#13650,.F.);
#13650 = EDGE_CURVE('',#13536,#13346,#13651,.T.);
#13651 = SEAM_CURVE('',#13652,(#13656,#13663),.PCURVE_S1.);
#13652 = LINE('',#13653,#13654);
#13653 = CARTESIAN_POINT('',(-100.25,62.5,63.));
#13654 = VECTOR('',#13655,1.);
#13655 = DIRECTION('',(0.,0.,1.));
#13656 = PCURVE('',#13362,#13657);
#13657 = DEFINITIONAL_REPRESENTATION('',(#13658),#13662);
#13658 = LINE('',#13659,#13660);
#13659 = CARTESIAN_POINT('',(6.28318530718,-0.));
#13660 = VECTOR('',#13661,1.);
#13661 = DIRECTION('',(0.,1.));
#13662 = ( GEOMETRIC_REPRESENTATION_CONTEXT(2) 
PARAMETRIC_REPRESENTATION_CONTEXT() REPRESENTATION_CONTEXT('2D SPACE',''
  ) );
#13663 = PCURVE('',#13362,#13664);
#13664 = DEFINITIONAL_REPRESENTATION('',(#13665),#13669);
#13665 = LINE('',#13666,#13667);
#13666 = CARTESIAN_POINT('',(0.,-0.));
#13667 = VECTOR('',#13668,1.);
#13668 = DIRECTION('',(0.,1.));
#13669 = ( GEOMETRIC_REPRESENTATION_CONTEXT(2) 
PARAMETRIC_REPRESENTATION_CONTEXT() REPRESENTATION_CONTEXT('2D SPACE',''
  ) );
#13670 = ORIENTED_EDGE('',*,*,#13535,.T.);
#13671 = ORIENTED_EDGE('',*,*,#13650,.T.);
#13672 = ADVANCED_FACE('',(#13673),#13393,.F.);
#13673 = FACE_BOUND('',#13674,.F.);
#13674 = EDGE_LOOP('',(#13675,#13676,#13697,#13698));
#13675 = ORIENTED_EDGE('',*,*,#13376,.F.);
#13676 = ORIENTED_EDGE('',*,*,#13677,.F.);
#13677 = EDGE_CURVE('',#13562,#13377,#13678,.T.);
#13678 = SEAM_CURVE('',#13679,(#13683,#13690),.PCURVE_S1.);
#13679 = LINE('',#13680,#13681);
#13680 = CARTESIAN_POINT('',(104.75,62.5,63.));
#13681 = VECTOR('',#13682,1.);
#13682 = DIRECTION('',(0.,0.,1.));
#13683 = PCURVE('',#13393,#13684);
#13684 = DEFINITIONAL_REPRESENTATION('',(#13685),#13689);
#13685 = LINE('',#13686,#13687);
#13686 = CARTESIAN_POINT('',(6.28318530718,-0.));
#13687 = VECTOR('',#13688,1.);
#13688 = DIRECTION('',(0.,1.));
#13689 = ( GEOMETRIC_REPRESENTATION_CONTEXT(2) 
PARAMETRIC_REPRESENTATION_CONTEXT() REPRESENTATION_CONTEXT('2D SPACE',''
  ) );
#13690 = PCURVE('',#13393,#13691);
#13691 = DEFINITIONAL_REPRESENTATION('',(#13692),#13696);
#13692 = LINE('',#13693,#13694);
#13693 = CARTESIAN_POINT('',(0.,-0.));
#13694 = VECTOR('',#13695,1.);
#13695 = DIRECTION('',(0.,1.));
#13696 = ( GEOMETRIC_REPRESENTATION_CONTEXT(2) 
PARAMETRIC_REPRESENTATION_CONTEXT() REPRESENTATION_CONTEXT('2D SPACE',''
  ) );
#13697 = ORIENTED_EDGE('',*,*,#13561,.T.);
#13698 = ORIENTED_EDGE('',*,*,#13677,.T.);
#13699 = ( GEOMETRIC_REPRESENTATION_CONTEXT(3) 
GLOBAL_UNCERTAINTY_ASSIGNED_CONTEXT((#13703)) 
GLOBAL_UNIT_ASSIGNED_CONTEXT((#13700,#13701,#13702)) 
REPRESENTATION_CONTEXT('Context #1',
  '3D Context with UNIT and UNCERTAINTY') );
#13700 = ( LENGTH_UNIT() NAMED_UNIT(*) SI_UNIT(.MILLI.,.METRE.) );
#13701 = ( NAMED_UNIT(*) PLANE_ANGLE_UNIT() SI_UNIT($,.RADIAN.) );
#13702 = ( NAMED_UNIT(*) SI_UNIT($,.STERADIAN.) SOLID_ANGLE_UNIT() );
#13703 = UNCERTAINTY_MEASURE_WITH_UNIT(LENGTH_MEASURE(1.E-07),#13700,
  'distance_accuracy_value','confusion accuracy');
#13704 = PRODUCT_RELATED_PRODUCT_CATEGORY('part',$,(#7));
ENDSEC;
END-ISO-10303-21;
